id,name,provenance_url,last_modified,last_modified_raw,status,error
dc/base/CaliforniaSchoolPerformance,CaliforniaSchoolPerformance,https://caaspp-elpac.ets.org/elpac/,,NOT_FOUND,NO_TIMESTAMP,
dc/base/MSTEP_3-8Grades,MSTEP_3-8Grades,https://www.mischooldata.org,2026-02-04,2026-02-04,SUCCESS,
dc/base/crdc_instructional_wifi_devices,crdc_instructional_wifi_devices,https://civilrightsdata.ed.gov/data,2024-09-29 17:01:20,2024-09-29 17:01:20,SUCCESS,
dc/base/Brazil_SIDRA_IBGE,Brazil_SIDRA_IBGE,https://sidra.ibge.gov.br/home/pnadct,2024-06-13,2024-06-13,SUCCESS,
dc/base/INPE_Fire_Event_Count,INPE_Fire_Event_Count,https://terrabrasilis.dpi.inpe.br/queimadas/situacao-atual/estatisticas/estatisticas_estados/,,NOT_FOUND,NO_TIMESTAMP,
dc/base/DynamicWorld_FloodEvents_Places_AutoRefresh,DynamicWorld_FloodEvents_Places_AutoRefresh,https://developers.google.com/earth-engine/datasets/catalog/GOOGLE_DYNAMICWORLD_V1,,NOT_FOUND,NO_TIMESTAMP,
dc/base/EuroStatHealth_BodyMassIndex,EuroStatHealth_BodyMassIndex,https://ec.europa.eu/eurostat/web/main/data/database,,NOT_FOUND,NO_TIMESTAMP,
dc/base/EuroStatHealth_PhysicalActivity,EuroStatHealth_PhysicalActivity,https://ec.europa.eu/eurostat/web/health/database,,NOT_FOUND,NO_TIMESTAMP,
dc/base/EurostatHealth_Tobacco_Consumption,EurostatHealth_Tobacco_Consumption,https://ec.europa.eu/eurostat/web/main/data/database,,NOT_FOUND,NO_TIMESTAMP,
dc/base/EurostatData_Employment_Per_Sector,EurostatData_Employment_Per_Sector,https://ec.europa.eu/eurostat/databrowser/view/nama_10r_3empers/default/table?lang=en,2026-02-10 17:00:00,2026-02-10 17:00:00,SUCCESS,
dc/base/EurostatData_PopulationDensity,EurostatData_PopulationDensity,https://ec.europa.eu/eurostat/databrowser/view/demo_r_d3dens/default/table?lang=en,2025-04-02 17:00:00,2025-04-02 17:00:00,SUCCESS,
dc/base/EurostatData_Education_Attainment,EurostatData_Education_Attainment,https://ec.europa.eu/eurostat/databrowser/view/edat_lfse_04/default/table?lang=en,2025-12-11,2025-12-11,SUCCESS,
dc/base/EurostatData_Demographic_Balance_Crude_Rates,EurostatData_Demographic_Balance_Crude_Rates,https://ec.europa.eu/eurostat/databrowser/view/demo_r_gind3/default/table?lang=en,2025-10-10 17:00:00,2025-10-10 17:00:00,SUCCESS,
dc/base/EurostatData_Education_Enrollment,EurostatData_Education_Enrollment,https://ec.europa.eu/eurostat/databrowser/view/trng_lfse_04/default/table?lang=en,2026-02-05 17:00:00,2026-02-05 17:00:00,SUCCESS,
dc/base/EurostatData_GDP,EurostatData_GDP,https://ec.europa.eu/eurostat/databrowser/view/nama_10r_3gdp/default/table?lang=en,2025-03-12 15:00:00,2025-03-12 15:00:00,SUCCESS,
dc/base/EuroStatHealth_FruitsAndVegetables,EuroStatHealth_FruitsAndVegetables,https://ec.europa.eu/eurostat/web/main/data/database,,NOT_FOUND,NO_TIMESTAMP,
dc/base/USFEMA_FloodInsuranceClaims,USFEMA_FloodInsuranceClaims,https://www.fema.gov/openfema-data-page/fima-nfip-redacted-claims-v2,2025-09-09,2025-09-09,SUCCESS,
dc/base/USFEMA_NationalRiskIndex,USFEMA_NationalRiskIndex,https://hazards.fema.gov/nri/,,PAGE_ERROR,PAGE_ERROR,PAGE_ERROR
dc/base/EurostatData_Fertility,EurostatData_Fertility,https://ec.europa.eu/eurostat/databrowser/view/demo_r_find3/default/table?lang=en,2026-01-29 14:00:00,2026-01-29 14:00:00,SUCCESS,
dc/base/EurostatData_LifeExpectancy,EurostatData_LifeExpectancy,https://ec.europa.eu/eurostat/databrowser/view/demo_r_mlifexp/default/table?lang=en,2025-06-05 02:00:00,2025-06-05 02:00:00,SUCCESS,
dc/base/EuroStatHealth_SocialEnvironment,EuroStatHealth_SocialEnvironment,https://ec.europa.eu/eurostat/web/main/data/database,,NOT_FOUND,NO_TIMESTAMP,
dc/base/Google_COVID19Mobility,Google_COVID19Mobility,https://www.google.com/covid19/mobility/,2022-10-15,2022-10-15,SUCCESS,
dc/base/Mongolia_Employment,Mongolia_Employment,https://www.1212.mn/en/statcate,,PAGE_ERROR,PAGE_ERROR,PAGE_ERROR
dc/base/Mongolia_Demographics,Mongolia_Demographics,https://www.1212.mn/en/statcate,,NOT_FOUND,NO_TIMESTAMP,
dc/base/Mongolia_Health,Mongolia_Health,https://www.1212.mn/en/statcate,,NOT_FOUND,NO_TIMESTAMP,
dc/base/Mongolia_Education,Mongolia_Education,https://www.1212.mn/en/statcate,,NOT_FOUND,NO_TIMESTAMP,
dc/base/NewYork_Education,NewYork_Education,https://data.cityofnewyork.us/browse?category=Education,2024-11-26,"**Reasoning and Findings**

1. **Attempted to access the URL** `https://data.cityofnewyork.us/browse?category=Education`.  
2. The page lists many datasets under the Education category, but it does **not** display a single “Last Modified”, “Last Updated”, “Updated on”, or “Release Date” timestamp for the entire category page itself.  
3. Within the page content, individual datasets include their own update information. The most recent update dates observed were:  
   - “School Point Locations” – **Last Updated November 26, 2024**  
   - “NYC DOE Public School Location Information” – **Last Updated November 26, 2024**  
4. No other newer timestamps were found on the page (no footer/header dates, meta tags, or page‑level timestamps).  
5. Since a specific page‑level date is absent, the best available indicator of freshness for the Education category is the most recent dataset update date found.

**Result**

The most recent update date identified for content within the Education category is:

**2024-11-26**",SUCCESS,
dc/base/NewYorkUniversity_Diabetes,NewYorkUniversity_Diabetes,https://www.health.ny.gov/statistics/prevention/injury_prevention/information_for_action/,,PAGE_ERROR,PAGE_ERROR,PAGE_ERROR
dc/base/US_SAT_ACT_Participation,US_SAT_ACT_Participation,https://ocrdata.ed.gov/,,PAGE_ERROR,PAGE_ERROR,PAGE_ERROR
dc/base/US_UrbanSchool_Enrollment,US_UrbanSchool_Enrollment,https://ocrdata.ed.gov/,2023-06-28 22:24:51,2023-06-28 22:24:51,SUCCESS,
dc/base/US_Urban_MathsAndScience_Course_Enrollment,US_Urban_MathsAndScience_Course_Enrollment,https://civilrightsdata.ed.gov/data,2025-06-18,2025-06-18,SUCCESS,
dc/base/US_SAT_ACT_Participation_state,US_SAT_ACT_Participation_state,https://ocrdata.ed.gov/,2025-06-18,2025-06-18,SUCCESS,
dc/base/US_Urban_Schools_Teachers_And_Staff,US_Urban_Schools_Teachers_And_Staff,https://ocrdata.ed.gov/,2023-06-28,2023-06-28,SUCCESS,
dc/base/US_UrbanSchool_Retention,US_UrbanSchool_Retention,https://ocrdata.ed.gov/data,,NOT_FOUND,NO_TIMESTAMP,
dc/base/Google_SustainabilityFinancialIncentives,Google_SustainabilityFinancialIncentives,https://www.google.com,,NOT_FOUND,NO_TIMESTAMP,
dc/base/US_UrbanSchool_Finances,US_UrbanSchool_Finances,https://ocrdata.ed.gov/data,,NOT_FOUND,NO_TIMESTAMP,
dc/base/OECDRegionalDemography_LifeExpectancy,OECDRegionalDemography_LifeExpectancy,https://data-explorer.oecd.org/vis?df[ds]=DisseminateFinalDMZ&df[id]=DSD_REG_DEMO%40DF_LIFE_EXP&df[ag]=OECD.CFE.EDS&df[vs]=2.0&dq=A.......&pd=%2C&to[TIME_PERIOD]=false&vw=tb,,PAGE_ERROR,PAGE_ERROR,PAGE_ERROR
dc/base/OECDRegionalDemography_Mortality,OECDRegionalDemography_Mortality,https://stats.oecd.org/Index.aspx?DataSetCode=REGION_DEMOGR#,,PAGE_ERROR,PAGE_ERROR,PAGE_ERROR
dc/base/OECDRegionalEducation,OECDRegionalEducation,https://stats.oecd.org/Index.aspx?DataSetCode=REGION_EDUCAT,,PAGE_ERROR,PAGE_ERROR,PAGE_ERROR
dc/base/OECDRegionalDemography_PopulationDensity,OECDRegionalDemography_PopulationDensity,https://data-explorer.oecd.org/vis?pg=0&snb=1&tm=pop%20density&df[ds]=dsDisseminateFinalDMZ&df[id]=DSD_REG_DEMO%40DF_DENSITY&df[ag]=OECD.CFE.EDS&df[vs]=2.0&dq=A.......&pd=%2C&to[TIME_PERIOD]=false&vw=tb,2026-02-09,2026-02-09,SUCCESS,
dc/base/OECDRegionalDemography_Population,OECDRegionalDemography_Population,https://data-explorer.oecd.org/vis?fs[0]=Topic%2C0%7CRegional%252C%20rural%20and%20urban%20development%23GEO%23&pg=40&fc=Topic&bp=true&snb=117&df[ds]=dsDisseminateFinalDMZ&df[id]=DSD_REG_DEMO%40DF_POP_5Y&df[ag]=OECD.CFE.EDS&df[vs]=2.0&dq=A.......&to[TIME_PERIOD]=false&vw=tb&pd=%2C,,PAGE_ERROR,PAGE_ERROR,PAGE_ERROR
dc/base/India_RBI_State_Statistics,India_RBI_State_Statistics,https://rbi.org.in/,,NOT_FOUND,NO_TIMESTAMP,
dc/base/India_RBIStateDomesticProduct,India_RBIStateDomesticProduct,https://rbi.org.in/,,NOT_FOUND,NO_TIMESTAMP,
dc/base/Zurich_Population_Number_Of_Birth_By_Origin,Zurich_Population_Number_Of_Birth_By_Origin,https://www.stadt-zuerich.ch/content/dam/web/de/politik-verwaltung/statistik-und-daten/linked-open-data/datacommons/bev_4031_hel_wiki.csv,,PAGE_ERROR,PAGE_ERROR,PAGE_ERROR
dc/base/Zurich_Population_Number_Of_Company_Workplace_Employees,Zurich_Population_Number_Of_Company_Workplace_Employees,https://www.stadt-zuerich.ch/content/dam/web/de/politik-verwaltung/statistik-und-daten/linked-open-data/datacommons/wir_2552_wiki.csv,,"**Reasoning**

1. I attempted to retrieve the CSV file directly via the provided URL using the available browsing tools.  
2. The search queries returned unrelated Wikipedia pages and other unrelated content, never the actual CSV file.  
3. No HTTP headers, page content, or metadata containing “Last Modified”, “Last Updated”, “Updated on”, “Release Date”, or any timestamp could be obtained.  
4. Because the tool could not access the target URL and no date information was found, the appropriate response per the instructions is **PAGE_ERROR**.

**Result**

PAGE_ERROR",PAGE_ERROR,"**Reasoning**

1. I attempted to retrieve the CSV file directly via the provided URL using the available browsing tools.  
2. The search queries returned unrelated Wikipedia pages and other unrelated "
dc/base/Zurich_Population_By_Sex,Zurich_Population_By_Sex,https://www.stadt-zuerich.ch/content/dam/web/de/politik-verwaltung/statistik-und-daten/linked-open-data/datacommons/bev_3903_sex_wiki.csv,,NOT_FOUND,NO_TIMESTAMP,
dc/base/Zurich_Population,Zurich_Population,https://www.stadt-zuerich.ch/content/dam/web/de/politik-verwaltung/statistik-und-daten/linked-open-data/datacommons/bev_3240_wiki.csv,2026-11-02,2026-11-02,SUCCESS,
dc/base/Zurich_Population_By_Origin,Zurich_Population_By_Origin,https://www.stadt-zuerich.ch/content/dam/web/de/politik-verwaltung/statistik-und-daten/linked-open-data/datacommons/bev_3903_hel_wiki.csv,,NOT_FOUND,NO_TIMESTAMP,
dc/base/Zurich_Population_By_Age,Zurich_Population_By_Age,https://www.stadt-zuerich.ch/content/dam/web/de/politik-verwaltung/statistik-und-daten/linked-open-data/datacommons/bev_3903_age10_wiki.csv,,NOT_FOUND,NO_TIMESTAMP,
dc/base/Zurich_Population_Number_Of_Birth,Zurich_Population_Number_Of_Birth,https://www.stadt-zuerich.ch/content/dam/web/de/politik-verwaltung/statistik-und-daten/linked-open-data/datacommons/bev_4031_wiki.csv,,PAGE_ERROR,PAGE_ERROR,PAGE_ERROR
dc/base/Zurich_Population_Number_Of_Birth_By_Sex,Zurich_Population_Number_Of_Birth_By_Sex,https://www.stadt-zuerich.ch/content/dam/web/de/politik-verwaltung/statistik-und-daten/linked-open-data/datacommons/bev_4031_sex_wiki.csv,,PAGE_ERROR,PAGE_ERROR,PAGE_ERROR
dc/base/New_Zealand_Census,New_Zealand_Census,https://www.stats.govt.nz/,,NOT_FOUND,NO_TIMESTAMP,
dc/base/UNEnergy,UNEnergy,https://unstats.un.org/unsd/energystats/data/,,PAGE_ERROR,PAGE_ERROR,PAGE_ERROR
dc/base/Finland_Census,Finland_Census,https://pxdata.stat.fi/PxWeb/pxweb/en/StatFin/StatFin__vaerak/statfin_vaerak_pxt_11ra.px/table/tableViewLayout1/,,PAGE_ERROR,PAGE_ERROR,PAGE_ERROR
dc/base/UNData,UNData,https://data.un.org/Data.aspx?q=city+population&d=POP&f=tableCode%3a240,2025-08-11,2025-08-11,SUCCESS,
dc/base/CensusSAIPE,CensusSAIPE,https://www.census.gov/programs-surveys/saipe.html,2026-01-27,2026-01-27,SUCCESS,
dc/base/EPAAirQualityIndex,EPAAirQualityIndex,https://aqs.epa.gov/aqsweb/airdata/download_files.html,,PAGE_ERROR,PAGE_ERROR,PAGE_ERROR
dc/base/EPA_EJSCREEN,EPA_EJSCREEN,https://gaftp.epa.gov/EJSCREEN/,2024-01-03,2024-01-03,SUCCESS,
dc/base/EarthquakeUSGS,EarthquakeUSGS,https://earthquake.usgs.gov/,2026-02-10 05:00:06,2026-02-10 05:00:06,SUCCESS,
dc/base/US_CPI,US_CPI,https://www.bls.gov/cpi/,2026-01-13,2026-01-13,SUCCESS,
dc/base/BEA_USStatesQuarterlyGDP,BEA_USStatesQuarterlyGDP,https://www.bea.gov/data/gdp/gdp-state,2026-02-12,2026-02-12,SUCCESS,
dc/base/USGSWaterUse,USGSWaterUse,https://waterdata.usgs.gov/nwis/wu,,NOT_FOUND,NO_TIMESTAMP,
dc/base/BLS_CES_State,BLS_CES_State,https://www.bls.gov/sae/overview.htm,2025-03-17,2025-03-17,SUCCESS,
dc/base/BLS_CPI,BLS_CPI,https://www.bls.gov/cpi/,,NOT_FOUND,NO_TIMESTAMP,
dc/base/BLS_CES,BLS_CES,https://www.bls.gov/ces/,2026-02-11,2026-02-11,SUCCESS,
dc/base/USBTS_Tract_Household_Transportation,USBTS_Tract_Household_Transportation,https://www.bts.dot.gov/latch/latch-data,,NOT_FOUND,NO_TIMESTAMP,
dc/base/BLS_JOLTS,BLS_JOLTS,https://www.bls.gov/jlt/,,NOT_FOUND,NO_TIMESTAMP,
dc/base/CensusSuperTMCFTable_ECNBASIC2012_EC1200A1,CensusSuperTMCFTable_ECNBASIC2012_EC1200A1,https://data.census.gov/api/access/table/download,,NOT_FOUND,NO_TIMESTAMP,
dc/base/USNationalPrisonerStatistics,USNationalPrisonerStatistics,https://www.bjs.gov/index.cfm?ty=dcdetail&iid=269,,PAGE_ERROR,PAGE_ERROR,PAGE_ERROR
dc/base/BLS_CPS,BLS_CPS,https://www.bls.gov/cps/,,NOT_FOUND,NO_TIMESTAMP,
dc/base/USCensusGeos_SurfaceArea,USCensusGeos_SurfaceArea,https://www.census.gov/geographies/reference-files.html,2025-06-05,2025-06-05,SUCCESS,
dc/base/USCensusPEP_By_SexRaceHispanicOrigin,USCensusPEP_By_SexRaceHispanicOrigin,https://www.census.gov/programs-surveys/popest.html,2025-09-25,2025-09-25,SUCCESS,
dc/base/BLS_CPI_Category,BLS_CPI_Category,https://www.bls.gov/cpi/,2026-01-13,2026-01-13,SUCCESS,
dc/base/CensusPEP,CensusPEP,https://www.census.gov/programs-surveys/popest.html,2025-07-03,2025-07-03,SUCCESS,
dc/base/USCensusPEP_Annual_Population,USCensusPEP_Annual_Population,https://www.census.gov/programs-surveys/popest.html,2026-01-22,2026-01-22,SUCCESS,
dc/base/USCensusPEP_AgeSexRace,USCensusPEP_AgeSexRace,https://www2.census.gov/programs-surveys/popest/tables,2026-01-27,2026-01-27,SUCCESS,
dc/base/USCensusPEP_AgeSexRaceHispanicOrigin,USCensusPEP_AgeSexRaceHispanicOrigin,https://www2.census.gov/programs-surveys/popest/tables,,NOT_FOUND,NO_TIMESTAMP,
dc/base/USCensusPEP_By_Sex_Race,USCensusPEP_By_Sex_Race,https://www.census.gov/programs-surveys/popest.html,,,SUCCESS_RAW,
dc/base/USCensusPEP_MonthlyPopulation,USCensusPEP_MonthlyPopulation,https://www.census.gov/programs-surveys/popest.html,2026-01-13,2026-01-13,SUCCESS,
dc/base/USCensusPEP_PopulationEstimatebyRace,USCensusPEP_PopulationEstimatebyRace,https://www.census.gov/programs-surveys/popest.html,2026-01-13,2026-01-13,SUCCESS,
dc/base/NCHS_BRFSS_Asthma,NCHS_BRFSS_Asthma,https://www.cdc.gov/asthma/brfss/default.htm,,PAGE_ERROR,PAGE_ERROR,PAGE_ERROR
dc/base/CensusSAHIE,CensusSAHIE,https://www.census.gov/programs-surveys/sahie.html,2025-04-09,2025-04-09,SUCCESS,
dc/base/CDC_Social_Vulnerability_Index,CDC_Social_Vulnerability_Index,https://www.atsdr.cdc.gov/place-health/php/svi/svi-data-documentation-download.html?CDC_AAref_Val=https://www.atsdr.cdc.gov/placeandhealth/svi/data_documentation_download.html,2024-12-16,2024-12-16,SUCCESS,
dc/base/CDC_PM25County,CDC_PM25County,https://data.cdc.gov/Environmental-Health-Toxicology/Daily-County-Level-PM2-5-Concentrations-2001-2019/dqwm-pbi7/about_data,,NOT_FOUND,NO_TIMESTAMP,
dc/base/USCensusPEP_Sex,USCensusPEP_Sex,https://www.census.gov/programs-surveys/popest.html,2026-01-22,2026-01-22,SUCCESS,
dc/base/CDC_StandardizedPrecipitationIndex,CDC_StandardizedPrecipitationIndex,https://data.cdc.gov/Environmental-Health-Toxicology/Standardized-Precipitation-Index-1895-2016/xbk2-5i4e,2025-07-16,2025-07-16,SUCCESS,
dc/base/CDC_StandardizedPrecipitationEvapotranspirationIndex,CDC_StandardizedPrecipitationEvapotranspirationIndex,https://data.cdc.gov/Environmental-Health-Toxicology/Standardized-Precipitation-Evapotranspiration-Inde/6nbv-ifib,2018-11-27,2018-11-27,SUCCESS,
dc/base/EPHHeatRelatedIllness,EPHHeatRelatedIllness,https://ephtracking.cdc.gov/qrlist/35,,PAGE_ERROR,PAGE_ERROR,PAGE_ERROR
dc/base/CDC_PalmerDroughtSeverityIndex,CDC_PalmerDroughtSeverityIndex,https://data.cdc.gov/Environmental-Health-Toxicology/Palmer-Drought-Severity-Index-1895-2016/en5r-5ds4,2025-05-02,2025-05-02,SUCCESS,
dc/base/CDC_OzoneCounty,CDC_OzoneCounty,https://data.cdc.gov/browse?category=Environmental+Health+%26+Toxicology&sortBy=last_modified&page=1,,NOT_FOUND,NO_TIMESTAMP,
dc/base/CDCWonder_NNDSS_InfectiousWeekly,CDCWonder_NNDSS_InfectiousWeekly,https://wonder.cdc.gov/nndss/nndss_weekly_tables_menu.asp,,PAGE_ERROR,PAGE_ERROR,PAGE_ERROR
dc/base/CDC_NORS_NonInfectious,CDC_NORS_NonInfectious,https://wwwn.cdc.gov/norsdashboard/,,PAGE_ERROR,PAGE_ERROR,PAGE_ERROR
dc/base/CDC_OzoneCensusTract,CDC_OzoneCensusTract,https://data.cdc.gov/browse?category=Environmental+Health+%26+Toxicology,,NOT_FOUND,NO_TIMESTAMP,
dc/base/CDCWonder_NNDSS_Infectious_Weekly,CDCWonder_NNDSS_Infectious_Weekly,https://data.cdc.gov/api/views/x9gk-5huc/rows.csv?accessType=DOWNLOAD&api_foundry=true,2026-02-12,2026-02-12,SUCCESS,
dc/base/US_CDC_PRAMS,US_CDC_PRAMS,https://www.cdc.gov/prams/prams-data/,2024-11-19,2024-11-19,SUCCESS,
dc/base/CDC500_States,CDC500_States,https://www.cdc.gov/places/index.html,2025-02-03,2025-02-03,SUCCESS,
dc/base/CDC_PM25CensusTract,CDC_PM25CensusTract,https://data.cdc.gov/browse?category=Environmental+Health+%26+Toxicology,2025-02-23,2025-02-23,SUCCESS,
dc/base/usa_child_birth,usa_child_birth,https://www.cdc.gov/nchs/nvss/vsrr/provisional-tables.htm,,NOT_FOUND,NO_TIMESTAMP,
dc/base/Commerce_EDA,Commerce_EDA,https://www.commerce.gov/bureaus-and-offices/eda,,NOT_FOUND,NO_TIMESTAMP,
dc/base/CDC_Mortality_UnderlyingCause,CDC_Mortality_UnderlyingCause,https://wonder.cdc.gov/ucd-icd10.html,2026-02-10,2026-02-10,SUCCESS,
dc/base/USDA_AgricultureSurvey,USDA_AgricultureSurvey,https://quickstats.nass.usda.gov/,2024-02-28,2024-02-28,SUCCESS,
dc/base/CDC_Mortality_UnderlyingCause_SingleRace,CDC_Mortality_UnderlyingCause_SingleRace,https://wonder.cdc.gov/ucd-icd10-expanded.html,,NOT_FOUND,NO_TIMESTAMP,
dc/base/USDA_AgricultureCensus,USDA_AgricultureCensus,https://www.nass.usda.gov/AgCensus/,2026-02-03,2026-02-03,SUCCESS,
dc/base/US_ITA_Economic_Activity,US_ITA_Economic_Activity,https://www.trade.gov/report/tradestats-express-national-and-state-trade-data?anchor=content-tradestats-express---national-1,,NOT_FOUND,NO_TIMESTAMP,
dc/base/HUD_IncomeLimits,HUD_IncomeLimits,https://www.huduser.gov/portal/datasets/il.html,,NOT_FOUND,NO_TIMESTAMP,
dc/base/EIA_SEDS,EIA_SEDS,https://www.eia.gov/opendata/qb.php?category=40203,,PAGE_ERROR,PAGE_ERROR,PAGE_ERROR
dc/base/EIA_NuclearOutages,EIA_NuclearOutages,https://www.eia.gov/opendata/qb.php?category=2889994,,NOT_FOUND,NO_TIMESTAMP,
dc/base/USDOL_ETA539,USDOL_ETA539,https://oui.doleta.gov/unemploy/,2025-05-29,"**Reasoning and Findings**

1. I accessed the page `https://oui.doleta.gov/unemploy/` and searched its content for any indicators of when the page was last modified or updated.  
2. The search returned several related pages on the same domain that contain explicit “Created” and “Updated” timestamps.  
3. The most relevant result for the requested URL shows:

   - **Created:** March 29 2004  
   - **Updated:** **May 29 2025**

   This “Updated” line appears in the page header/footer and is the standard way the Office of Unemployment Insurance marks the last modification date for its pages.

4. No other timestamps (e.g., “Last Modified”, “Release Date”, meta tags) were found that differed from this date.

**Conclusion**

The last modified/updated date for the page `https://oui.doleta.gov/unemploy/` is:

**2025-05-29**",SUCCESS,
dc/base/EIA_International,EIA_International,https://www.eia.gov/opendata/qb.php?category=2134384,,NOT_FOUND,NO_TIMESTAMP,
dc/base/Commerce_NTIA,Commerce_NTIA,https://www.ntia.gov/other-publication/2022/digital-nation-data-explorer#sel=homeEverOnline&demo=race&pc=count&disp=both,2026-01-15,2026-01-15,SUCCESS,
dc/base/EIA_NaturalGas,EIA_NaturalGas,https://www.eia.gov/opendata/qb.php?category=714804,,NOT_FOUND,NO_TIMESTAMP,
dc/base/EIA_Electricity,EIA_Electricity,https://www.eia.gov/opendata/browser/electricity,,NOT_FOUND,NO_TIMESTAMP,
dc/base/EIA_TotalEnergy,EIA_TotalEnergy,https://www.eia.gov/opendata/qb.php?category=711224,,NOT_FOUND,NO_TIMESTAMP,
dc/base/USFed_ConstantMaturityRates,USFed_ConstantMaturityRates,https://www.federalreserve.gov/releases/h15/,2026-02-11,2026-02-11,SUCCESS,
dc/base/US_Federal_Rates,US_Federal_Rates,https://www.federalreserve.gov/DataDownload/Choose.aspx?rel=H15,2026-02-11,2026-02-11,SUCCESS,
dc/base/EIA_Petroleum,EIA_Petroleum,https://www.eia.gov/opendata/qb.php?category=714755,,PAGE_ERROR,PAGE_ERROR,PAGE_ERROR
dc/base/NCES_NationsReportCard,NCES_NationsReportCard,https://nces.ed.gov/nationsreportcard/,2025-08-22,2025-08-22,SUCCESS,
dc/base/NCES_SchoolDistrictStats,NCES_SchoolDistrictStats,https://nces.ed.gov/ccd/elsi/tableGenerator.aspx,,PAGE_ERROR,PAGE_ERROR,PAGE_ERROR
dc/base/NCES_PublicSchoolStats,NCES_PublicSchoolStats,https://nces.ed.gov/ccd/elsi/tableGenerator.aspx,,NOT_FOUND,NO_TIMESTAMP,
dc/base/NCES_Bachelors_Degree_By_Field_Import,NCES_Bachelors_Degree_By_Field_Import,https://nces.ed.gov,,PAGE_ERROR,PAGE_ERROR,PAGE_ERROR
dc/base/NCES_PrivateSchoolStats,NCES_PrivateSchoolStats,https://nces.ed.gov/ccd/elsi/tableGenerator.aspx,,NOT_FOUND,NO_TIMESTAMP,
dc/base/FBIGovCrime,FBIGovCrime,http://www.fbi.gov/services/cjis/ucr,,NOT_FOUND,NO_TIMESTAMP,
dc/base/NCES_STEM_Degrees_Import,NCES_STEM_Degrees_Import,https://nces.ed.gov/programs/digest/d22/tables/dt22_318.45.asp,,NOT_FOUND,NO_TIMESTAMP,
dc/base/NCES_PublicSchool,NCES_PublicSchool,https://nces.ed.gov/ccd/elsi/tableGenerator.aspx,,PAGE_ERROR,PAGE_ERROR,PAGE_ERROR
dc/base/NCES_HBCU_Enrollment_Import,NCES_HBCU_Enrollment_Import,https://nces.ed.gov/programs/digest/d22/tables/dt22_313.30.asp,,NOT_FOUND,NO_TIMESTAMP,
dc/base/NOAA_GPCC_StandardardizedPrecipitationIndex_Event_Places,NOAA_GPCC_StandardardizedPrecipitationIndex_Event_Places,https://www.drought.gov/data-maps-tools/global-precipitation-climatology-centre-gpcc-standardized-precipitation-index-spi,2026-02-10,2026-02-10,SUCCESS,
dc/base/NCES_SchoolDistrict,NCES_SchoolDistrict,https://nces.ed.gov/ccd/elsi/tableGenerator.aspx,,PAGE_ERROR,PAGE_ERROR,PAGE_ERROR
dc/base/US_CCD_Enrollment,US_CCD_Enrollment,https://nces.ed.gov/programs/digest/d24/tables/dt24_203.65.asp,,NOT_FOUND,NO_TIMESTAMP,
dc/base/FARS_CrashData,FARS_CrashData,https://www.nhtsa.gov/file-downloads?p=nhtsa/downloads/FARS/,2024-05-01,2024-05-01,SUCCESS,
dc/base/NOAA_GPCC_StandardardizedPrecipitationIndex_Event,NOAA_GPCC_StandardardizedPrecipitationIndex_Event,https://www.drought.gov/data-maps-tools/global-precipitation-climatology-centre-gpcc-standardized-precipitation-index-spi,2026-02-10,2026-02-10,SUCCESS,
dc/base/NOAA_GPCC_StandardardizedPrecipitationIndex_Event_Observations,NOAA_GPCC_StandardardizedPrecipitationIndex_Event_Observations,https://www.drought.gov/data-maps-tools/global-precipitation-climatology-centre-gpcc-standardized-precipitation-index-spi,,NOT_FOUND,NO_TIMESTAMP,
dc/base/NOAA_GlobalForecastSystem,NOAA_GlobalForecastSystem,https://nomads.ncep.noaa.gov/pub/data/nccf/com/gfs/prod/,2026-02-12,2026-02-12,SUCCESS,
dc/base/NCSES_DoctorateDegreeEmployment,NCSES_DoctorateDegreeEmployment,https://ncses.nsf.gov/pubs/nsf19304/data,2019-03-08,2019-03-08,SUCCESS,
dc/base/FARS_CrashNodes,FARS_CrashNodes,https://www.nhtsa.gov/file-downloads?p=nhtsa/downloads/FARS/,2024-04-12,2024-04-12,SUCCESS,
dc/base/WorldBank_CommodityMarket,WorldBank_CommodityMarket, https://www.worldbank.org/en/research/commodity-markets,,NOT_FOUND,NO_TIMESTAMP,
dc/base/WorldBank_IDS,WorldBank_IDS,https://databank.worldbank.org/source/international-debt-statistics,2025-02-26,2025-02-26,SUCCESS,
dc/base/NCSES_Employed_College_Grads_Import,NCSES_Employed_College_Grads_Import,https://ncsesdata.nsf.gov/explorer/datatables?term=race&exactMatch=no&page=1&filterSuperTopic=Demographics&filterTopic=Sex&datatablespage=2,,NOT_FOUND,NO_TIMESTAMP,
dc/base/NCSES_Median_Annual_Salary_Import,NCSES_Median_Annual_Salary_Import,https://ncses.nsf.gov/pubs/nsf23306#section13069,,NOT_FOUND,NO_TIMESTAMP,
dc/base/NCSES_Demographics_SEH_Import,NCSES_Demographics_SEH_Import,https://ncses.nsf.gov/pubs/nsf25316,2025-01-21,2025-01-21,SUCCESS,
dc/base/WorldDevelopmentIndicators,WorldDevelopmentIndicators,https://datatopics.worldbank.org/world-development-indicators/,,PAGE_ERROR,PAGE_ERROR,PAGE_ERROR
dc/base/NCSES_Research_Doctorate_Recipients_Import,NCSES_Research_Doctorate_Recipients_Import,https://ncses.nsf.gov/pubs/nsf23300/data-tables,,NOT_FOUND,NO_TIMESTAMP,
dc/base/FiresS2Cells,FiresS2Cells,https://s2geometry.io/resources/s2cell_statistics.html,,NOT_FOUND,NO_TIMESTAMP,
dc/base/IndiaGeoCoordinates_Simplified,IndiaGeoCoordinates_Simplified,http://projects.datameet.org/maps,,NOT_FOUND,NO_TIMESTAMP,
dc/base/ExperimentalStatVars,ExperimentalStatVars,https://datacommons.org,,NOT_FOUND,NO_TIMESTAMP,
dc/base/AustraliaGeoCoordinates,AustraliaGeoCoordinates,https://www.abs.gov.au/statistics/standards/australian-statistical-geography-standard-asgs-edition-3/jul2021-jun2026/access-and-downloads/digital-boundary-files,2025-07-22,2025-07-22,SUCCESS,
dc/base/MidDcidMappings,MidDcidMappings,https://www.google.com,,NOT_FOUND,NO_TIMESTAMP,
dc/base/AutoGeneratedStatVars,AutoGeneratedStatVars,https://datacommons.org/,2026-02-06,2026-02-06,SUCCESS,
dc/base/HumanReadableStatVars,HumanReadableStatVars,https://datacommons.org,2026-02-06,2026-02-06,SUCCESS,
dc/base/IndiaGeoCoordinates,IndiaGeoCoordinates,http://projects.datameet.org/maps,,NOT_FOUND,NO_TIMESTAMP,
dc/base/EurostatGeoCoodinates,EurostatGeoCoodinates,https://ec.europa.eu/eurostat/web/gisco/geodata/reference-data/administrative-units-statistical-units/nuts,2025-03-25,2025-03-25,SUCCESS,
dc/base/BaseSchema,BaseSchema,https://datacommons.org,2025-05-02,2025-05-02,SUCCESS,
dc/base/EuroGeos,EuroGeos,https://ec.europa.eu/eurostat/web/gisco/geodata/reference-data/administrative-units-statistical-units/nuts,,,ERROR,"Error code: 400 - {'error': {'message': 'Tool choice is none, but model called a tool', 'type': 'invalid_request_error', 'code': '400'}}"
dc/base/GeoBoundaries_Albania,GeoBoundaries_Albania,https://github.com/wmgeolab/geoBoundaries/tree/main/releaseData/gbOpen,,,ERROR,"Error code: 400 - {'error': {'message': 'Tool choice is none, but model called a tool', 'type': 'invalid_request_error', 'code': '400'}}"
dc/base/GeoBoundaries_Guinea,GeoBoundaries_Guinea,https://github.com/wmgeolab/geoBoundaries/tree/main/releaseData/gbOpen,,PAGE_ERROR,PAGE_ERROR,PAGE_ERROR
dc/base/GeoBoundaries_Latvia_ADM2,GeoBoundaries_Latvia_ADM2,https://github.com/wmgeolab/geoBoundaries/tree/main/releaseData/gbOpen/LVA/ADM2,,PAGE_ERROR,PAGE_ERROR,PAGE_ERROR
dc/base/GeoBoundaries_SouthKorea,GeoBoundaries_SouthKorea,https://github.com/wmgeolab/geoBoundaries/tree/main/releaseData/gbOpen,2023-09-14,2023-09-14,SUCCESS,
dc/base/GeoBoundaries_Israel,GeoBoundaries_Israel,https://github.com/wmgeolab/geoBoundaries/tree/main/releaseData/gbOpen,,,ERROR,"Error code: 400 - {'error': {'message': 'Tool choice is none, but model called a tool', 'type': 'invalid_request_error', 'code': '400'}}"
dc/base/GeoBoundaries_UnitedKingdom,GeoBoundaries_UnitedKingdom,https://github.com/wmgeolab/geoBoundaries/tree/main/releaseData/gbOpen/GBR/ADM1,,,ERROR,"Error code: 400 - {'error': {'message': 'Tool choice is none, but model called a tool', 'type': 'invalid_request_error', 'code': '400'}}"
dc/base/FloodsS2Cells,FloodsS2Cells,https://s2geometry.io/resources/s2cell_statistics.html,,,ERROR,Request timed out.
dc/base/GeoBoundaries_Honduras_ADM2,GeoBoundaries_Honduras_ADM2,https://github.com/wmgeolab/geoBoundaries/tree/main/releaseData/gbOpen/HND/ADM2,,NOT_FOUND,NO_TIMESTAMP,
dc/base/GeoBoundaries_Federated_States_of_Micronesia,GeoBoundaries_Federated_States_of_Micronesia,https://github.com/wmgeolab/geoBoundaries/tree/main/releaseData/gbOpen,2023-09-14,2023-09-14,SUCCESS,
dc/base/GeoBoundaries_Belarus,GeoBoundaries_Belarus,https://github.com/wmgeolab/geoBoundaries/tree/main/releaseData/gbOpen/BLR/ADM1,,NOT_FOUND,NO_TIMESTAMP,
dc/base/GeoBoundaries_Afghanistan_ADM2,GeoBoundaries_Afghanistan_ADM2,https://github.com/wmgeolab/geoBoundaries/tree/main/releaseData/gbOpen/AFG/ADM2,2023-09-14 12:52:00,2023-09-14 12:52:00,SUCCESS,
dc/base/GeoBoundaries_Latvia,GeoBoundaries_Latvia,https://github.com/wmgeolab/geoBoundaries/tree/main/releaseData/gbOpen/LVA/ADM1,,NOT_FOUND,NO_TIMESTAMP,
dc/base/GeoBoundaries_Pakistan,GeoBoundaries_Pakistan,https://github.com/wmgeolab/geoBoundaries/tree/main/releaseData/gbOpen,,,ERROR,"Error code: 400 - {'error': {'message': 'Tool choice is none, but model called a tool', 'type': 'invalid_request_error', 'code': '400'}}"
dc/base/GeoBoundaries_Turkmenistan,GeoBoundaries_Turkmenistan,https://github.com/wmgeolab/geoBoundaries/tree/main/releaseData/gbOpen,,,ERROR,"Error code: 400 - {'error': {'message': 'Tool choice is none, but model called a tool', 'type': 'invalid_request_error', 'code': '400'}}"
dc/base/GeoBoundaries_Moldova,GeoBoundaries_Moldova,https://github.com/wmgeolab/geoBoundaries/tree/main/releaseData/gbOpen/MDA/ADM1,,NOT_FOUND,NO_TIMESTAMP,
dc/base/GeoBoundaries_Ireland,GeoBoundaries_Ireland,https://github.com/wmgeolab/geoBoundaries/tree/main/releaseData/gbOpen,2023-09-14,2023-09-14,SUCCESS,
dc/base/GeoBoundaries_Romania,GeoBoundaries_Romania,https://github.com/wmgeolab/geoBoundaries/tree/main/releaseData/gbOpen/ROU/ADM1,,,SUCCESS_RAW,
dc/base/GeoBoundaries_Greece,GeoBoundaries_Greece,https://github.com/wmgeolab/geoBoundaries/tree/main/releaseData/gbOpen/GRC/ADM1,,NOT_FOUND,NO_TIMESTAMP,
dc/base/GeoBoundaries_Myanmar,GeoBoundaries_Myanmar,https://github.com/wmgeolab/geoBoundaries/tree/main/releaseData/gbOpen,,,SUCCESS_RAW,
dc/base/GeoBoundaries_Brunei,GeoBoundaries_Brunei,https://github.com/wmgeolab/geoBoundaries/tree/main/releaseData/gbOpen/BRN/ADM1,,NOT_FOUND,NO_TIMESTAMP,
dc/base/GeoBoundaries_Brazil_AA1,GeoBoundaries_Brazil_AA1,https://github.com/wmgeolab/geoBoundaries/tree/main/releaseData/gbOpen/BRA/ADM1/,,,ERROR,"Error code: 400 - {'error': {'message': 'Tool choice is none, but model called a tool', 'type': 'invalid_request_error', 'code': '400'}}"
dc/base/GeoBoundaries_NorthKorea,GeoBoundaries_NorthKorea,https://github.com/wmgeolab/geoBoundaries/tree/main/releaseData/gbOpen/PRK/ADM1,2023-09-14,2023-09-14,SUCCESS,
dc/base/GeoBoundaries_Argentina,GeoBoundaries_Argentina,https://github.com/wmgeolab/geoBoundaries/tree/main/releaseData/gbOpen,,,SUCCESS_RAW,
dc/base/GeoBoundaries_Solomon_Islands,GeoBoundaries_Solomon_Islands,https://github.com/wmgeolab/geoBoundaries/tree/main/releaseData/gbOpen,2023-09-14,2023-09-14,SUCCESS,
dc/base/GeoBoundaries_Niger_ADM2,GeoBoundaries_Niger_ADM2,https://github.com/wmgeolab/geoBoundaries/tree/main/releaseData/gbOpen/NER/ADM2,2025-08-26,2025-08-26,SUCCESS,
dc/base/GeoBoundaries_NewZealand_ADM2,GeoBoundaries_NewZealand_ADM2,https://github.com/wmgeolab/geoBoundaries/tree/main/releaseData/gbOpen/NZL/ADM2,,NOT_FOUND,NO_TIMESTAMP,
dc/base/GeoBoundaries_Madagascar_ADM2,GeoBoundaries_Madagascar_ADM2,https://github.com/wmgeolab/geoBoundaries/tree/main/releaseData/gbOpen/MDG/ADM2,,NOT_FOUND,NO_TIMESTAMP,
dc/base/GeoBoundaries_Macedonia,GeoBoundaries_Macedonia,https://github.com/wmgeolab/geoBoundaries/tree/main/releaseData/gbOpen/MKD/ADM1,,NOT_FOUND,NO_TIMESTAMP,
dc/base/GeoBoundaries_Dominica,GeoBoundaries_Dominica,https://github.com/wmgeolab/geoBoundaries/tree/main/releaseData/gbOpen/DMA/ADM1,,,SUCCESS_RAW,
dc/base/GeoBoundaries_Bahamas,GeoBoundaries_Bahamas,https://github.com/wmgeolab/geoBoundaries/tree/main/releaseData/gbOpen,2023-09-14,2023-09-14,SUCCESS,
dc/base/GeoBoundaries_Fiji,GeoBoundaries_Fiji,https://github.com/wmgeolab/geoBoundaries/tree/main/releaseData/gbOpen,2023-09-14,2023-09-14,SUCCESS,
dc/base/GeoBoundaries_Jordan,GeoBoundaries_Jordan,https://github.com/wmgeolab/geoBoundaries/tree/main/releaseData/gbOpen,,NOT_FOUND,NO_TIMESTAMP,
dc/base/GeoBoundaries_BosniaAndHerzegovina_ADM2,GeoBoundaries_BosniaAndHerzegovina_ADM2,https://github.com/wmgeolab/geoBoundaries/tree/main/releaseData/gbOpen/BIH/ADM2,,NOT_FOUND,NO_TIMESTAMP,
dc/base/GeoBoundaries_Federated_States_of_Micronesia_ADM2,GeoBoundaries_Federated_States_of_Micronesia_ADM2,https://github.com/wmgeolab/geoBoundaries/tree/main/releaseData/gbOpen/FSM/ADM2,,NOT_FOUND,NO_TIMESTAMP,
dc/base/GeoBoundaries_Norway,GeoBoundaries_Norway,https://github.com/wmgeolab/geoBoundaries/tree/main/releaseData/gbOpen/NOR/ADM1,,NOT_FOUND,NO_TIMESTAMP,
dc/base/GeoBoundaries_Qatar,GeoBoundaries_Qatar,https://github.com/wmgeolab/geoBoundaries/tree/main/releaseData/gbOpen,,NOT_FOUND,NO_TIMESTAMP,
dc/base/GeoBoundaries_Sudan,GeoBoundaries_Sudan,https://github.com/wmgeolab/geoBoundaries/tree/main/releaseData/gbOpen,,,ERROR,"Error code: 400 - {'error': {'message': 'Tool choice is none, but model called a tool', 'type': 'invalid_request_error', 'code': '400'}}"
dc/base/GeoBoundaries_NewZealand,GeoBoundaries_NewZealand,https://github.com/wmgeolab/geoBoundaries/tree/main/releaseData/gbOpen,2025-02-09,2025-02-09,SUCCESS,
dc/base/GeoBoundaries_Afghanistan,GeoBoundaries_Afghanistan,https://github.com/wmgeolab/geoBoundaries/tree/main/releaseData/gbOpen,2023-09-14,2023-09-14,SUCCESS,
dc/base/GeoBoundaries_CapeVerde_ADM2,GeoBoundaries_CapeVerde_ADM2,https://github.com/wmgeolab/geoBoundaries/tree/main/releaseData/gbOpen/CPV/ADM2,,,SUCCESS_RAW,
dc/base/IndiaUDISEGeos,IndiaUDISEGeos,http://pgi.seshagun.gov.in/BackEnd-master/api/report/getMasterData,,PAGE_ERROR,PAGE_ERROR,PAGE_ERROR
dc/base/IndiaLGDCodes,IndiaLGDCodes,https://lgdirectory.gov.in/downloadDirectory.do?OWASP_CSRFTOKEN=G4BW-2HK0-ZHUD-605W-VA1F-EAC8-M9J0-W4S5,,NOT_FOUND,NO_TIMESTAMP,
dc/base/GeoCoordinatesData_Oceans,GeoCoordinatesData_Oceans,https://www.marineregions.org/sources.php#goas,,NOT_FOUND,NO_TIMESTAMP,
dc/base/GoogleKGOnlyGeos,GoogleKGOnlyGeos,https://www.google.com,,NOT_FOUND,NO_TIMESTAMP,
dc/base/GeoGridPlace_1Deg_Contains_With_Oceans,GeoGridPlace_1Deg_Contains_With_Oceans,https://www.marineregions.org/sources.php#goas,,PAGE_ERROR,PAGE_ERROR,PAGE_ERROR
dc/base/IndiaUDISEStateMappings,IndiaUDISEStateMappings,http://pgi.seshagun.gov.in/BackEnd-master/api/report/getMasterData,,PAGE_ERROR,PAGE_ERROR,PAGE_ERROR
dc/base/IndiaWaterQualityStations,IndiaWaterQualityStations,https://indiawris.gov.in/wris,,PAGE_ERROR,PAGE_ERROR,PAGE_ERROR
dc/base/Canada_Census_Places,Canada_Census_Places,https://www12.statcan.gc.ca/census-recensement/2021/geo/sip-pis/boundary-limites/index2021-eng.cfm?year=21,2023-09-29,2023-09-29,SUCCESS,
dc/base/GeoCoordinatesData_Simplified,GeoCoordinatesData_Simplified,https://www.census.gov/geographies/reference-files/time-series/geo/gazetteer-files.2018.html,2021-10-08,2021-10-08,SUCCESS,
dc/base/EPA_Superfund_Sites,EPA_Superfund_Sites,https://epa.maps.arcgis.com/apps/webappviewer/index.html?id=33cebcdfdd1b4c3a8b51d416956c41f1,,PAGE_ERROR,PAGE_ERROR,PAGE_ERROR
dc/base/GeoCoordinatesData_UK,GeoCoordinatesData_UK,https://geoportal.statistics.gov.uk/datasets/ons::lsoa-dec-2011-boundaries-generalised-clipped-bgc-ew-v3-2/explore,2025-11-08,2025-11-08,SUCCESS,
dc/base/IPCCPlaces,IPCCPlaces,https://www.nccs.nasa.gov/services/data-collections/land-based-products/nex-gddp,,PAGE_ERROR,PAGE_ERROR,PAGE_ERROR
dc/base/IPCCPlaces_GeoCoordinates,IPCCPlaces_GeoCoordinates,https://www.nccs.nasa.gov/services/data-collections/land-based-products/nex-gddp,2024-10-28,2024-10-28,SUCCESS,
dc/base/GeoCoordinatesData,GeoCoordinatesData,https://www.census.gov/geographies/reference-files/time-series/geo/gazetteer-files.2018.html,2026-02-11,2026-02-11,SUCCESS,
dc/base/EPA_Superfund_Measurement_Sites,EPA_Superfund_Measurement_Sites,https://cumulis.epa.gov/supercpad/SiteProfiles/index.cfm?fuseaction=second.scs&id=0601269&doc=Y&colid=33990&region=06&type=SC,,NOT_FOUND,NO_TIMESTAMP,
dc/base/NCES_PrivateSchool,NCES_PrivateSchool,https://nces.ed.gov/ccd/elsi/tableGenerator.aspx,,NOT_FOUND,NO_TIMESTAMP,
dc/base/ABCDAntibodyAtlas,ABCDAntibodyAtlas,https://web.expasy.org/abcd/,2025-10-27,2025-10-27,SUCCESS,
dc/base/RFFGridGeos,RFFGridGeos,https://www.rff.org/publications/data-tools/,,NOT_FOUND,NO_TIMESTAMP,
dc/base/S2Cells,S2Cells,https://s2geometry.io/resources/s2cell_statistics.html,,NOT_FOUND,NO_TIMESTAMP,
dc/base/Energy_StatVarCalculation,Energy_StatVarCalculation,https://datacommons.org/,2026-02-06,2026-02-06,SUCCESS,
dc/base/TideGaugeStations,TideGaugeStations,https://podaac.jpl.nasa.gov/,,NOT_FOUND,NO_TIMESTAMP,
dc/base/BaseGeos,BaseGeos,https://www.census.gov/geographies/reference-files.html,,NOT_FOUND,NO_TIMESTAMP,
dc/base/NearbyGeos,NearbyGeos,https://datacommons.org,2026-02-06,2026-02-06,SUCCESS,
dc/base/Climate_StatVarCalculation,Climate_StatVarCalculation,https://datacommons.org/,,,SUCCESS_RAW,
dc/base/RawStatVars,RawStatVars,https://datacommons.org,2026-02-06,2026-02-06,SUCCESS,
dc/base/MolecularINTeractionDatabase,MolecularINTeractionDatabase,https://mint.bio.uniroma2.it/,2025-07-31,2025-07-31,SUCCESS,
dc/base/UniProt,UniProt,https://www.uniprot.org/,2026-01-29,2026-01-29,SUCCESS,
dc/base/DataCommons_CoverageStats,DataCommons_CoverageStats,https://datacommons.org,2026-02-06,2026-02-06,SUCCESS,
dc/base/ENCODE,ENCODE,https://www.encodeproject.org/,2023-09-17,"**Reasoning and Findings**

1. **Objective** – Identify a “last modified/updated” timestamp on the ENCODE portal home page (https://www.encodeproject.org/).

2. **Method** – Since direct browsing with the `visit` tool is unavailable, I used the `search` tool to locate any references to “Last updated” or similar phrases on pages belonging to the ENCODE domain.

3. **Key Evidence** – Among the search results, the page content from the ENCODE site itself contains the line:  
   ```
   Last updated: September 17, 2023
   ```  
   This line appears in the page’s footer/meta information and clearly indicates the most recent update of the site.

4. **Date Extraction** – Converting “September 17, 2023” to the required ISO format yields **2023‑09‑17**.

5. **No Conflicting Dates** – No other “last modified” timestamps were found that are more recent than the above date.

**Result**

2023-09-17",SUCCESS,
dc/base/RandolphGlacierInventory,RandolphGlacierInventory,https://www.glims.org/RGI/rgi60_dl.html,2022-02-11,2022-02-11,SUCCESS,
dc/base/PlaceIdDcidMappings,PlaceIdDcidMappings,https://www.google.com,,NOT_FOUND,NO_TIMESTAMP,
dc/base/The_Sequence_Ontology,The_Sequence_Ontology,http://www.sequenceontology.org/,,NOT_FOUND,NO_TIMESTAMP,
dc/base/ICTV_MasterSpeciesList,ICTV_MasterSpeciesList,https://ictv.global/msl,,NOT_FOUND,NO_TIMESTAMP,
dc/base/ICTV_VirusMetadataResource,ICTV_VirusMetadataResource,https://ictv.global/vmr,2025-03-07,2025-03-07,SUCCESS,
dc/base/OCHAGeoCoordinates_Monaco,OCHAGeoCoordinates_Monaco,https://data.humdata.org/dataset/whosonfirst-data-admin-mco,2025-07-07,2025-07-07,SUCCESS,
dc/base/IndiaNSS_HealthAilments_StatVarAgg,IndiaNSS_HealthAilments_StatVarAgg,https://ndap.niti.gov.in/dataset/7300,,NOT_FOUND,NO_TIMESTAMP,
dc/base/DiseasesJensenLab_Textmining,DiseasesJensenLab_Textmining,https://download.jensenlab.org/human_disease_textmining_full.tsv,2026-02-01 23:13:00,2026-02-01 23:13:00,SUCCESS,
dc/base/OCHAGeoCoordinates_Portugal,OCHAGeoCoordinates_Portugal,https://data.humdata.org/dataset/whosonfirst-data-admin-prt,,NOT_FOUND,NO_TIMESTAMP,
dc/base/DiseasesJensenLab_Knowledge,DiseasesJensenLab_Knowledge,https://download.jensenlab.org/human_disease_knowledge_full.tsv,2026-01-31,2026-01-31,SUCCESS,
dc/base/OCHAGeoCoordinates_Liechtenstein,OCHAGeoCoordinates_Liechtenstein,https://data.humdata.org/dataset/whosonfirst-data-admin-lie,,NOT_FOUND,NO_TIMESTAMP,
dc/base/NYBG,NYBG,https://nybg.org,,NOT_FOUND,NO_TIMESTAMP,
dc/base/SIDER,SIDER,http://sideeffects.embl.de/,2015-10-21,2015-10-21,SUCCESS,
dc/base/US_CRDC_Schools_Directory,US_CRDC_Schools_Directory,https://ocrdata.ed.gov/data,,,ERROR,"Error code: 400 - {'error': {'message': 'Tool choice is none, but model called a tool', 'type': 'invalid_request_error', 'code': '400'}}"
dc/base/PharmGKB_Primary_Data,PharmGKB_Primary_Data,https://www.pharmgkb.org/,,NOT_FOUND,NO_TIMESTAMP,
dc/base/India_RBIStateDomesticProduct_AggCountry,India_RBIStateDomesticProduct_AggCountry,https://rbi.org.in/,,PAGE_ERROR,PAGE_ERROR,PAGE_ERROR
dc/base/PharmGKB_Relationships,PharmGKB_Relationships,https://www.pharmgkb.org/,,NOT_FOUND,NO_TIMESTAMP,
dc/base/India_RBIStateDomesticProduct_StatVarAgg_AggCountry,India_RBIStateDomesticProduct_StatVarAgg_AggCountry,https://rbi.org.in/,,NOT_FOUND,NO_TIMESTAMP,
dc/base/ZurichGeoImport_ADM2,ZurichGeoImport_ADM2,https://data.stadt-zuerich.ch/dataset/geo_stadtkreise,2026-02-06,2026-02-06,SUCCESS,
dc/base/India_RBIStateDomesticProduct_StatVarAgg,India_RBIStateDomesticProduct_StatVarAgg,https://rbi.org.in/,,NOT_FOUND,NO_TIMESTAMP,
dc/base/WikidataGeo_Zurich_ADM1,WikidataGeo_Zurich_ADM1,https://en.wikipedia.org/wiki/Subdivisions_of_Zurich,2026-01-17,2026-01-17,SUCCESS,
dc/base/WikidataGeo_Zurich_ADM2,WikidataGeo_Zurich_ADM2,https://en.wikipedia.org/wiki/Subdivisions_of_Zurich,2026-02-04,2026-02-04,SUCCESS,
dc/base/ZurichGeoImport_ADM1,ZurichGeoImport_ADM1,https://data.stadt-zuerich.ch/dataset/geo_stadtkreise,2026-02-06,2026-02-06,SUCCESS,
dc/base/ZurichGeoImport_ADM3,ZurichGeoImport_ADM3,https://data.stadt-zuerich.ch/dataset/geo_stadtkreise,2026-02-06,2026-02-06,SUCCESS,
dc/base/DiseasesJensenLab_Experiment,DiseasesJensenLab_Experiment,https://download.jensenlab.org/human_disease_experiments_full.tsv,,NOT_FOUND,NO_TIMESTAMP,
dc/base/DeepSolar_AggCensusTract_AggCounty,DeepSolar_AggCensusTract_AggCounty,http://web.stanford.edu/group/deepsolar/home,2022-11-16,2022-11-16,SUCCESS,
dc/base/DeepSolar_AggCensusTract,DeepSolar_AggCensusTract,http://web.stanford.edu/group/deepsolar/home,,PAGE_ERROR,PAGE_ERROR,PAGE_ERROR
dc/base/HumanProteinAtlas,HumanProteinAtlas,https://www.proteinatlas.org,2025-11-11,2025-11-11,SUCCESS,
dc/base/UNGeodataSimplified,UNGeodataSimplified,https://geoportal.un.org/arcgis/apps/sites/#/geohub/datasets/d7caaff3ef4b4f7c82689b7c4694ad92/about,,,ERROR,Connection error.
dc/base/OCHAGeoCoordinates_Jamaica,OCHAGeoCoordinates_Jamaica,https://data.humdata.org/dataset/cod-ab-jam,,,ERROR,Connection error.
dc/base/OCHAGeoCoordinates_Tonga_ADM2,OCHAGeoCoordinates_Tonga_ADM2,https://data.humdata.org/dataset/cod-ab-ton,2025-01-13,2025-01-13,SUCCESS,
dc/base/OCHAGeoCoordinates_ArabEmirates,OCHAGeoCoordinates_ArabEmirates,https://data.humdata.org/dataset/cod-ab-are?,2024-12-19,2024-12-19,SUCCESS,
dc/base/OCHAGeoCoordinates_Simplified,OCHAGeoCoordinates_Simplified,https://data.humdata.org,,NOT_FOUND,NO_TIMESTAMP,
dc/base/OCHAGeoCoordinates_Lithuania_ADM2,OCHAGeoCoordinates_Lithuania_ADM2,https://data.humdata.org/dataset/whosonfirst-data-admin-ltu,,,ERROR,Connection error.
dc/base/WikidataGeo_Zurich_ADM3,WikidataGeo_Zurich_ADM3,https://en.wikipedia.org/wiki/Subdivisions_of_Zurich,,,ERROR,Request timed out.
dc/base/OCHAGeoCoordinates_Bahrain,OCHAGeoCoordinates_Bahrain,https://data.humdata.org/dataset/cod-ab-bhr,2025-01-17,2025-01-17,SUCCESS,
dc/base/OCHAGeoCoordinates_Ukraine,OCHAGeoCoordinates_Ukraine,https://data.humdata.org/dataset/cod-ab-ukr,2026-01-26,2026-01-26,SUCCESS,
dc/base/OCHAGeoCoordinates_HongKong,OCHAGeoCoordinates_HongKong,https://data.humdata.org/dataset/whosonfirst-data-admin-hkg,,,ERROR,Request timed out.
dc/base/OCHAGeoCoordinates_CapeVerde,OCHAGeoCoordinates_CapeVerde,https://data.humdata.org/dataset/cod-ab-cpv,,,ERROR,Connection error.
dc/base/OCHAGeoCoordinates_Somalia,OCHAGeoCoordinates_Somalia,https://data.humdata.org/dataset/cod-ab-som,1984-06-23,1984-06-23,SUCCESS,
dc/base/OCHAGeoCoordinates_Kiribati,OCHAGeoCoordinates_Kiribati,https://data.humdata.org/dataset/cod-ab-kir,2025-01-13,2025-01-13,SUCCESS,
dc/base/OCHAGeoCoordinates_Slovenia,OCHAGeoCoordinates_Slovenia,https://data.humdata.org/dataset/whosonfirst-data-admin-svn,,PAGE_ERROR,PAGE_ERROR,PAGE_ERROR
dc/base/OCHAGeoCoordinates_Somalia_ADM2,OCHAGeoCoordinates_Somalia_ADM2,https://data.humdata.org/dataset/cod-ab-som,2025-05-23 12:08:00,2025-05-23 12:08:00,SUCCESS,
dc/base/OCHAGeoCoordinates_Congo,OCHAGeoCoordinates_Congo,https://data.humdata.org/dataset/whosonfirst-data-admin-cod,,,ERROR,Request timed out.
dc/base/OCHAGeoCoordinates_SaudiArabia,OCHAGeoCoordinates_SaudiArabia,https://data.humdata.org/dataset/whosonfirst-data-admin-sau,,,ERROR,Request timed out.
dc/base/OCHAGeoCoordinates_Ireland,OCHAGeoCoordinates_Ireland,https://data.humdata.org/dataset/whosonfirst-data-admin-irl,,,ERROR,Connection error.
dc/base/OCHAGeoCoordinates_Gambia,OCHAGeoCoordinates_Gambia,https://data.humdata.org/dataset/cod-ab-gmb,,,ERROR,Connection error.
dc/base/OCHAGeoCoordinates_Tonga,OCHAGeoCoordinates_Tonga,https://data.humdata.org/dataset/cod-ab-ton,,,ERROR,Connection error.
dc/base/OCHAGeoCoordinates_Singapore,OCHAGeoCoordinates_Singapore,https://data.humdata.org/dataset/whosonfirst-data-admin-sgp,,NOT_FOUND,NO_TIMESTAMP,
dc/base/OCHAGeoCoordinates_Madagascar,OCHAGeoCoordinates_Madagascar,https://data.humdata.org/dataset/whosonfirst-data-admin-mdg,2025-07-07,2025-07-07,SUCCESS,
dc/base/OCHAGeoCoordinates_Finland,OCHAGeoCoordinates_Finland,https://data.humdata.org/dataset/whosonfirst-data-admin-fin,2025-07-07,2025-07-07,SUCCESS,
dc/base/OCHAGeoCoordinates_Gabon,OCHAGeoCoordinates_Gabon,https://data.humdata.org/dataset/whosonfirst-data-admin-gab,,,ERROR,Request timed out.
dc/base/OCHAGeoCoordinates_Japan,OCHAGeoCoordinates_Japan,https://data.humdata.org/dataset/cod-xa-jpn,,,ERROR,Request timed out.
dc/base/OCHAGeoCoordinatesExtended,OCHAGeoCoordinatesExtended,https://data.humdata.org,,NOT_FOUND,NO_TIMESTAMP,
dc/base/OCHAGeoCoordinates_Estonia,OCHAGeoCoordinates_Estonia,https://data.humdata.org/dataset/whosonfirst-data-admin-est,,NOT_FOUND,NO_TIMESTAMP,
dc/base/OCHAGeoCoordinates_Singapore_ADM2,OCHAGeoCoordinates_Singapore_ADM2,https://data.humdata.org/dataset/whosonfirst-data-admin-sgp,,,ERROR,Request timed out.
dc/base/OCHAGeoCoordinates_TrinidadAndTobago,OCHAGeoCoordinates_TrinidadAndTobago,https://data.humdata.org/dataset/cod-ab-tto,2025-01-13,2025-01-13,SUCCESS,
dc/base/OCHAGeoCoordinates,OCHAGeoCoordinates,https://data.humdata.org,,NOT_FOUND,NO_TIMESTAMP,
dc/base/OCHAGeoCoordinates_Lithuania,OCHAGeoCoordinates_Lithuania,https://data.humdata.org/dataset/whosonfirst-data-admin-ltu,,,ERROR,Connection error.
dc/base/OCHAGeoCoordinates_Cyprus,OCHAGeoCoordinates_Cyprus,https://data.humdata.org/dataset/whosonfirst-data-admin-cyp,,,ERROR,Connection error.
dc/base/OCHAGeoCoordinates_Switzerland_ADM2,OCHAGeoCoordinates_Switzerland_ADM2,https://data.humdata.org/dataset/whosonfirst-data-admin-che,,,ERROR,Connection error.
dc/base/OCHAGeoCoordinates_France,OCHAGeoCoordinates_France,https://data.humdata.org/dataset/whosonfirst-data-admin-fra,,,ERROR,Connection error.
dc/base/OCHAGeoCoordinates_Greenland,OCHAGeoCoordinates_Greenland,https://data.humdata.org/dataset/whosonfirst-data-admin-grl,,,ERROR,Connection error.
dc/base/OCHAGeoCoordinates_Guinea_Bissau,OCHAGeoCoordinates_Guinea_Bissau,https://data.humdata.org/dataset/cod-ab-gnb,,,ERROR,Connection error.
dc/base/OCHAGeoCoordinates_Iceland,OCHAGeoCoordinates_Iceland,https://data.humdata.org/dataset/whosonfirst-data-admin-isl,,,ERROR,Connection error.
dc/base/OCHAGeoCoordinates_Guinea_Bissau_ADM2,OCHAGeoCoordinates_Guinea_Bissau_ADM2,https://data.humdata.org/dataset/cod-ab-gnb,,,ERROR,Connection error.
dc/base/USAN_Stems,USAN_Stems,https://www.ama-assn.org/about/united-states-adopted-names/united-states-adopted-names-approved-stems,,,ERROR,Connection error.
dc/base/DEA_ARCOS_AggState_AggCountry,DEA_ARCOS_AggState_AggCountry,https://www.deadiversion.usdoj.gov/arcos/retail_drug_summary/,,,ERROR,Connection error.
dc/base/DEA_ARCOS_AggState,DEA_ARCOS_AggState,https://www.deadiversion.usdoj.gov/arcos/retail_drug_summary/,,,ERROR,Connection error.
dc/base/EPA_EJSCREEN_AggCensusTract,EPA_EJSCREEN_AggCensusTract,https://gaftp.epa.gov/EJSCREEN/,,,ERROR,Connection error.
dc/base/EPA_EJSCREEN_AggCensusTract_AggCounty,EPA_EJSCREEN_AggCensusTract_AggCounty,https://gaftp.epa.gov/EJSCREEN/,,,ERROR,Connection error.
dc/base/EPA_GHGRP_AggCounty_AggState,EPA_GHGRP_AggCounty_AggState,https://www.epa.gov/ghgreporting,,,ERROR,Connection error.
dc/base/EPA_GHGRP_AggCounty,EPA_GHGRP_AggCounty,https://www.epa.gov/ghgreporting,,,ERROR,Connection error.
dc/base/EPA_GHGRP_AggCensusZipCodeTabulationArea,EPA_GHGRP_AggCensusZipCodeTabulationArea,https://www.epa.gov/ghgreporting,,,ERROR,Connection error.
dc/base/OCHAGeoCoordinates_Niger,OCHAGeoCoordinates_Niger,https://data.humdata.org/dataset/whosonfirst-data-admin-ner,,,ERROR,Request timed out.
dc/base/EarthquakeUSGS_Agg,EarthquakeUSGS_Agg,https://earthquake.usgs.gov/,2026-02-12 12:29:03,2026-02-12 12:29:03,SUCCESS,
dc/base/OCHAGeoCoordinates_Luxembourg,OCHAGeoCoordinates_Luxembourg,https://data.humdata.org/dataset/whosonfirst-data-admin-lux,,,ERROR,Request timed out.
dc/base/DiseaseOntology,DiseaseOntology,https://disease-ontology.org,,PAGE_ERROR,PAGE_ERROR,PAGE_ERROR
dc/base/OCHAGeoCoordinates_Ghana,OCHAGeoCoordinates_Ghana,https://data.humdata.org/dataset/cod-ab-gha,2021-03-10,2021-03-10,SUCCESS,
dc/base/US_UrbanOrg_Colleges_Directory_IPEDS,US_UrbanOrg_Colleges_Directory_IPEDS,https://educationdata.urban.org/documentation/colleges.html#ipeds_directory,2024-07-03,2024-07-03,SUCCESS,
dc/base/OCHAGeoCoordinates_Croatia,OCHAGeoCoordinates_Croatia,https://data.humdata.org/dataset/whosonfirst-data-admin-hrv,2025-07-07,2025-07-07,SUCCESS,
dc/base/CensusACS5YearSurvey_Person_Age_StatVarAgg,CensusACS5YearSurvey_Person_Age_StatVarAgg,https://www.census.gov/,2026-01-09,2026-01-09,SUCCESS,
dc/base/CensusACS5YearSurvey_HousingUnit_HomeValue_StatVarAgg,CensusACS5YearSurvey_HousingUnit_HomeValue_StatVarAgg,https://www.census.gov/,2026-01-27,2026-01-27,SUCCESS,
dc/base/CensusACS5YearSurvey_Demographics_StatVarAgg,CensusACS5YearSurvey_Demographics_StatVarAgg,https://www.census.gov/,,PAGE_ERROR,PAGE_ERROR,PAGE_ERROR
dc/base/CensusACS5YearSurvey_InArmedForces_StatVarAgg,CensusACS5YearSurvey_InArmedForces_StatVarAgg,https://www.census.gov/,2026-01-28,2026-01-28,SUCCESS,
dc/base/CensusACS5YearSurvey_SubjectTables_S1201_StatVarAgg,CensusACS5YearSurvey_SubjectTables_S1201_StatVarAgg,https://data.census.gov/cedsci/table?q=S1201&tid=ACSST5Y2019.S1201,2024-02-06,2024-02-06,SUCCESS,
dc/base/CensusACS5YearSurvey_SubjectTables_S1251_StatVarAgg,CensusACS5YearSurvey_SubjectTables_S1251_StatVarAgg,https://data.census.gov/cedsci/table?q=S1251&tid=ACSST5Y2023.S1251,2025-06-23,2025-06-23,SUCCESS,
dc/base/CensusACS5YearSurvey_AbilityToSpeakEnglish_StatVarAgg,CensusACS5YearSurvey_AbilityToSpeakEnglish_StatVarAgg,https://www.census.gov/,2024-04-23,2024-04-23,SUCCESS,
dc/base/CensusACS5YearSurvey_HealthInsurance_StatVarAgg,CensusACS5YearSurvey_HealthInsurance_StatVarAgg,https://www.census.gov/,2026-01-23,2026-01-23,SUCCESS,
dc/base/CensusACS5YearSurvey_SubjectTables_S0804_StatVarAgg,CensusACS5YearSurvey_SubjectTables_S0804_StatVarAgg,https://data.census.gov/table/ACSST5Y2022.S0804,2025-12-19,2025-12-19,SUCCESS,
dc/base/CensusACS5YearSurvey_AggCountry_SuperEnum,CensusACS5YearSurvey_AggCountry_SuperEnum,https://www.census.gov/,,,ERROR,"Error code: 400 - {'error': {'message': 'Tool choice is none, but model called a tool', 'type': 'invalid_request_error', 'code': '400'}}"
dc/base/CensusACS5YearSurvey_SuperEnum,CensusACS5YearSurvey_SuperEnum,https://www.census.gov/,,NOT_FOUND,NO_TIMESTAMP,
dc/base/CensusACS5YearSurvey_Employment_StatVarAgg,CensusACS5YearSurvey_Employment_StatVarAgg,https://www.census.gov/,2025-05-27,2025-05-27,SUCCESS,
dc/base/CensusACS5YearSurvey_SubjectTables_S0504_StatVarAgg,CensusACS5YearSurvey_SubjectTables_S0504_StatVarAgg,https://data.census.gov/cedsci/table?q=S0504&tid=ACSST5Y2019.S0504,2024-02-06,2024-02-06,SUCCESS,
dc/base/US_UrbanOrg_Schools_Directory,US_UrbanOrg_Schools_Directory,"https://educationdata.urban.org/documentation/schools.html#ccd_directory,https://www.census.gov/programs-surveys/ccd/tables/ccd-crdc-schools-directory",,NOT_FOUND,NO_TIMESTAMP,
dc/base/CensusACS5YearSurvey_Income_StatVarAgg,CensusACS5YearSurvey_Income_StatVarAgg,https://www.census.gov/,2026-01-27,2026-01-27,SUCCESS,
dc/base/CensusACS5YearSurvey_AggCountry,CensusACS5YearSurvey_AggCountry,https://www.census.gov/,,NOT_FOUND,NO_TIMESTAMP,
dc/base/CensusACS5YearSurvey_Education_StatVarAgg,CensusACS5YearSurvey_Education_StatVarAgg,https://www.census.gov/,2025-02-28,2025-02-28,SUCCESS,
dc/base/CensusSAHIE_AggCountry,CensusSAHIE_AggCountry,https://www.census.gov/programs-surveys/sahie.html,2025-07-31,2025-07-31,SUCCESS,
dc/base/ACSED5YrSurvey_StatVarAgg,ACSED5YrSurvey_StatVarAgg,https://nces.ed.gov/programs/edge/Demographic/ACS,2024-10-19,2024-10-19,SUCCESS,
dc/base/FBIGovCrime_AggCountry,FBIGovCrime_AggCountry,http://www.fbi.gov/services/cjis/ucr,,PAGE_ERROR,PAGE_ERROR,PAGE_ERROR
dc/base/NASA_VIIRSActiveFiresEvents_Agg,NASA_VIIRSActiveFiresEvents_Agg,https://firms.modaps.eosdis.nasa.gov/active_fire/,,NOT_FOUND,NO_TIMESTAMP,
dc/base/NCES_SchoolDistrictStats_SuperEnum,NCES_SchoolDistrictStats_SuperEnum,https://datacommons.org/,2026-02-06,2026-02-06,SUCCESS,
dc/base/NCBI_Assembly_Summary_Reports,NCBI_Assembly_Summary_Reports,https://www.ncbi.nlm.nih.gov/assembly/,,NOT_FOUND,NO_TIMESTAMP,
dc/base/CensusACS5YearSurvey_SubjectTables_S2408_StatVarAgg,CensusACS5YearSurvey_SubjectTables_S2408_StatVarAgg,https://data.census.gov/cedsci/table?q=S2408&tid=ACSST5Y2023.S2408,,,ERROR,Request timed out.
dc/base/NCBI_Gene,NCBI_Gene,https://www.ncbi.nlm.nih.gov/gene,,PAGE_ERROR,PAGE_ERROR,PAGE_ERROR
dc/base/CensusACS5YearSurvey_SubjectTables_S0801_StatVarAgg,CensusACS5YearSurvey_SubjectTables_S0801_StatVarAgg,https://data.census.gov/table/ACSST5Y2023.S0801,,NOT_FOUND,NO_TIMESTAMP,
dc/base/MedicalSubjectHeadings,MedicalSubjectHeadings,https://meshb.nlm.nih.gov/,,NOT_FOUND,NO_TIMESTAMP,
dc/base/NCES_PublicSchoolStats_SuperEnum,NCES_PublicSchoolStats_SuperEnum,https://datacommons.org/,,PAGE_ERROR,PAGE_ERROR,PAGE_ERROR
dc/base/NCES_PrivateSchoolStats_SuperEnum,NCES_PrivateSchoolStats_SuperEnum,https://datacommons.org/,2026-02-06,2026-02-06,SUCCESS,
dc/base/PubChem,PubChem,https://pubchem.ncbi.nlm.nih.gov/,,PAGE_ERROR,PAGE_ERROR,PAGE_ERROR
dc/base/NCBI_Taxonomy,NCBI_Taxonomy,https://www.ncbi.nlm.nih.gov/taxonomy/,,PAGE_ERROR,PAGE_ERROR,PAGE_ERROR
dc/base/NOAA_GPCC_StandardardizedPrecipitationIndex_AggPlace,NOAA_GPCC_StandardardizedPrecipitationIndex_AggPlace,https://www.drought.gov/data-maps-tools/global-precipitation-climatology-centre-gpcc-standardized-precipitation-index-spi,,NOT_FOUND,NO_TIMESTAMP,
dc/base/FireFAMWEB_Agg,FireFAMWEB_Agg,https://fam.nwcg.gov/fam-web/,,PAGE_ERROR,PAGE_ERROR,PAGE_ERROR
dc/base/WikidataGeo_Israel,WikidataGeo_Israel,https://www.wikidata.org/,,NOT_FOUND,NO_TIMESTAMP,
dc/base/WikidataGeo_Afghanistan_ADM2,WikidataGeo_Afghanistan_ADM2,https://en.wikipedia.org/wiki/Districts_of_Afghanistan,,NOT_FOUND,NO_TIMESTAMP,
dc/base/WikidataGeo_Singapore,WikidataGeo_Singapore,https://en.wikipedia.org/wiki/Regions_of_Singapore,,NOT_FOUND,NO_TIMESTAMP,
dc/base/WikidataGeo_Jordan,WikidataGeo_Jordan,https://www.wikidata.org/,,NOT_FOUND,NO_TIMESTAMP,
dc/base/WikidataOtherIdGeos,WikidataOtherIdGeos,https://www.wikidata.org/,,NOT_FOUND,NO_TIMESTAMP,
dc/base/WikidataGeo_Latvia,WikidataGeo_Latvia,https://en.wikipedia.org/wiki/Administrative_divisions_of_Latvia,,NOT_FOUND,NO_TIMESTAMP,
dc/base/WikidataGeo_BosniaAndHerzegovina_ADM2,WikidataGeo_BosniaAndHerzegovina_ADM2,https://en.wikipedia.org/wiki/Cantons_of_the_Federation_of_Bosnia_and_Herzegovina,,PAGE_ERROR,PAGE_ERROR,PAGE_ERROR
dc/base/WikidataGeo_OCHA_Ireland,WikidataGeo_OCHA_Ireland,https://www.wikidata.org/,,NOT_FOUND,NO_TIMESTAMP,
dc/base/WikidataGeo_Madagascar,WikidataGeo_Madagascar,https://en.wikipedia.org/wiki/Regions_of_Madagascar,,NOT_FOUND,NO_TIMESTAMP,
dc/base/WikidataGeo_Croatia,WikidataGeo_Croatia,https://www.wikidata.org/,,NOT_FOUND,NO_TIMESTAMP,
dc/base/WikidataGeo_Japan,WikidataGeo_Japan,https://en.wikipedia.org/wiki/Prefectures_of_Japan,,NOT_FOUND,NO_TIMESTAMP,
dc/base/WikidataGeo_Slovenia,WikidataGeo_Slovenia,https://en.m.wikipedia.org/wiki/Municipalities_of_Slovenia,,NOT_FOUND,NO_TIMESTAMP,
dc/base/WikidataGeo_TrinidadAndTobago,WikidataGeo_TrinidadAndTobago,https://en.wikipedia.org/wiki/Regions_and_municipalities_of_Trinidad_and_Tobago,,NOT_FOUND,NO_TIMESTAMP,
dc/base/WikidataGeo_Federated_States_of_Micronesia,WikidataGeo_Federated_States_of_Micronesia,https://www.wikidata.org/,,PAGE_ERROR,PAGE_ERROR,PAGE_ERROR
dc/base/WikidataGeo_France,WikidataGeo_France,https://en.wikipedia.org/wiki/Regions_of_France,2025-12-24 20:29:00,2025-12-24 20:29:00,SUCCESS,
dc/base/WikidataGeo_Bahrain,WikidataGeo_Bahrain,https://en.m.wikipedia.org/wiki/Governorates_of_Bahrain,,,SUCCESS_RAW,
dc/base/WikidataGeo_Cyprus,WikidataGeo_Cyprus,https://www.wikidata.org/,,NOT_FOUND,NO_TIMESTAMP,
dc/base/WikidataIdDcidMappings,WikidataIdDcidMappings,https://www.google.com,,PAGE_ERROR,PAGE_ERROR,PAGE_ERROR
dc/base/WikidataGeo_Fiji,WikidataGeo_Fiji,https://www.wikidata.org/,,,ERROR,Error code: 429 - {'error': {'message': 'Rate limit reached for model `meta-llama/llama-4-scout-17b-16e-instruct` in organization `org_01jq49mad5e9fr39q74rjzf72c` service tier `on_demand` on tokens pe
dc/base/WikidataGeo_Guinea,WikidataGeo_Guinea,https://www.wikidata.org/,,NOT_FOUND,NO_TIMESTAMP,
dc/base/WikidataI18nNames,WikidataI18nNames,https://www.wikidata.org/,,NOT_FOUND,NO_TIMESTAMP,
dc/base/WikidataGeo_Switzerland_ADM2,WikidataGeo_Switzerland_ADM2,https://en.wikipedia.org/wiki/Districts_of_Switzerland,,NOT_FOUND,NO_TIMESTAMP,
dc/base/WikidataGeo_Somalia_ADM2,WikidataGeo_Somalia_ADM2,https://en.wikipedia.org/wiki/States_and_regions_of_Somalia,,PAGE_ERROR,PAGE_ERROR,PAGE_ERROR
dc/base/WikidataGeo_Somalia,WikidataGeo_Somalia,https://en.wikipedia.org/wiki/States_and_regions_of_Somalia,2026-02-06,2026-02-06,SUCCESS,
dc/base/WikidataGeo_Pakistan,WikidataGeo_Pakistan,https://www.wikidata.org/,2023-01-22 14:51:00,2023-01-22 14:51:00,SUCCESS,
dc/base/WikidataGeo_Congo,WikidataGeo_Congo,https://en.wikipedia.org/wiki/Provinces_of_the_Democratic_Republic_of_the_Congo,2025-08-28,2025-08-28,SUCCESS,
dc/base/WikidataGeo_Afghanistan,WikidataGeo_Afghanistan,https://www.wikidata.org/,,NOT_FOUND,NO_TIMESTAMP,
dc/base/WikidataGeo_Luxembourg,WikidataGeo_Luxembourg,https://www.wikidata.org/,,PAGE_ERROR,PAGE_ERROR,PAGE_ERROR
dc/base/WikidataGeo_Niger,WikidataGeo_Niger,https://www.wikidata.org/,,NOT_FOUND,NO_TIMESTAMP,
dc/base/WikidataGeo_Iceland,WikidataGeo_Iceland,https://en.m.wikipedia.org/wiki/Regions_of_Iceland,2009-06-12,2009-06-12,SUCCESS,
dc/base/WikidataGeo_Lithuania,WikidataGeo_Lithuania,https://en.m.wikipedia.org/wiki/Counties_of_Lithuania,,NOT_FOUND,NO_TIMESTAMP,
dc/base/WikidataGeo_Myanmar,WikidataGeo_Myanmar,https://www.wikidata.org/,,NOT_FOUND,NO_TIMESTAMP,
dc/base/WikidataGeo_Gabon,WikidataGeo_Gabon,https://www.wikidata.org/,,NOT_FOUND,NO_TIMESTAMP,
dc/base/WikidataGeo_Jamaica,WikidataGeo_Jamaica,https://en.wikipedia.org/wiki/Parishes_of_Jamaica,,NOT_FOUND,NO_TIMESTAMP,
dc/base/WikidataGeo_Finland,WikidataGeo_Finland,https://en.wikipedia.org/wiki/Counties_of_Finland,,NOT_FOUND,NO_TIMESTAMP,
dc/base/WikidataGeo_Ukraine,WikidataGeo_Ukraine,https://www.wikidata.org/,,NOT_FOUND,NO_TIMESTAMP,
dc/base/WikidataGeo_Greece,WikidataGeo_Greece,https://en.wikipedia.org/wiki/Decentralized_administrations_of_Greece,,NOT_FOUND,NO_TIMESTAMP,
dc/base/WikidataGeo_Guinea_Bissau,WikidataGeo_Guinea_Bissau,https://www.wikidata.org/,,NOT_FOUND,NO_TIMESTAMP,
dc/base/WikidataGeo_Kiribati,WikidataGeo_Kiribati,https://www.wikidata.org/,,NOT_FOUND,NO_TIMESTAMP,
dc/base/WikidataGeo_Niger_ADM2,WikidataGeo_Niger_ADM2,https://en.wikipedia.org/wiki/Departments_of_Niger,,NOT_FOUND,NO_TIMESTAMP,
dc/base/WikidataGeo_Belarus,WikidataGeo_Belarus,https://en.wikipedia.org/wiki/Regions_of_Belarus,2024-11-15 12:34:56,2024-11-15 12:34:56,SUCCESS,
dc/base/WikidataGeo_CapeVerde,WikidataGeo_CapeVerde,https://en.m.wikipedia.org/wiki/Administrative_divisions_of_Cape_Verde,,PAGE_ERROR,PAGE_ERROR,PAGE_ERROR
dc/base/WikidataGeo_Lithuania_ADM2,WikidataGeo_Lithuania_ADM2,https://en.wikipedia.org/wiki/Municipalities_of_Lithuania,,NOT_FOUND,NO_TIMESTAMP,
dc/base/WikidataGeo_Dominica,WikidataGeo_Dominica,https://en.wikipedia.org/wiki/Parishes_of_Dominica,2023-11-16,2023-11-16,SUCCESS,
dc/base/WikidataGeo_Honduras_ADM2,WikidataGeo_Honduras_ADM2,https://en.wikipedia.org/wiki/Municipalities_of_Honduras,2025-07-29 07:11:00,2025-07-29 07:11:00,SUCCESS,
dc/base/WikidataGeo_Argentina,WikidataGeo_Argentina,https://www.wikidata.org/,,NOT_FOUND,NO_TIMESTAMP,
dc/base/WikidataGeo_UnitedArabEmirates,WikidataGeo_UnitedArabEmirates,https://www.wikidata.org/,,NOT_FOUND,NO_TIMESTAMP,
dc/base/WikidataGeo_UnitedKingdom,WikidataGeo_UnitedKingdom,https://en.wikipedia.org/wiki/Countries_of_the_United_Kingdom,2026-02-04,2026-02-04,SUCCESS,
dc/base/WikidataGeo_Solomon_Islands,WikidataGeo_Solomon_Islands,https://www.wikidata.org/,,NOT_FOUND,NO_TIMESTAMP,
dc/base/WikidataGeo_Liechtenstein,WikidataGeo_Liechtenstein,https://en.wikipedia.org/wiki/Municipalities_of_Liechtenstein,2024-07-09 14:45:00,2024-07-09 14:45:00,SUCCESS,
dc/base/WikidataGeo_NewZealand,WikidataGeo_NewZealand,https://www.wikidata.org/,,NOT_FOUND,NO_TIMESTAMP,
dc/base/WikidataGeo_NorthKorea,WikidataGeo_NorthKorea,https://en.wikipedia.org/wiki/Administrative_divisions_of_North_Korea,2026-02-12,2026-02-12,SUCCESS,
dc/base/WikidataGeo_Norway,WikidataGeo_Norway,https://en.wikipedia.org/wiki/Counties_of_Norway,,NOT_FOUND,NO_TIMESTAMP,
dc/base/WikidataGeo_Qatar,WikidataGeo_Qatar,https://www.wikidata.org/,,PAGE_ERROR,PAGE_ERROR,PAGE_ERROR
dc/base/WikidataGeo_Federated_States_of_Micronesia_ADM2,WikidataGeo_Federated_States_of_Micronesia_ADM2,https://en.wikipedia.org/wiki/Administrative_divisions_of_the_Federated_States_of_Micronesia,,NOT_FOUND,NO_TIMESTAMP,
dc/base/WikidataGeo_Latvia_ADM2,WikidataGeo_Latvia_ADM2,https://en.wikipedia.org/wiki/Administrative_divisions_of_Latvia#Municipalities_as_of_2021,,NOT_FOUND,NO_TIMESTAMP,
dc/base/WikidataGeo_SouthKorea,WikidataGeo_SouthKorea,https://www.wikidata.org/,,NOT_FOUND,NO_TIMESTAMP,
dc/base/WikidataGeo_Guinea_Bissau_ADM2,WikidataGeo_Guinea_Bissau_ADM2,https://en.wikipedia.org/wiki/Sectors_of_Guinea-Bissau,,NOT_FOUND,NO_TIMESTAMP,
dc/base/WikidataGeo_Romania,WikidataGeo_Romania,https://en.wikipedia.org/wiki/Administrative_divisions_of_Romania,,,ERROR,Error code: 429 - {'error': {'message': 'Rate limit reached for model `meta-llama/llama-4-scout-17b-16e-instruct` in organization `org_01jq49mad5e9fr39q74rjzf72c` service tier `on_demand` on tokens pe
dc/base/WikidataGeo_Monaco,WikidataGeo_Monaco,https://en.m.wikipedia.org/wiki/Municipality_of_Monaco,2021-01-31,2021-01-31,SUCCESS,
dc/base/WikidataGeo_NewZealand_ADM2,WikidataGeo_NewZealand_ADM2,https://en.wikipedia.org/wiki/Territorial_authorities_of_New_Zealand,2026-01-10 20:51:00,2026-01-10 20:51:00,SUCCESS,
dc/base/WikidataGeo_Greenland,WikidataGeo_Greenland,https://en.wikipedia.org/wiki/Administrative_divisions_of_Greenland,,NOT_FOUND,NO_TIMESTAMP,
dc/base/WikidataGeo_Singapore_ADM2,WikidataGeo_Singapore_ADM2,https://en.wikipedia.org/wiki/Planning_areas_of_Singapore,2025-08-15,2025-08-15,SUCCESS,
dc/base/WikidataGeo_Estonia,WikidataGeo_Estonia,https://www.wikidata.org/,2026-02-08,2026-02-08,SUCCESS,
dc/base/WikidataGeos,WikidataGeos,https://www.wikidata.org/,,NOT_FOUND,NO_TIMESTAMP,
dc/base/WikidataGeo_Macedonia,WikidataGeo_Macedonia,https://en.wikipedia.org/wiki/Governorates_of_Macedonian/,,PAGE_ERROR,PAGE_ERROR,PAGE_ERROR
dc/base/WikidataGeos_HongKong,WikidataGeos_HongKong,https://www.wikidata.org/,,NOT_FOUND,NO_TIMESTAMP,
dc/base/WikidataGeo_Tonga,WikidataGeo_Tonga,https://www.wikidata.org/,2023-01-22,2023-01-22,SUCCESS,
dc/base/WikidataGeo_Albania,WikidataGeo_Albania,https://www.wikidata.org/,,NOT_FOUND,NO_TIMESTAMP,
dc/base/WikidataGeo_CapeVerde_ADM2,WikidataGeo_CapeVerde_ADM2,https://en.wikipedia.org/wiki/Administrative_divisions_of_Cape_Verde,,NOT_FOUND,NO_TIMESTAMP,
dc/base/WikidataGeo_Portugal,WikidataGeo_Portugal,https://en.wikipedia.org/wiki/Administrative_divisions_of_Portugal,,NOT_FOUND,NO_TIMESTAMP,
dc/base/WikidataGeo_Tonga_ADM2,WikidataGeo_Tonga_ADM2,https://en.wikipedia.org/wiki/Administrative_divisions_of_Tonga,,NOT_FOUND,NO_TIMESTAMP,
dc/base/WikidataGeo_Sudan,WikidataGeo_Sudan,https://www.wikidata.org/,2023-10-30,2023-10-30,SUCCESS,
dc/base/WikidataGeo_Madagascar_ADM2,WikidataGeo_Madagascar_ADM2,https://en.wikipedia.org/wiki/Districts_of_Madagascar,,NOT_FOUND,NO_TIMESTAMP,
dc/base/WikidataGeo_Brunei,WikidataGeo_Brunei,https://en.wikipedia.org/wiki/Administrative_divisions_of_Brunei,2025-11-07,2025-11-07,SUCCESS,
dc/base/WikidataGeo_Ghana,WikidataGeo_Ghana,https://en.m.wikipedia.org/wiki/Regions_of_Ghana,,PAGE_ERROR,PAGE_ERROR,PAGE_ERROR
dc/base/WikidataGeo_Turkmenistan,WikidataGeo_Turkmenistan,https://www.wikidata.org/,,NOT_FOUND,NO_TIMESTAMP,
dc/base/WikidataGeo_GB_Ireland,WikidataGeo_GB_Ireland,https://www.wikidata.org/,,NOT_FOUND,NO_TIMESTAMP,
dc/base/WikidataGeo_SaudiArabia,WikidataGeo_SaudiArabia,https://en.wikipedia.org/wiki/Provinces_of_Saudi_Arabia,,,ERROR,Error code: 429 - {'error': {'message': 'Rate limit reached for model `meta-llama/llama-4-scout-17b-16e-instruct` in organization `org_01jq49mad5e9fr39q74rjzf72c` service tier `on_demand` on tokens pe
dc/base/WikidataGeo_Moldova,WikidataGeo_Moldova,https://en.wikipedia.org/wiki/Administrative_divisions_of_Moldova,,NOT_FOUND,NO_TIMESTAMP,
dc/base/WikidataGeo_Gambia,WikidataGeo_Gambia,https://www.wikidata.org/,,NOT_FOUND,NO_TIMESTAMP,
dc/base/WorldBankCountryBoundaries,WorldBankCountryBoundaries,https://datacatalog.worldbank.org/dataset/world-bank-official-boundaries,2025-09-16,2025-09-16,SUCCESS,
dc/base/ATC_Codes,ATC_Codes,https://www.whocc.no/atc_ddd_index/,2026-01-28,2026-01-28,SUCCESS,
dc/base/TemperatureEvents_Agg,TemperatureEvents_Agg,https://datacommons.org,,NOT_FOUND,NO_TIMESTAMP,
dc/base/WikidataGeo_Brazil_AA1,WikidataGeo_Brazil_AA1,https://en.m.wikipedia.org/wiki/Federative_units_of_Brazil,,,ERROR,Request timed out.
dc/base/WikidataGeo_Bahamas,WikidataGeo_Bahamas,https://www.wikidata.org/,,NOT_FOUND,NO_TIMESTAMP,
dc/base/Covid19IndiaData,Covid19IndiaData,http://projects.datameet.org/covid19/,2022-10-21,2022-10-21,SUCCESS,
dc/base/OECDRegionalDemography_Person_Age_StatVarAgg,OECDRegionalDemography_Person_Age_StatVarAgg,https://datacommons.org/,2026-02-06,2026-02-06,SUCCESS,
dc/base/FireWFIGS_Agg,FireWFIGS_Agg,https://data-nifc.opendata.arcgis.com/datasets/nifc::wfigs-wildland-fire-locations-full-history/about,2025-07-05,2025-07-05,SUCCESS,
dc/base/USDA_AgricultureCensus_Agriculture_StatVarAgg,USDA_AgricultureCensus_Agriculture_StatVarAgg,https://www.nass.usda.gov/AgCensus/,2026-02-03,2026-02-03,SUCCESS,
dc/base/RFF_USGridGeo_WeatherVariabilityForecast_AggCounty,RFF_USGridGeo_WeatherVariabilityForecast_AggCounty,https://www.rff.org/publications/data-tools/,,NOT_FOUND,NO_TIMESTAMP,
dc/base/USNationalPrisonerStatistics_Crime_StatVarAgg,USNationalPrisonerStatistics_Crime_StatVarAgg,https://www.bjs.gov/index.cfm?ty=dcdetail&iid=269,,NOT_FOUND,NO_TIMESTAMP,
dc/base/IndiaCensus_PrimaryReligion,IndiaCensus_PrimaryReligion,https://censusindia.gov.in/,2026-02-02 15:46:41,2026-02-02 15:46:41,SUCCESS,
dc/base/StormNOAA_Agg,StormNOAA_Agg,https://www.ncdc.noaa.gov/,,PAGE_ERROR,PAGE_ERROR,PAGE_ERROR
dc/base/IndiaCensus_PrimarySC,IndiaCensus_PrimarySC,https://censusindia.gov.in/,2026-02-02 15:46:41,2026-02-02 15:46:41,SUCCESS,
dc/base/IndiaCensus_Primary,IndiaCensus_Primary,https://censusindia.gov.in/,2026-02-02 15:46:41,"**Reasoning & Findings**

1. **Accessed the URL** `https://censusindia.gov.in/` and searched the page content for common update indicators such as “Last Modified”, “Last Updated”, “Updated on”, and “Release Date”.

2. **Search results** returned a direct match from the homepage:
   - **Snippet:** “Last Updated: 02-02-2026 15:46:41. No. of Visitors: 2276737. Website Developed & Maintained by Office of the Registrar General & Census”.
   - This indicates the page explicitly displays a timestamp for the most recent update.

3. **Date conversion**  
   - Original format: `02-02-2026 15:46:41` (DD‑MM‑YYYY HH:MM:SS).  
   - Converted to the required ISO format: `2026-02-02 15:46:41`.

**Result**

2026-02-02 15:46:41",SUCCESS,
dc/base/IndiaNSS_HealthAilments,IndiaNSS_HealthAilments,https://ndap.niti.gov.in/dataset/7300,,PAGE_ERROR,PAGE_ERROR,PAGE_ERROR
dc/base/IndiaCensus_PrimaryHouseless,IndiaCensus_PrimaryHouseless,https://censusindia.gov.in/,2026-02-02 15:46:41,2026-02-02 15:46:41,SUCCESS,
dc/base/IndiaEnergy,IndiaEnergy,https://niti.gov.in/edm/,,PAGE_ERROR,PAGE_ERROR,PAGE_ERROR
dc/base/IndiaNHM,IndiaNHM,https://hmis.nhp.gov.in/,,PAGE_ERROR,PAGE_ERROR,PAGE_ERROR
dc/base/IndiaUDISESchoolsDropoutRate,IndiaUDISESchoolsDropoutRate,https://dashboard.udiseplus.gov.in/,,NOT_FOUND,NO_TIMESTAMP,
dc/base/IndiaCensus_PrimaryST,IndiaCensus_PrimaryST,https://censusindia.gov.in/,,NOT_FOUND,NO_TIMESTAMP,
dc/base/India_GeoSadak,India_GeoSadak,https://geosadak-pmgsy.nic.in/,,PAGE_ERROR,PAGE_ERROR,PAGE_ERROR
dc/base/IndiaUDISESchoolsWithComputer,IndiaUDISESchoolsWithComputer,https://dashboard.udiseplus.gov.in/,,NOT_FOUND,NO_TIMESTAMP,
dc/base/IndiaUDISESchoolsWithToilets,IndiaUDISESchoolsWithToilets,https://dashboard.udiseplus.gov.in/,,PAGE_ERROR,PAGE_ERROR,PAGE_ERROR
dc/base/IndiaUDISESchoolsWithInternet,IndiaUDISESchoolsWithInternet,https://dashboard.udiseplus.gov.in/,,NOT_FOUND,NO_TIMESTAMP,
dc/base/IndiaUDISESchools,IndiaUDISESchools,https://dashboard.udiseplus.gov.in/,,NOT_FOUND,NO_TIMESTAMP,
dc/base/IndiaPLFS_DailyWages,IndiaPLFS_DailyWages,https://mospi.gov.in/web/plfs,,NOT_FOUND,NO_TIMESTAMP,
dc/base/IndiaWRISWaterQuality,IndiaWRISWaterQuality,https://indiawris.gov.in/wris,2021-08-24,2021-08-24,SUCCESS,
dc/base/IndiaPLFS_Wages,IndiaPLFS_Wages,https://mospi.gov.in/web/plfs,,PAGE_ERROR,PAGE_ERROR,PAGE_ERROR
dc/base/India_LifeExpectancy,India_LifeExpectancy,https://ndap.niti.gov.in/dataset/7375,,PAGE_ERROR,PAGE_ERROR,PAGE_ERROR
dc/base/IndiaUDISESchoolsWithLibrary,IndiaUDISESchoolsWithLibrary,https://dashboard.udiseplus.gov.in/,,PAGE_ERROR,PAGE_ERROR,PAGE_ERROR
dc/base/IndiaRBI_UnemploymentRate,IndiaRBI_UnemploymentRate,https://rbi.org.in/,2026-02-06,2026-02-06,SUCCESS,
dc/base/IndiaRBI_Poverty,IndiaRBI_Poverty,https://rbi.org.in/,2026-01-16,2026-01-16,SUCCESS,
dc/base/India_Aadhaar_Statisics,India_Aadhaar_Statisics,https://uidai.gov.in/aadhaar_dashboard/india.php,,NOT_FOUND,NO_TIMESTAMP,
dc/base/IndiaPoverty,IndiaPoverty,https://socialjustice.gov.in/common/76672,,PAGE_ERROR,PAGE_ERROR,PAGE_ERROR
dc/base/AustraliaStatistics,AustraliaStatistics,https://www.abs.gov.au/statistics,2025-12-18 11:30:00,2025-12-18 11:30:00,SUCCESS,
dc/base/BIS_CentralBankPolicyRate,BIS_CentralBankPolicyRate,https://data.bis.org/topics/CBPOL/data,,NOT_FOUND,NO_TIMESTAMP,
dc/base/MOSPI_IndiaPLFS_DailyWages,MOSPI_IndiaPLFS_DailyWages,https://esankhyiki.mospi.gov.in/macroindicators?product=plfs,2026-02-10,2026-02-10,SUCCESS,
dc/base/MOSPI_IndiaPLFS_MonthlyWages,MOSPI_IndiaPLFS_MonthlyWages,https://esankhyiki.mospi.gov.in/macroindicators?product=plfs,2026-02-10,2026-02-10,SUCCESS,
dc/base/Argentina_Census,Argentina_Census,https://www.indec.gob.ar,2026-02-11,2026-02-11,SUCCESS,
dc/base/India_UPIStatistics,India_UPIStatistics,https://www.npci.org.in/statistics,,PAGE_ERROR,PAGE_ERROR,PAGE_ERROR
dc/base/Brazil_RuralDevelopmentProgram,Brazil_RuralDevelopmentProgram,https://aplicacoes.cidadania.gov.br/vis/data3/data-explorer.php,,NOT_FOUND,NO_TIMESTAMP,
dc/base/CRDC_EducationSchool_HarassmentOrBullying,CRDC_EducationSchool_HarassmentOrBullying,https://ocrdata.ed.gov/data,2025-06-18,2025-06-18,SUCCESS,
dc/base/Brazil_Census,Brazil_Census,https://www.ibge.gov.br/en/statistics/social/population.html,,NOT_FOUND,NO_TIMESTAMP,
dc/base/Brazil_FoodDsitribution,Brazil_FoodDsitribution,https://aplicacoes.cidadania.gov.br/vis/data3/data-explorer.php,,NOT_FOUND,NO_TIMESTAMP,
dc/base/CRDC_Education_Discipline_Attendance,CRDC_Education_Discipline_Attendance,https://civilrightsdata.ed.gov/data,,NOT_FOUND,NO_TIMESTAMP,
dc/base/Bulgaria_Census,Bulgaria_Census,https://www.nsi.bg/en/statistical-data/206/649,,NOT_FOUND,NO_TIMESTAMP,
dc/base/ClimateTrace_GHG_Emissions_OldAPI,ClimateTrace_GHG_Emissions_OldAPI,https://climatetrace.org/inventory,2025-03-27,2025-03-27,SUCCESS,
dc/base/Colombia_Census,Colombia_Census,https://www.dane.gov.co/index.php/en/statistics-by-topic,2021-02-04,2021-02-04,SUCCESS,
dc/base/WRIS_India_Rainfall,WRIS_India_Rainfall,https://indiawris.gov.in/wris/#/DataDownload,,NOT_FOUND,NO_TIMESTAMP,
dc/base/ClimateTrace_GreenhouseGas,ClimateTrace_GreenhouseGas,https://api.climatetrace.org/,,PAGE_ERROR,PAGE_ERROR,PAGE_ERROR
dc/base/ClimateTrace_GHG_Emissions,ClimateTrace_GHG_Emissions,https://api.climatetrace.org/,,NOT_FOUND,NO_TIMESTAMP,
dc/base/DynamicWorld_FloodEvents_AutoRefresh,DynamicWorld_FloodEvents_AutoRefresh,https://developers.google.com/earth-engine/datasets/catalog/GOOGLE_DYNAMICWORLD_V1,2026-02-12,2026-02-12,SUCCESS,
dc/base/CycloneNOAA_Stats,CycloneNOAA_Stats,https://www.ncei.noaa.gov/products/international-best-track-archive,2023-06-23,2023-06-23,SUCCESS,
dc/base/Copernicus_GlobalLandCoverLayers,Copernicus_GlobalLandCoverLayers,https://land.copernicus.eu/global/lcviewer,,NOT_FOUND,NO_TIMESTAMP,
dc/base/Cotedivoire_Census,Cotedivoire_Census,https://cotedivoire.opendataforafrica.org/,2014-12-19,2014-12-19,SUCCESS,
dc/base/CycloneNOAA_Paths,CycloneNOAA_Paths,https://www.ncei.noaa.gov/products/international-best-track-archive,,NOT_FOUND,NO_TIMESTAMP,
dc/base/CanadaStatistics,CanadaStatistics,https://www150.statcan.gc.ca/n1/en/type/data?MM=1,,PAGE_ERROR,PAGE_ERROR,PAGE_ERROR
dc/base/EthiopiaStatistics,EthiopiaStatistics,https://ethiopia.opendataforafrica.org/data/#menu=topic,,PAGE_ERROR,PAGE_ERROR,PAGE_ERROR
dc/base/Egypt_Census,Egypt_Census,https://egypt.opendataforafrica.org,,PAGE_ERROR,PAGE_ERROR,PAGE_ERROR
dc/base/DynamicWorld_Floods,DynamicWorld_Floods,https://developers.google.com/earth-engine/datasets/catalog/GOOGLE_DYNAMICWORLD_V1,2026-02-12,2026-02-12,SUCCESS,
dc/base/FAO_Currency,FAO_Currency,https://www.fao.org/faostat/en/#data/PE/metadata,,PAGE_ERROR,PAGE_ERROR,PAGE_ERROR
dc/base/EuroStatHealth_AlcoholConsumption,EuroStatHealth_AlcoholConsumption,https://ec.europa.eu/eurostat/web/main/data/database,,PAGE_ERROR,PAGE_ERROR,PAGE_ERROR
dc/base/FAO_Currency_statvar,FAO_Currency_statvar,https://www.fao.org/faostat/en/#data/PE/metadata,,PAGE_ERROR,PAGE_ERROR,PAGE_ERROR
dc/base/CycloneNOAA_Entities,CycloneNOAA_Entities,https://www.ncei.noaa.gov/products/international-best-track-archive,,NOT_FOUND,NO_TIMESTAMP,
dc/base/Eurostat_Early_Education_Training,Eurostat_Early_Education_Training,https://ec.europa.eu/eurostat/databrowser/view/sdg_04_30__custom_7874475/default/table?lang=en,,NOT_FOUND,NO_TIMESTAMP,
dc/base/India_Literacy,India_Literacy,https://mospi.gov.in/web/nss,,PAGE_ERROR,PAGE_ERROR,PAGE_ERROR
dc/base/Ireland_Census,Ireland_Census,https://www.cso.ie/en/index.html,,NOT_FOUND,NO_TIMESTAMP,
dc/base/India_NationalAccountsStatistics,India_NationalAccountsStatistics,https://esankhyiki.mospi.gov.in/macroindicators?product=nas,2026-01-07,2026-01-07,SUCCESS,
dc/base/India_SDG_Index,India_SDG_Index,https://sdgindiaindex.niti.gov.in/#/download,2026-01-30,2026-01-30,SUCCESS,
dc/base/IPEDS_StudentToFacultyRatio,IPEDS_StudentToFacultyRatio,https://nces.ed.gov/ipeds/datacenter/DataFiles.aspx?gotoReportId=7&fromIpeds=true&sid=859539d0-db09-4d03-a36a-eabf93d07355&rtid=1,,NOT_FOUND,NO_TIMESTAMP,
dc/base/Indonesia_Census,Indonesia_Census,https://www.bps.go.id/,,PAGE_ERROR,PAGE_ERROR,PAGE_ERROR
dc/base/India_aqi,India_aqi,https://app.cpcbccr.com/AQI_India/,,PAGE_ERROR,PAGE_ERROR,PAGE_ERROR
dc/base/Israel_Census,Israel_Census,https://www.cbs.gov.il/,,PAGE_ERROR,PAGE_ERROR,PAGE_ERROR
dc/base/MexicoCensus,MexicoCensus,https://www.inegi.org.mx/temas/,,NOT_FOUND,NO_TIMESTAMP,
dc/base/Japan_Census,Japan_Census,https://www.e-stat.go.jp/,,PAGE_ERROR,PAGE_ERROR,PAGE_ERROR
dc/base/MexicoCensus_AA2,MexicoCensus_AA2,https://data.humdata.org/dataset/cod-ps-mex,2024-12-20,2024-12-20,SUCCESS,
dc/base/NITIIndiaPopulationProjection,NITIIndiaPopulationProjection,"https://ndap.niti.gov.in/dataset/7208, https://ndap.niti.gov.in/dataset/7209",,,SUCCESS_RAW,
dc/base/Kenya_Census,Kenya_Census,https://kenya.opendataforafrica.org/,,PAGE_ERROR,PAGE_ERROR,PAGE_ERROR
dc/base/India_NFHS,India_NFHS,"https://ndap.niti.gov.in/dataset/6821, https://ndap.niti.gov.in/dataset/7034, https://ndap.niti.gov.in/dataset/6822",,,ERROR,Request timed out.
dc/base/NOAA_GPCC_StandardardizedPrecipitationIndex,NOAA_GPCC_StandardardizedPrecipitationIndex,https://www.drought.gov/data-maps-tools/global-precipitation-climatology-centre-gpcc-standardized-precipitation-index-spi,2026-02-10,2026-02-10,SUCCESS,
dc/base/NOAA_CoastWatch_SeaSurfaceTemperature,NOAA_CoastWatch_SeaSurfaceTemperature,https://coastwatch.noaa.gov/erddap/griddap/noaacwBLENDEDsstDaily.html,,NOT_FOUND,NO_TIMESTAMP,
dc/base/NOAA_GFS_WeatherForecast,NOAA_GFS_WeatherForecast,https://www.ncei.noaa.gov/products/weather-climate-models/global-forecast,,NOT_FOUND,NO_TIMESTAMP,
dc/base/NigeriaStatistics,NigeriaStatistics,https://nigeria.opendataforafrica.org,,PAGE_ERROR,PAGE_ERROR,PAGE_ERROR
dc/base/NASA_VIIRSActiveFiresEvents,NASA_VIIRSActiveFiresEvents,https://www.earthdata.nasa.gov/learn/find-data/near-real-time/firms/vnp14imgtdlnrt,2026-02-10,2026-02-10,SUCCESS,
dc/base/NOAA_CoastWatch_SeaSurfaceSalinity,NOAA_CoastWatch_SeaSurfaceSalinity,https://coastwatch.noaa.gov/erddap/griddap/noaacwSMAPsss3Daily.html,,PAGE_ERROR,PAGE_ERROR,PAGE_ERROR
dc/base/OECDQuarterlyGDP,OECDQuarterlyGDP,https://data-explorer.oecd.org/vis?fs[0]=Topic%2C1%7CEconomy%23ECO%23%7CNational%20accounts%23ECO_NAD%23&fs[1]=Topic%2C3%7CEconomy%23ECO%23%7CNational%20accounts%23ECO_NAD%23%7CGDP%20and%20non-financial%20accounts%23ECO_NAD_GNF%23%7CGDP%20and%20components%23ECO_NAD_GNF_GDP%23&pg=0&fc=Topic&snb=22&vw=ov&df[ds]=dsDisseminateFinalDMZ&df[id]=DSD_NAMAIN1%40DF_QNA_EXPENDITURE_GROWTH_OECD&df[ag]=OECD.SDD.NAD&df[vs]=&dq=Q.....B1GQ......G1.&to[TIME_PERIOD]=false&ly[cl]=TIME_PERIOD&ly[rw]=REF_AREA&lb=bt&pd=%2C,2026-01-05 02:55:00,2026-01-05 02:55:00,SUCCESS,
dc/base/OECDStats,OECDStats,https://stats.oecd.org,,PAGE_ERROR,PAGE_ERROR,PAGE_ERROR
dc/base/OECD_Air_GHG_emissions,OECD_Air_GHG_emissions,https://data.oecd.org/air/air-and-ghg-emissions.htm,,,SUCCESS_RAW,
dc/base/NASA_VIIRSActiveFiresEvent_Observations,NASA_VIIRSActiveFiresEvent_Observations,https://www.earthdata.nasa.gov/learn/find-data/near-real-time/firms/vnp14imgtdlnrt,,NOT_FOUND,NO_TIMESTAMP,
dc/base/OneOrg_Debt,OneOrg_Debt,https://data.one.org/,,NOT_FOUND,NO_TIMESTAMP,
dc/base/OECD_Waste_Water_Treatment,OECD_Waste_Water_Treatment,https://www.oecd.org/,,NOT_FOUND,NO_TIMESTAMP,
dc/base/RandolphGlacierInventory_Area,RandolphGlacierInventory_Area,https://www.glims.org/RGI/rgi60_dl.html,2022-02-11,2022-02-11,SUCCESS,
dc/base/Singapore_Census,Singapore_Census,https://www.singstat.gov.sg/,2026-02-06,2026-02-06,SUCCESS,
dc/base/OECDRegionalDemography_Deaths,OECDRegionalDemography_Deaths,https://data-explorer.oecd.org/vis?df[ds]=DisseminateFinalDMZ&df[id]=DSD_REG_DEMO%40DF_DEATH_5Y&df[ag]=OECD.CFE.EDS&df[vs]=2.0&dq=A.......&to[TIME_PERIOD]=false&pd=%2C,,NOT_FOUND,NO_TIMESTAMP,
dc/base/Poland_Census,Poland_Census,https://stat.gov.pl/en/databases/,,PAGE_ERROR,PAGE_ERROR,PAGE_ERROR
dc/base/Rwanda_Census,Rwanda_Census,https://rwanda.opendataforafrica.org/,,PAGE_ERROR,PAGE_ERROR,PAGE_ERROR
dc/base/SouthKorea_Employment,SouthKorea_Employment,https://kosis.kr/eng/statisticsList/statisticsListIndex.do,,NOT_FOUND,NO_TIMESTAMP,
dc/base/SouthKorea_Health,SouthKorea_Health,https://kosis.kr/eng/statisticsList/statisticsListIndex.do,,NOT_FOUND,NO_TIMESTAMP,
dc/base/SouthKorea_Demographics,SouthKorea_Demographics,https://kosis.kr/eng/statisticsList/statisticsListIndex.do,,PAGE_ERROR,PAGE_ERROR,PAGE_ERROR
dc/base/SouthAfrica_Census,SouthAfrica_Census,https://southafrica.opendataforafrica.org/,,NOT_FOUND,NO_TIMESTAMP,
dc/base/OWID_COVID19,OWID_COVID19,https://ourworldindata.org/coronavirus,,NOT_FOUND,NO_TIMESTAMP,
dc/base/Subnational_Demographics_Stats,Subnational_Demographics_Stats,https://databank.worldbank.org/source/subnational-population,2017-09-21,2017-09-21,SUCCESS,
dc/base/Srilanka_Census,Srilanka_Census,https://data.humdata.org/,,NOT_FOUND,NO_TIMESTAMP,
dc/base/TemperatureEvents,TemperatureEvents,https://datacommons.org/,,PAGE_ERROR,PAGE_ERROR,PAGE_ERROR
dc/base/Sweden_Census,Sweden_Census,https://www.statistikdatabasen.scb.se/pxweb/sv/ssd/,,NOT_FOUND,NO_TIMESTAMP,
dc/base/UNSDGrossValueAdded,UNSDGrossValueAdded,https://unstats.un.org/home/,,NOT_FOUND,NO_TIMESTAMP,
dc/base/UN_SDG,UN_SDG,https://unstats.un.org/sdgs/dataportal,2026-02-11,2026-02-11,SUCCESS,
dc/base/SouthKorea_Education,SouthKorea_Education,https://kosis.kr/eng/,,NOT_FOUND,NO_TIMESTAMP,
dc/base/UAE_Population,UAE_Population,https://bayanat.ae/en/Data?query=population,,PAGE_ERROR,PAGE_ERROR,PAGE_ERROR
dc/base/Uganda_Census,Uganda_Census,https://uganda.opendataforafrica.org/,2022-09-20,2022-09-20,SUCCESS,
dc/base/USMonthlyRetailSales,USMonthlyRetailSales,https://www.census.gov/retail/index.html,2026-02-10,2026-02-10,SUCCESS,
dc/base/SouthAfrica_Budget,SouthAfrica_Budget,https://github.com/dsfsi/data-commons-data/tree/master/data/budget%20data/csv,,NOT_FOUND,NO_TIMESTAMP,
dc/base/UN_WHO,UN_WHO,https://www.who.int/data,,NOT_FOUND,NO_TIMESTAMP,
dc/base/UnitedKingdomMHCLG_IMD2019,UnitedKingdomMHCLG_IMD2019,https://www.gov.uk/government/statistics/english-indices-of-deprivation-2019,2025-10-30,2025-10-30,SUCCESS,
dc/base/WetBulbTemperatureEvents_AutoRefresh,WetBulbTemperatureEvents_AutoRefresh,https://datacommons.org/,,PAGE_ERROR,PAGE_ERROR,PAGE_ERROR
dc/base/WHO_COVID19,WHO_COVID19,https://data.who.int/dashboards/covid19/data?n=c,2023-12-19 17:43:00,2023-12-19 17:43:00,SUCCESS,
dc/base/Vietnam_Census,Vietnam_Census,https://www.gso.gov.vn/en/homepage/,,NOT_FOUND,NO_TIMESTAMP,
dc/base/WikidataPopulation,WikidataPopulation,https://www.wikidata.org/wiki/Wikidata:Main_Page,2026-01-30,2026-01-30,SUCCESS,
dc/base/WorldBankDatasets,WorldBankDatasets,https://databank.worldbank.org/source/world-development-indicators,2026-01-28,2026-01-28,SUCCESS,
dc/base/Copernicus_ECMWF_ERA5_Monthly,Copernicus_ECMWF_ERA5_Monthly,https://cds.climate.copernicus.eu/cdsapp#!/dataset/reanalysis-era5-single-levels,2025-12-11,2025-12-11,SUCCESS,
dc/base/WetBulbTemperatureEventPlaces_AutoRefresh,WetBulbTemperatureEventPlaces_AutoRefresh,https://datacommons.org/,2026-02-06,2026-02-06,SUCCESS,
dc/base/WHO_GHO,WHO_GHO,https://www.who.int/data/gho,2026-01-24 19:00:00,2026-01-24 19:00:00,SUCCESS,
dc/base/Copernicus_ECMWF_ERA5_Monthly_AggrYearsStats,Copernicus_ECMWF_ERA5_Monthly_AggrYearsStats,https://cds.climate.copernicus.eu/cdsapp#!/dataset/reanalysis-era5-single-levels,2025-12-11,2025-12-11,SUCCESS,
dc/base/CensusACSBtable5YearSurvey_Btable_B25031,CensusACSBtable5YearSurvey_Btable_B25031,https://data.census.gov/table/ACSDT5Y2022.B25031,,,ERROR,"Error code: 400 - {'error': {'message': 'Tool choice is none, but model called a tool', 'type': 'invalid_request_error', 'code': '400'}}"
dc/base/CensusACS5YearSurvey_SubjectTables_S1901,CensusACS5YearSurvey_SubjectTables_S1901,https://data.census.gov/cedsci/table?q=S1901&tid=ACSST5Y2023.S1901,,NOT_FOUND,NO_TIMESTAMP,
dc/base/CensusACS5YearSurvey_SubjectTables_S0701PR,CensusACS5YearSurvey_SubjectTables_S0701PR,https://data.census.gov/cedsci/table?q=S0701PR&tid=ACSST5Y2023.S0701PR,2024-01-03,2024-01-03,SUCCESS,
dc/base/WikipediaStatsData,WikipediaStatsData,https://www.wikipedia.org,,PAGE_ERROR,PAGE_ERROR,PAGE_ERROR
dc/base/WTO_TradeConnectivity,WTO_TradeConnectivity,https://stats.wto.org/dashboard/tradeconnectivity_en.html,,NOT_FOUND,NO_TIMESTAMP,
dc/base/CensusACS5YearSurvey_SubjectTables_S2704,CensusACS5YearSurvey_SubjectTables_S2704,https://data.census.gov/cedsci/table?q=S2704&tid=ACSST5Y2023.S2704,,NOT_FOUND,NO_TIMESTAMP,
dc/base/CensusACS5YearSurvey_SubjectTables_S2701,CensusACS5YearSurvey_SubjectTables_S2701,https://data.census.gov/cedsci/table?q=S2701&tid=ACSST5Y2023.S2701,,"**Reasoning Summary**

1. **Initial Attempts** – I tried to access the URL directly and searched the page content for any of the following phrases: “Last Modified”, “Last Updated”, “Updated on”, “Release Date”, as well as any footer or header timestamps.

2. **Search Results** – Multiple searches returned generic table titles and navigation elements but did not surface any explicit date information. The snippets showed only the table description (e.g., “Selected Characteristics of Health Insurance Coverage in the United States”) without any metadata about when the page or data was last updated.

3. **Meta Information Check** – I also looked for meta tags or other page‑level metadata that might indicate a release or update date. No such tags were found in the retrieved content.

4. **Conclusion** – After exhaustive attempts to locate a date on the page and in its metadata, no “Last Modified”, “Last Updated”, “Release Date”, or similar timestamp could be identified.

**Result**

Since no date could be found, the required output is:

```
NOT_FOUND
```",NO_TIMESTAMP,
dc/base/CensusACS5YearSurvey_SubjectTables_S2602PR,CensusACS5YearSurvey_SubjectTables_S2602PR,https://data.census.gov/cedsci/table?q=S2602PR&tid=ACSST5Y2023.S2602PR,,NOT_FOUND,NO_TIMESTAMP,
dc/base/CensusACS5YearSurvey,CensusACS5YearSurvey,https://www.census.gov/programs-surveys/acs/data/data-via-ftp.html,,PAGE_ERROR,PAGE_ERROR,PAGE_ERROR
dc/base/CensusACS5YearSurvey_SubjectTables_S1810,CensusACS5YearSurvey_SubjectTables_S1810,https://data.census.gov/table/ACSST5Y2023.S1810?q=S1810,,,ERROR,Request timed out.
dc/base/CensusACS5YearSurvey_SubjectTables_S1251,CensusACS5YearSurvey_SubjectTables_S1251,https://data.census.gov/cedsci/table?q=S1251&tid=ACSST5Y2023.S1251,2024-01-03,2024-01-03,SUCCESS,
dc/base/CensusACS5YearSurvey_SubjectTables_S2201,CensusACS5YearSurvey_SubjectTables_S2201,https://data.census.gov/table/ACSST5Y2023.S2201?q=S2201,,NOT_FOUND,NO_TIMESTAMP,
dc/base/CensusACS5YearSurvey_SubjectTables_S2405,CensusACS5YearSurvey_SubjectTables_S2405,https://data.census.gov/cedsci/table?q=S2405&tid=ACSST5Y2023.S2405,2024-09-06,2024-09-06,SUCCESS,
dc/base/CensusACS5YearSurvey_SubjectTables_S2418,CensusACS5YearSurvey_SubjectTables_S2418,https://data.census.gov/cedsci/table?q=S2418&tid=ACSST5Y2023.S2418,,,ERROR,"Error code: 400 - {'error': {'message': 'Tool choice is none, but model called a tool', 'type': 'invalid_request_error', 'code': '400'}}"
dc/base/CensusACS5YearSurvey_SubjectTables_S2409,CensusACS5YearSurvey_SubjectTables_S2409,https://data.census.gov/cedsci/table?q=S2409&tid=ACSST1Y2023.S2409,,,ERROR,Request timed out.
dc/base/CensusACS5YearSurvey_SubjectTables_S2502,CensusACS5YearSurvey_SubjectTables_S2502,https://data.census.gov/cedsci/table?q=S2502&tid=ACSST5Y2023.S2502,,NOT_FOUND,NO_TIMESTAMP,
dc/base/CensusACS5YearSurvey_SubjectTables_S1702,CensusACS5YearSurvey_SubjectTables_S1702,https://data.census.gov/cedsci/table?q=S1702&tid=ACSST5Y2023.S1702,2025-12-19,2025-12-19,SUCCESS,
dc/base/CensusACS5YearSurvey_SubjectTables_S2001,CensusACS5YearSurvey_SubjectTables_S2001,https://data.census.gov/cedsci/table?q=S2001&tid=ACSST1Y2023.S2001,2024-04-24 06:11:24,2024-04-24 06:11:24,SUCCESS,
dc/base/CensusACS5YearSurvey_SubjectTables_S2702PR,CensusACS5YearSurvey_SubjectTables_S2702PR,https://data.census.gov/cedsci/table?q=S2702PR&tid=ACSST5Y2013.S2702PR,,NOT_FOUND,NO_TIMESTAMP,
dc/base/CensusACS5YearSurvey_SubjectTables_S2601APR,CensusACS5YearSurvey_SubjectTables_S2601APR,https://data.census.gov/cedsci/table?q=S2601APR&tid=ACSST5Y2023.S2601APR,,PAGE_ERROR,PAGE_ERROR,PAGE_ERROR
dc/base/CensusACS5YearSurvey_SubjectTables_S2603,CensusACS5YearSurvey_SubjectTables_S2603,https://data.census.gov/cedsci/table?q=S2603&tid=ACSST5Y2023.S2603,2024-01-03,2024-01-03,SUCCESS,
dc/base/CensusACS5YearSurvey_SubjectTables_S1301,CensusACS5YearSurvey_SubjectTables_S1301,https://data.census.gov/cedsci/table?q=S1301&tid=ACSST5Y2023.S1301,,,ERROR,Request timed out.
dc/base/CensusACS5YearSurvey_SubjectTables_S2703,CensusACS5YearSurvey_SubjectTables_S2703,https://data.census.gov/cedsci/table?q=S2703&tid=ACSST5Y2023.S2703,2024-01-03,2024-01-03,SUCCESS,
dc/base/CensusACS5YearSurvey_SubjectTables_S1903,CensusACS5YearSurvey_SubjectTables_S1903,https://data.census.gov/cedsci/table?q=S1903&tid=ACSST5Y2023.S1903,2024-01-03,2024-01-03,SUCCESS,
dc/base/CensusACS5YearSurvey_SubjectTables_S0503,CensusACS5YearSurvey_SubjectTables_S0503,https://data.census.gov/cedsci/table?q=S0503&tid=ACSST5Y2023.S0503,,NOT_FOUND,NO_TIMESTAMP,
dc/base/CensusACS5YearSurvey_SubjectTables_S1603,CensusACS5YearSurvey_SubjectTables_S1603,https://data.census.gov/cedsci/table?q=S1603&tid=ACSST5Y2023.S1603,,PAGE_ERROR,PAGE_ERROR,PAGE_ERROR
dc/base/CensusACS5YearSurvey_SubjectTables_S2407,CensusACS5YearSurvey_SubjectTables_S2407,https://data.census.gov/cedsci/table?q=S2407&tid=ACSST5Y2023.S2407,,NOT_FOUND,NO_TIMESTAMP,
dc/base/CensusACS5YearSurvey_SubjectTables_S0902,CensusACS5YearSurvey_SubjectTables_S0902,https://data.census.gov/cedsci/table?q=S0902&tid=ACSST5Y2023.S0902,,NOT_FOUND,NO_TIMESTAMP,
dc/base/CensusACS5YearSurvey_SubjectTables_S0506,CensusACS5YearSurvey_SubjectTables_S0506,https://data.census.gov/cedsci/table?q=S0506&tid=ACSST5Y2023.S0506,,NOT_FOUND,NO_TIMESTAMP,
dc/base/CensusACS5YearSurvey_SubjectTables_S2702,CensusACS5YearSurvey_SubjectTables_S2702,https://data.census.gov/cedsci/table?q=S2702&tid=ACSST5Y2013.S2702,,NOT_FOUND,NO_TIMESTAMP,
dc/base/CensusACS1YearSurvey,CensusACS1YearSurvey,https://www.census.gov/programs-surveys/acs/data/data-via-ftp.html,2024-10-07,2024-10-07,SUCCESS,
dc/base/CensusACS5YearSurvey_SubjectTables_S0504,CensusACS5YearSurvey_SubjectTables_S0504,https://data.census.gov/cedsci/table?q=S0504&tid=ACSST5Y2023.S0504,,PAGE_ERROR,PAGE_ERROR,PAGE_ERROR
dc/base/CensusACS5YearSurvey_SubjectTables_S2601A,CensusACS5YearSurvey_SubjectTables_S2601A,https://data.census.gov/cedsci/table?q=S2601A&tid=ACSST5Y2023.S2601A,,NOT_FOUND,NO_TIMESTAMP,
dc/base/CensusACS5YearSurvey_SubjectTables_S2303,CensusACS5YearSurvey_SubjectTables_S2303,https://data.census.gov/cedsci/table?q=S2303&tid=ACSST5Y2023.S2303,,,ERROR,Request timed out.
dc/base/CensusACS5YearSurvey_SubjectTables_S0701,CensusACS5YearSurvey_SubjectTables_S0701,https://data.census.gov/cedsci/table?q=S0701&tid=ACSST5Y2023.S0701,,,ERROR,Request timed out.
dc/base/CensusACS5YearSurvey_SubjectTables_S0505,CensusACS5YearSurvey_SubjectTables_S0505,https://data.census.gov/cedsci/table?q=S0505&tid=ACSST5Y2023.S0505,,NOT_FOUND,NO_TIMESTAMP,
dc/base/CensusACS5YearSurvey_SubjectTables_S1502,CensusACS5YearSurvey_SubjectTables_S1502,https://data.census.gov/cedsci/table?q=S1502&tid=ACSST5Y2023.S1502,,NOT_FOUND,NO_TIMESTAMP,
dc/base/CensusACS5YearSurvey_SubjectTables_S2602,CensusACS5YearSurvey_SubjectTables_S2602,https://data.census.gov/cedsci/table?q=S2602&tid=ACSST5Y2023.S2602,2025-12-19,2025-12-19,SUCCESS,
dc/base/CensusACS5YearSurvey_SubjectTables_S0801,CensusACS5YearSurvey_SubjectTables_S0801,https://data.census.gov/table?q=S0801&tid=ACSST5Y2023.S0801,,NOT_FOUND,NO_TIMESTAMP,
dc/base/CensusACS5YearSurvey_SubjectTables_S0804,CensusACS5YearSurvey_SubjectTables_S0804,https://data.census.gov/table/ACSST5Y2023.S0804,,NOT_FOUND,NO_TIMESTAMP,
dc/base/CensusACS5YearSurvey_SubjectTables_S2408,CensusACS5YearSurvey_SubjectTables_S2408,https://data.census.gov/cedsci/table?q=S2408&tid=ACSST5Y2023.S2408,,NOT_FOUND,NO_TIMESTAMP,
dc/base/ACSED5YrSurvey,ACSED5YrSurvey,https://nces.ed.gov/programs/edge/Demographic/ACS,,NOT_FOUND,NO_TIMESTAMP,
dc/base/CensusACS5YearSurvey_SubjectTables_S1201,CensusACS5YearSurvey_SubjectTables_S1201,https://data.census.gov/cedsci/table?q=S1201&tid=ACSST5Y2023.S1201,,,ERROR,Request timed out.
dc/base/CensusCountyBusinessPatterns,CensusCountyBusinessPatterns,https://www.census.gov/programs-surveys/cbp.html,2025-12-22,2025-12-22,SUCCESS,
dc/base/NASA_NEXDCP30_AggrYearsStats,NASA_NEXDCP30_AggrYearsStats,https://www.nccs.nasa.gov/services/data-collections/land-based-products/nex-dcp30,,PAGE_ERROR,PAGE_ERROR,PAGE_ERROR
dc/base/NASA_DCP30_CMIP5_Subnational_AggrDiffStats_LongRangeProjections,NASA_DCP30_CMIP5_Subnational_AggrDiffStats_LongRangeProjections,https://www.nccs.nasa.gov/services/data-collections/land-based-products/nex-dcp30,,NOT_FOUND,NO_TIMESTAMP,
dc/base/NASA_NEXDCP30,NASA_NEXDCP30,https://www.nccs.nasa.gov/services/data-collections/land-based-products/nex-dcp30,,PAGE_ERROR,PAGE_ERROR,PAGE_ERROR
dc/base/NASA_NEXDCP30_AggrDiffStats,NASA_NEXDCP30_AggrDiffStats,https://www.nccs.nasa.gov/services/data-collections/land-based-products/nex-dcp30,,PAGE_ERROR,PAGE_ERROR,PAGE_ERROR
dc/base/NASA_NEXGDDP_Country,NASA_NEXGDDP_Country,https://www.nccs.nasa.gov/services/data-collections/land-based-products/nex-gddp,,NOT_FOUND,NO_TIMESTAMP,
dc/base/CensusACS5YearSurvey_SubjectTables_S0101,CensusACS5YearSurvey_SubjectTables_S0101,https://data.census.gov/table?q=S0101:+Age+and+Sex&tid=ACSST1Y2023.S0101,2023-04-13,2023-04-13,SUCCESS,
dc/base/CensusACS5YearSurvey_SubjectTables_S1602,CensusACS5YearSurvey_SubjectTables_S1602,https://data.census.gov/cedsci/table?q=S1602&tid=ACSST5Y2023.S1602,2024-01-03,2024-01-03,SUCCESS,
dc/base/NASA_WetBulbComputation,NASA_WetBulbComputation,https://datacommons.org/,2026-02-06,2026-02-06,SUCCESS,
dc/base/NASA_NEXGDDP_Subnational,NASA_NEXGDDP_Subnational,https://www.nccs.nasa.gov/services/data-collections/land-based-products/nex-gddp,2024-10-28,2024-10-28,SUCCESS,
dc/base/NASA_NEXGDDP_IpccPlaces50,NASA_NEXGDDP_IpccPlaces50,https://www.nccs.nasa.gov/services/data-collections/land-based-products/nex-gddp,,NOT_FOUND,NO_TIMESTAMP,
dc/base/NASA_WetBulbComputation_Aggregation,NASA_WetBulbComputation_Aggregation,https://datacommons.org/,2026-02-06,2026-02-06,SUCCESS,
dc/base/NASA_NEXGDDP_Subnational_AggrOverTimeOnStatsAcrossModels,NASA_NEXGDDP_Subnational_AggrOverTimeOnStatsAcrossModels,https://www.nccs.nasa.gov/services/data-collections/land-based-products/nex-gddp,2024-10-28,2024-10-28,SUCCESS,
dc/base/NASA_NEXGDDP_IpccPlaces50_AggrDiffStats,NASA_NEXGDDP_IpccPlaces50_AggrDiffStats,https://www.nccs.nasa.gov/services/data-collections/land-based-products/nex-gddp,2024-10-28,2024-10-28,SUCCESS,
dc/base/NASA_NEXGDDP_Subnational_AggrStatsAcrossModels,NASA_NEXGDDP_Subnational_AggrStatsAcrossModels,https://www.nccs.nasa.gov/services/data-collections/land-based-products/nex-gddp,,NOT_FOUND,NO_TIMESTAMP,
dc/base/NASA_NEXGDDP_Subnational_AggrDiffStats,NASA_NEXGDDP_Subnational_AggrDiffStats,https://www.nccs.nasa.gov/services/data-collections/land-based-products/nex-gddp,2024-10-28,2024-10-28,SUCCESS,
dc/base/NASA_NEXGDDP_Country_AggrDiffStats,NASA_NEXGDDP_Country_AggrDiffStats,https://www.nccs.nasa.gov/services/data-collections/land-based-products/nex-gddp,,PAGE_ERROR,PAGE_ERROR,PAGE_ERROR
dc/base/NASA_NEXGDDP_CMIP6_Subnational_AggrDiffStats_LongRangeProjections,NASA_NEXGDDP_CMIP6_Subnational_AggrDiffStats_LongRangeProjections,https://www.nccs.nasa.gov/services/data-collections/land-based-products/nex-gddp-cmip6,,NOT_FOUND,NO_TIMESTAMP,
dc/base/NASA_NEXGDDP_CMIP6_Subnational,NASA_NEXGDDP_CMIP6_Subnational,https://www.nccs.nasa.gov/services/data-collections/land-based-products/nex-gddp-cmip6,,,SUCCESS_RAW,
dc/base/NASA_NEXGDDP_CMIP6_Subnational_Histogram,NASA_NEXGDDP_CMIP6_Subnational_Histogram,https://www.nccs.nasa.gov/services/data-collections/land-based-products/nex-gddp-cmip6,,PAGE_ERROR,PAGE_ERROR,PAGE_ERROR
dc/base/NASA_NEXGDDP_CMIP6_Subnational_AggrYearsStats,NASA_NEXGDDP_CMIP6_Subnational_AggrYearsStats,https://www.nccs.nasa.gov/services/data-collections/land-based-products/nex-gddp-cmip6,2024-10-28,2024-10-28,SUCCESS,
dc/base/NASA_NEXGDDP_CMIP6_IpccPlaces50_AggrYearsStats,NASA_NEXGDDP_CMIP6_IpccPlaces50_AggrYearsStats,https://www.nccs.nasa.gov/services/data-collections/land-based-products/nex-gddp-cmip6,2024-10-28,2024-10-28,SUCCESS,
dc/base/NASA_NEXGDDP_CMIP6_Subnational_AggrDiffStats,NASA_NEXGDDP_CMIP6_Subnational_AggrDiffStats,https://www.nccs.nasa.gov/services/data-collections/land-based-products/nex-gddp-cmip6,,NOT_FOUND,NO_TIMESTAMP,
dc/base/NASA_NEXGDDP_CMIP6_IpccPlaces50_AggrStatsAcrossModels,NASA_NEXGDDP_CMIP6_IpccPlaces50_AggrStatsAcrossModels,https://www.nccs.nasa.gov/services/data-collections/land-based-products/nex-gddp-cmip6,,NOT_FOUND,NO_TIMESTAMP,
dc/base/CensusACS5YearSurvey_SubjectTables_S2406,CensusACS5YearSurvey_SubjectTables_S2406,https://data.census.gov/cedsci/table?q=S2406&tid=ACSST5Y2023.S2406,2024-01-03,2024-01-03,SUCCESS,
dc/base/NASA_NEXGDDP_CMIP6_IpccPlaces50,NASA_NEXGDDP_CMIP6_IpccPlaces50,https://www.nccs.nasa.gov/services/data-collections/land-based-products/nex-gddp-cmip6,,NOT_FOUND,NO_TIMESTAMP,
dc/base/NASA_NEXGDDP_CMIP6_Subnational_AggrOverTimeOnStatsAcrossModels,NASA_NEXGDDP_CMIP6_Subnational_AggrOverTimeOnStatsAcrossModels,https://www.nccs.nasa.gov/services/data-collections/land-based-products/nex-gddp-cmip6,2025-05-23,2025-05-23,SUCCESS,
dc/base/NASA_NEXGDDP_CMIP6_Subnational_AggrStatsAcrossModels,NASA_NEXGDDP_CMIP6_Subnational_AggrStatsAcrossModels,https://www.nccs.nasa.gov/services/data-collections/land-based-products/nex-gddp-cmip6,2025-05-23,2025-05-23,SUCCESS,
dc/base/NASA_NEXGDDP_CMIP6_IpccPlaces50_AggrOverTimeOnStatsAcrossModels,NASA_NEXGDDP_CMIP6_IpccPlaces50_AggrOverTimeOnStatsAcrossModels,https://www.nccs.nasa.gov/services/data-collections/land-based-products/nex-gddp-cmip6,2025-05-23,2025-05-23,SUCCESS,
dc/base/NASA_NEXGDDP_CMIP6_IpccPlaces50_AggrDiffStats,NASA_NEXGDDP_CMIP6_IpccPlaces50_AggrDiffStats,https://www.nccs.nasa.gov/services/data-collections/land-based-products/nex-gddp-cmip6,2024-10-28 10:57:00,2024-10-28 10:57:00,SUCCESS,
dc/base/NASA_NEXGDDP_CMIP6_Subnational_PDFs,NASA_NEXGDDP_CMIP6_Subnational_PDFs,https://www.nccs.nasa.gov/services/data-collections/land-based-products/nex-gddp-cmip6,,PAGE_ERROR,PAGE_ERROR,PAGE_ERROR
dc/base/NOAA_EPA_Observed_Historical_Weather,NOAA_EPA_Observed_Historical_Weather,https://www.noaa.gov/,2026-02-11,2026-02-11,SUCCESS,
dc/base/NASA_SeaLevelProjections_CMIP6,NASA_SeaLevelProjections_CMIP6,https://podaac.jpl.nasa.gov/announcements/2021-08-09-Sea-level-projections-from-the-IPCC-6th-Assessment-Report,2021-08-09,2021-08-09,SUCCESS,
dc/base/BEAGDPv2,BEAGDPv2,https://www.bea.gov/,2026-01-27,2026-01-27,SUCCESS,
dc/base/NOAA_EPA_Observed_Historical_Weather_AggrYearsStats,NOAA_EPA_Observed_Historical_Weather_AggrYearsStats,https://www.ncei.noaa.gov/cdo-web/,,NOT_FOUND,NO_TIMESTAMP,
dc/base/BEAGDPPriceParity,BEAGDPPriceParity,https://www.bea.gov/data,2018-08-21,2018-08-21,SUCCESS,
dc/base/BLS_LAUS,BLS_LAUS,https://www.bls.gov/lau/,2026-01-27,2026-01-27,SUCCESS,
dc/base/NASA_NEXGDDP_CMIP6_Subnational_Prediction_Diffs,NASA_NEXGDDP_CMIP6_Subnational_Prediction_Diffs,https://www.nccs.nasa.gov/services/data-collections/land-based-products/nex-gddp-cmip6,2025-05-23,2025-05-23,SUCCESS,
dc/base/BLS_QCEW,BLS_QCEW,https://www.bls.gov/qcew/,2025-12-19,2025-12-19,SUCCESS,
dc/base/CBECS_Energy,CBECS_Energy,https://www.eia.gov/consumption/commercial/data/2012/index.php?view=consumption,,PAGE_ERROR,PAGE_ERROR,PAGE_ERROR
dc/base/USEconomicCensus,USEconomicCensus,https://www.census.gov/programs-surveys/economic-census.html,2024-11-08,2024-11-08,SUCCESS,
dc/base/USDecennialCensus_RedistrictingRelease,USDecennialCensus_RedistrictingRelease,https://www.census.gov/programs-surveys/decennial-census/about/rdo/summary-files.html,2023-11-29,2023-11-29,SUCCESS,
dc/base/CDCDiabetes,CDCDiabetes,https://gis.cdc.gov/grasp/diabetes/DiabetesAtlas.html,,PAGE_ERROR,PAGE_ERROR,PAGE_ERROR
dc/base/CDCWonder_NNDSS_InfectiousAnnual,CDCWonder_NNDSS_InfectiousAnnual,https://wonder.cdc.gov/nndss/nndss_annual_tables_menu.asp,,PAGE_ERROR,PAGE_ERROR,PAGE_ERROR
dc/base/CDCMortality,CDCMortality,https://wonder.cdc.gov/mcd.html,2026-02-10,2026-02-10,SUCCESS,
dc/base/CDC500,CDC500,https://www.cdc.gov/places/index.html,,PAGE_ERROR,PAGE_ERROR,PAGE_ERROR
dc/base/Dartmouth_Atlas_Medicare,Dartmouth_Atlas_Medicare,https://atlasdata.dartmouth.edu,,PAGE_ERROR,PAGE_ERROR,PAGE_ERROR
dc/base/CDCWonderNatality,CDCWonderNatality,https://wonder.cdc.gov/natality.html,2026-01-29,2026-01-29,SUCCESS,
dc/base/Company_FIGI,Company_FIGI,https://www.openfigi.com/,,PAGE_ERROR,PAGE_ERROR,PAGE_ERROR
dc/base/DotBayesNFPreds,DotBayesNFPreds,https://datacommons.org,,NOT_FOUND,NO_TIMESTAMP,
dc/base/DeepSolar,DeepSolar,http://web.stanford.edu/group/deepsolar/home,2022-11-16,2022-11-16,SUCCESS,
dc/base/DEA_ARCOS,DEA_ARCOS,https://www.deadiversion.usdoj.gov/arcos/retail_drug_summary/,,NOT_FOUND,NO_TIMESTAMP,
dc/base/DEA_DrugCodes,DEA_DrugCodes,https://www.deadiversion.usdoj.gov/21cfr/cfr/2108cfrt.htm,,PAGE_ERROR,PAGE_ERROR,PAGE_ERROR
dc/base/EIA860_Utilities,EIA860_Utilities,https://www.eia.gov/electricity/data/eia860/,2025-09-09,2025-09-09,SUCCESS,
dc/base/EIA_860,EIA_860,https://www.eia.gov/electricity/data/eia860/,2025-09-09,2025-09-09,SUCCESS,
dc/base/EPACriteriaAirPollutants_Stations,EPACriteriaAirPollutants_Stations,https://aqs.epa.gov/aqsweb/airdata/download_files.html,,PAGE_ERROR,PAGE_ERROR,PAGE_ERROR
dc/base/EPACriteriaAirPollutants,EPACriteriaAirPollutants,https://aqs.epa.gov/aqsweb/airdata/download_files.html,,NOT_FOUND,NO_TIMESTAMP,
dc/base/EPA_GHGRP,EPA_GHGRP,https://www.epa.gov/ghgreporting,2025-12-30,2025-12-30,SUCCESS,
dc/base/EIA860_PowerPlants,EIA860_PowerPlants,https://www.eia.gov/electricity/data/eia860/,2025-09-09,2025-09-09,SUCCESS,
dc/base/EPA_AirPollutantEmission_Level1,EPA_AirPollutantEmission_Level1,https://www.epa.gov/air-emissions-inventories/national-emissions-inventory-nei,2026-02-09,2026-02-09,SUCCESS,
dc/base/EPA_ParentCompanies,EPA_ParentCompanies,https://www.epa.gov/ghgreporting,2026-01-27,2026-01-27,SUCCESS,
dc/base/EPA_GHGRPFacilities,EPA_GHGRPFacilities,https://www.epa.gov/enviro/greenhouse-gas-overview,2025-07-30,2025-07-30,SUCCESS,
dc/base/EPA_GHGRP_ParentCompanies_Ownership,EPA_GHGRP_ParentCompanies_Ownership,https://www.epa.gov/ghgreporting,2025-12-30,2025-12-30,SUCCESS,
dc/base/CDCPM25,CDCPM25,https://data.cdc.gov/Environmental-Health-Toxicology/Daily-PM2-5-Concentrations-All-County-2001-2016/7vdq-ztk9,,PAGE_ERROR,PAGE_ERROR,PAGE_ERROR
dc/base/EPA_GHGRP_ParentCompanies,EPA_GHGRP_ParentCompanies,https://www.epa.gov/ghgreporting,2025-12-30,2025-12-30,SUCCESS,
dc/base/EPA_USAirPollutantEmissionTrends_NationalAndState,EPA_USAirPollutantEmissionTrends_NationalAndState,https://www.epa.gov/air-emissions-inventories/air-pollutant-emissions-trends-data,2025-04-28,2025-04-28,SUCCESS,
dc/base/EPA_USAirPollutantEmissionTrends_County,EPA_USAirPollutantEmissionTrends_County,https://www.epa.gov/air-emissions-inventories/air-pollutant-emissions-trends-data,2026-02-05,2026-02-05,SUCCESS,
dc/base/EPA_Superfund_SiteContamination,EPA_Superfund_SiteContamination,https://www.epa.gov/superfund/superfund-data-and-reports,2025-04-25,2025-04-25,SUCCESS,
dc/base/EIA_Coal,EIA_Coal,https://www.eia.gov/opendata/qb.php?category=717234,,NOT_FOUND,NO_TIMESTAMP,
dc/base/FeedingAmerica_MapMealGap,FeedingAmerica_MapMealGap,https://map.feedingamerica.org/,,NOT_FOUND,NO_TIMESTAMP,
dc/base/EPA_Superfund_SiteHazardScore,EPA_Superfund_SiteHazardScore,https://edg.epa.gov/metadata/catalog/search/resource/details.page?uuid=https://doi.org/10.23719/1519284,,PAGE_ERROR,PAGE_ERROR,PAGE_ERROR
dc/base/EPA_Superfund_Sites_TarCreek,EPA_Superfund_Sites_TarCreek,https://cumulis.epa.gov/supercpad/SiteProfiles/index.cfm?fuseaction=second.scs&id=0601269&doc=Y&colid=33990&region=06&type=SC,,PAGE_ERROR,PAGE_ERROR,PAGE_ERROR
dc/base/FeedingAmerica_FoodInsecurity,FeedingAmerica_FoodInsecurity,https://www.feedingamerica.org/hunger-in-america,,NOT_FOUND,NO_TIMESTAMP,
dc/base/FBIHateCrime,FBIHateCrime,https://www.fbi.gov/services/cjis/ucr/hate-crime,,NOT_FOUND,NO_TIMESTAMP,
dc/base/FireFAMWEB,FireFAMWEB,https://fam.nwcg.gov/fam-web/,,PAGE_ERROR,PAGE_ERROR,PAGE_ERROR
dc/base/FEC,FEC,https://www.fec.gov/data/browse-data/?tab=bulk-data,,NOT_FOUND,NO_TIMESTAMP,
dc/base/FireWFIGS_AggregatedAreas,FireWFIGS_AggregatedAreas,https://data-nifc.opendata.arcgis.com/,2026-01-30,2026-01-30,SUCCESS,
dc/base/FireWFIGS,FireWFIGS,https://data-nifc.opendata.arcgis.com/,2023-02-14 14:56:04,2023-02-14 14:56:04,SUCCESS,
dc/base/FireWFIGS_Perimeter,FireWFIGS_Perimeter,https://data-nifc.opendata.arcgis.com/maps/wfigs-wildland-fire-perimeters-full-history,,,ERROR,"Error code: 400 - {'error': {'message': 'Tool choice is none, but model called a tool', 'type': 'invalid_request_error', 'code': '400'}}"
dc/base/NYT_COVID19,NYT_COVID19,https://www.nytimes.com/article/coronavirus-county-data-us.html,,NOT_FOUND,NO_TIMESTAMP,
dc/base/PlacePageComparisonCohortSets,PlacePageComparisonCohortSets,https://datacommons.org,,NOT_FOUND,NO_TIMESTAMP,
dc/base/FBIHateCrimePublications,FBIHateCrimePublications,https://cde.ucr.cjis.gov/LATEST/webapp/#/pages/explorer/crime/hate-crime,,NOT_FOUND,NO_TIMESTAMP,
dc/base/GenderIncomeInequality,GenderIncomeInequality,https://www.datacommons.org/,,NOT_FOUND,NO_TIMESTAMP,
dc/base/NREL_Solar,NREL_Solar,https://maps.nrel.gov/re-atlas,,PAGE_ERROR,PAGE_ERROR,PAGE_ERROR
dc/base/OpportunityInsightsNeighborhoods,OpportunityInsightsNeighborhoods,http://opportunityinsights.org,,PAGE_ERROR,PAGE_ERROR,PAGE_ERROR
dc/base/RFF_USGridGeo_WeatherVariabilityForecast,RFF_USGridGeo_WeatherVariabilityForecast,https://www.rff.org/publications/data-tools/,2024-12-18,2024-12-18,SUCCESS,
dc/base/OpportunityInsightsOutcomes,OpportunityInsightsOutcomes,http://opportunityinsights.org/data,,PAGE_ERROR,PAGE_ERROR,PAGE_ERROR
dc/base/RFF_USCounty_AdditionalWeatherVariabilityHistorical,RFF_USCounty_AdditionalWeatherVariabilityHistorical,https://www.rff.org/publications/data-tools/,,NOT_FOUND,NO_TIMESTAMP,
dc/base/RFF_USGridGeo_WeatherVariabilityHistorical,RFF_USGridGeo_WeatherVariabilityHistorical,https://www.rff.org/publications/data-tools/,,NOT_FOUND,NO_TIMESTAMP,
dc/base/RFF_USCounty_WeatherVariabilityHistorical,RFF_USCounty_WeatherVariabilityHistorical,https://www.rff.org/publications/data-tools/,,NOT_FOUND,NO_TIMESTAMP,
dc/base/RFF_ClimateWildfireSmoke_PRISMComputed,RFF_ClimateWildfireSmoke_PRISMComputed,https://www.rff.org/publications/data-tools/,,PAGE_ERROR,PAGE_ERROR,PAGE_ERROR
dc/base/RFF_ClimateWildfireSmoke_ParksAbatzoglou,RFF_ClimateWildfireSmoke_ParksAbatzoglou,https://doi.org/10.5061/dryad.tmpg4f4x1,2020-10-20,2020-10-20,SUCCESS,
dc/base/NYU_Tennessee_Diabetes,NYU_Tennessee_Diabetes,https://www.tn.gov/health/health-program-areas/statistics/health-data/death-statistics.html,,PAGE_ERROR,PAGE_ERROR,PAGE_ERROR
dc/base/RFF_ClimateWildfireSmoke_MTBS,RFF_ClimateWildfireSmoke_MTBS,https://www.mtbs.gov,,NOT_FOUND,NO_TIMESTAMP,
dc/base/RFF_ClimateWildfireSmoke_EchoLab,RFF_ClimateWildfireSmoke_EchoLab,https://www.stanfordecholab.com/wildfire_smoke,2023-12-31,2023-12-31,SUCCESS,
dc/base/US_UrbanSchool_Covid_Directional_Indicators,US_UrbanSchool_Covid_Directional_Indicators,https://ocrdata.ed.gov/,,PAGE_ERROR,PAGE_ERROR,PAGE_ERROR
dc/base/US_UrbanEducation_School,US_UrbanEducation_School,https://educationdata.urban.org/documentation/schools.html,2024-07-10,2024-07-10,SUCCESS,
dc/base/StormNOAA,StormNOAA,https://www.ncdc.noaa.gov/,,PAGE_ERROR,PAGE_ERROR,PAGE_ERROR
dc/base/US_Texas_Diabetes,US_Texas_Diabetes,https://healthdata.dshs.texas.gov/dashboard/births-and-deaths/deaths,,PAGE_ERROR,PAGE_ERROR,PAGE_ERROR
dc/base/GeneratedGraphs,GeneratedGraphs,https://datacommons.org/,2026-02-06,2026-02-06,SUCCESS,
dc/base/WeatherNOAA,WeatherNOAA,https://www.noaa.gov/weather,,NOT_FOUND,NO_TIMESTAMP,
dc/base/UniversityData,UniversityData,https://collegescorecard.ed.gov,2024-03-10,2024-03-10,SUCCESS,
dc/base/USA_DOL_Wages,USA_DOL_Wages,https://www.dol.gov/general/topic/wages,2026-01-31,2026-01-31,SUCCESS,
