id,name,provenance_url,last_modified,last_modified_raw,status,error,method
dc/base/EuroStatHealth_PhysicalActivity,EuroStatHealth_PhysicalActivity,https://ec.europa.eu/eurostat/web/health/database,2026-02-19T05:26:51+00:00,"Date: Thu, 19 Feb 2026 05:26:51 GMT",SUCCESS,,HTTP_HEADER
dc/base/EurostatHealth_Tobacco_Consumption,EurostatHealth_Tobacco_Consumption,https://ec.europa.eu/eurostat/web/main/data/database,2026-02-19T05:26:51+00:00,"Date: Thu, 19 Feb 2026 05:26:51 GMT",SUCCESS,,HTTP_HEADER
dc/base/EuroStatHealth_SocialEnvironment,EuroStatHealth_SocialEnvironment,https://ec.europa.eu/eurostat/web/main/data/database,2026-02-19T05:26:51+00:00,"Date: Thu, 19 Feb 2026 05:26:51 GMT",SUCCESS,,HTTP_HEADER
dc/base/DynamicWorld_FloodEvents_Places_AutoRefresh,DynamicWorld_FloodEvents_Places_AutoRefresh,https://developers.google.com/earth-engine/datasets/catalog/GOOGLE_DYNAMICWORLD_V1,2026-02-19T03:45:07+00:00,"Thu, 19 Feb 2026 03:45:07 GMT",SUCCESS,,HTTP_HEADER
dc/base/EuroStatHealth_BodyMassIndex,EuroStatHealth_BodyMassIndex,https://ec.europa.eu/eurostat/web/main/data/database,2026-02-19T05:26:51+00:00,"Date: Thu, 19 Feb 2026 05:26:51 GMT",SUCCESS,,HTTP_HEADER
dc/base/crdc_instructional_wifi_devices,crdc_instructional_wifi_devices,https://civilrightsdata.ed.gov/data,2025-09-23T13:34:20+00:00,"Tue, 23 Sep 2025 13:34:20 GMT",SUCCESS,,HTTP_HEADER
dc/base/MSTEP_3-8Grades,MSTEP_3-8Grades,https://www.mischooldata.org,2026-02-19T05:26:52+00:00,"Date: Thu, 19 Feb 2026 05:26:52 GMT",SUCCESS,,HTTP_HEADER
dc/base/Brazil_SIDRA_IBGE,Brazil_SIDRA_IBGE,https://sidra.ibge.gov.br/home/pnadct,2026-02-19T05:26:52+00:00,"Date: Thu, 19 Feb 2026 05:26:52 GMT",SUCCESS,,HTTP_HEADER
dc/base/INPE_Fire_Event_Count,INPE_Fire_Event_Count,https://terrabrasilis.dpi.inpe.br/queimadas/situacao-atual/estatisticas/estatisticas_estados/,2026-02-19T05:26:52+00:00,"Date: Thu, 19 Feb 2026 05:26:52 GMT",SUCCESS,,HTTP_HEADER
dc/base/CaliforniaSchoolPerformance,CaliforniaSchoolPerformance,https://caaspp-elpac.ets.org/elpac/,2026-02-19T05:26:52+00:00,"Date: Thu, 19 Feb 2026 05:26:52 GMT",SUCCESS,,HTTP_HEADER
dc/base/EurostatData_Education_Enrollment,EurostatData_Education_Enrollment,https://ec.europa.eu/eurostat/databrowser/view/trng_lfse_04/default/table?lang=en,2026-02-19T05:26:53+00:00,"Date: Thu, 19 Feb 2026 05:26:53 GMT",SUCCESS,,HTTP_HEADER
dc/base/EurostatData_Education_Attainment,EurostatData_Education_Attainment,https://ec.europa.eu/eurostat/databrowser/view/edat_lfse_04/default/table?lang=en,2026-02-19T05:26:53+00:00,"Date: Thu, 19 Feb 2026 05:26:53 GMT",SUCCESS,,HTTP_HEADER
dc/base/EurostatData_PopulationDensity,EurostatData_PopulationDensity,https://ec.europa.eu/eurostat/databrowser/view/demo_r_d3dens/default/table?lang=en,2026-02-19T05:26:53+00:00,"Date: Thu, 19 Feb 2026 05:26:53 GMT",SUCCESS,,HTTP_HEADER
dc/base/EuroStatHealth_FruitsAndVegetables,EuroStatHealth_FruitsAndVegetables,https://ec.europa.eu/eurostat/web/main/data/database,2026-02-19T05:26:52+00:00,"Date: Thu, 19 Feb 2026 05:26:52 GMT",SUCCESS,,HTTP_HEADER
dc/base/EurostatData_Employment_Per_Sector,EurostatData_Employment_Per_Sector,https://ec.europa.eu/eurostat/databrowser/view/nama_10r_3empers/default/table?lang=en,2026-02-19T05:26:53+00:00,"Date: Thu, 19 Feb 2026 05:26:53 GMT",SUCCESS,,HTTP_HEADER
dc/base/EurostatData_Demographic_Balance_Crude_Rates,EurostatData_Demographic_Balance_Crude_Rates,https://ec.europa.eu/eurostat/databrowser/view/demo_r_gind3/default/table?lang=en,2026-02-19T05:26:53+00:00,"Date: Thu, 19 Feb 2026 05:26:53 GMT",SUCCESS,,HTTP_HEADER
dc/base/EurostatData_GDP,EurostatData_GDP,https://ec.europa.eu/eurostat/databrowser/view/nama_10r_3gdp/default/table?lang=en,2026-02-19T05:26:53+00:00,"Date: Thu, 19 Feb 2026 05:26:53 GMT",SUCCESS,,HTTP_HEADER
dc/base/EurostatData_Fertility,EurostatData_Fertility,https://ec.europa.eu/eurostat/databrowser/view/demo_r_find3/default/table?lang=en,2026-02-19T05:26:53+00:00,"Date: Thu, 19 Feb 2026 05:26:53 GMT",SUCCESS,,HTTP_HEADER
dc/base/Google_COVID19Mobility,Google_COVID19Mobility,https://www.google.com/covid19/mobility/,2024-09-17T06:00:00+00:00,"Tue, 17 Sep 2024 06:00:00 GMT",SUCCESS,,HTTP_HEADER
dc/base/Google_SustainabilityFinancialIncentives,Google_SustainabilityFinancialIncentives,https://www.google.com,2026-02-19T05:26:53+00:00,"Date: Thu, 19 Feb 2026 05:26:53 GMT",SUCCESS,,HTTP_HEADER
dc/base/EurostatData_LifeExpectancy,EurostatData_LifeExpectancy,https://ec.europa.eu/eurostat/databrowser/view/demo_r_mlifexp/default/table?lang=en,2026-02-19T05:26:53+00:00,"Date: Thu, 19 Feb 2026 05:26:53 GMT",SUCCESS,,HTTP_HEADER
dc/base/Mongolia_Employment,Mongolia_Employment,https://www.1212.mn/en/statcate,2026-02-19T05:26:55+00:00,"Date: Thu, 19 Feb 2026 05:26:55 GMT",SUCCESS,,HTTP_HEADER
dc/base/Mongolia_Education,Mongolia_Education,https://www.1212.mn/en/statcate,2026-02-19T05:26:55+00:00,"Date: Thu, 19 Feb 2026 05:26:55 GMT",SUCCESS,,HTTP_HEADER
dc/base/NewYorkUniversity_Diabetes,NewYorkUniversity_Diabetes,https://www.health.ny.gov/statistics/prevention/injury_prevention/information_for_action/,2026-02-19T04:56:23+00:00,"Date: Thu, 19 Feb 2026 04:56:23 GMT",SUCCESS,,HTTP_HEADER
dc/base/Mongolia_Demographics,Mongolia_Demographics,https://www.1212.mn/en/statcate,2026-02-19T05:26:55+00:00,"Date: Thu, 19 Feb 2026 05:26:55 GMT",SUCCESS,,HTTP_HEADER
dc/base/Mongolia_Health,Mongolia_Health,https://www.1212.mn/en/statcate,2026-02-19T05:26:55+00:00,"Date: Thu, 19 Feb 2026 05:26:55 GMT",SUCCESS,,HTTP_HEADER
dc/base/US_SAT_ACT_Participation,US_SAT_ACT_Participation,https://ocrdata.ed.gov/,2025-09-23T13:34:20+00:00,"Tue, 23 Sep 2025 13:34:20 GMT",SUCCESS,,HTTP_HEADER
dc/base/US_UrbanSchool_Enrollment,US_UrbanSchool_Enrollment,https://ocrdata.ed.gov/,2025-09-23T13:34:20+00:00,"Tue, 23 Sep 2025 13:34:20 GMT",SUCCESS,,HTTP_HEADER
dc/base/US_Urban_MathsAndScience_Course_Enrollment,US_Urban_MathsAndScience_Course_Enrollment,https://civilrightsdata.ed.gov/data,2025-09-23T13:34:20+00:00,"Tue, 23 Sep 2025 13:34:20 GMT",SUCCESS,,HTTP_HEADER
dc/base/US_Urban_Schools_Teachers_And_Staff,US_Urban_Schools_Teachers_And_Staff,https://ocrdata.ed.gov/,2025-09-23T13:34:20+00:00,"Tue, 23 Sep 2025 13:34:20 GMT",SUCCESS,,HTTP_HEADER
dc/base/OECDRegionalDemography_LifeExpectancy,OECDRegionalDemography_LifeExpectancy,https://data-explorer.oecd.org/vis?df[ds]=DisseminateFinalDMZ&df[id]=DSD_REG_DEMO%40DF_LIFE_EXP&df[ag]=OECD.CFE.EDS&df[vs]=2.0&dq=A.......&pd=%2C&to[TIME_PERIOD]=false&vw=tb,2026-02-19T05:26:56+00:00,"Date: Thu, 19 Feb 2026 05:26:56 GMT",SUCCESS,,HTTP_HEADER
dc/base/US_UrbanSchool_Finances,US_UrbanSchool_Finances,https://ocrdata.ed.gov/data,2025-09-23T13:34:20+00:00,"Tue, 23 Sep 2025 13:34:20 GMT",SUCCESS,,HTTP_HEADER
dc/base/US_SAT_ACT_Participation_state,US_SAT_ACT_Participation_state,https://ocrdata.ed.gov/,2025-09-23T13:34:20+00:00,"Tue, 23 Sep 2025 13:34:20 GMT",SUCCESS,,HTTP_HEADER
dc/base/US_UrbanSchool_Retention,US_UrbanSchool_Retention,https://ocrdata.ed.gov/data,2025-09-23T13:34:20+00:00,"Tue, 23 Sep 2025 13:34:20 GMT",SUCCESS,,HTTP_HEADER
dc/base/OECDRegionalDemography_Population,OECDRegionalDemography_Population,https://data-explorer.oecd.org/vis?fs[0]=Topic%2C0%7CRegional%252C%20rural%20and%20urban%20development%23GEO%23&pg=40&fc=Topic&bp=true&snb=117&df[ds]=dsDisseminateFinalDMZ&df[id]=DSD_REG_DEMO%40DF_POP_5Y&df[ag]=OECD.CFE.EDS&df[vs]=2.0&dq=A.......&to[TIME_PERIOD]=false&vw=tb&pd=%2C,2026-02-19T05:26:57+00:00,"Date: Thu, 19 Feb 2026 05:26:57 GMT",SUCCESS,,HTTP_HEADER
dc/base/OECDRegionalDemography_PopulationDensity,OECDRegionalDemography_PopulationDensity,https://data-explorer.oecd.org/vis?pg=0&snb=1&tm=pop%20density&df[ds]=dsDisseminateFinalDMZ&df[id]=DSD_REG_DEMO%40DF_DENSITY&df[ag]=OECD.CFE.EDS&df[vs]=2.0&dq=A.......&pd=%2C&to[TIME_PERIOD]=false&vw=tb,2026-02-19T05:26:57+00:00,"Date: Thu, 19 Feb 2026 05:26:57 GMT",SUCCESS,,HTTP_HEADER
dc/base/India_RBIStateDomesticProduct,India_RBIStateDomesticProduct,https://rbi.org.in/,2026-02-19T05:26:58+00:00,"Date: Thu, 19 Feb 2026 05:26:58 GMT",SUCCESS,,HTTP_HEADER
dc/base/India_RBI_State_Statistics,India_RBI_State_Statistics,https://rbi.org.in/,2026-02-19T05:26:58+00:00,"Date: Thu, 19 Feb 2026 05:26:58 GMT",SUCCESS,,HTTP_HEADER
dc/base/NewYork_Education,NewYork_Education,https://data.cityofnewyork.us/browse?category=Education,2026-02-19T05:26:58+00:00,"Date: Thu, 19 Feb 2026 05:26:58 GMT",SUCCESS,,HTTP_HEADER
dc/base/Zurich_Population_By_Origin,Zurich_Population_By_Origin,https://www.stadt-zuerich.ch/content/dam/web/de/politik-verwaltung/statistik-und-daten/linked-open-data/datacommons/bev_3903_hel_wiki.csv,2026-02-19T05:26:58+00:00,"Date: Thu, 19 Feb 2026 05:26:58 GMT",SUCCESS,,HTTP_HEADER
dc/base/Zurich_Population,Zurich_Population,https://www.stadt-zuerich.ch/content/dam/web/de/politik-verwaltung/statistik-und-daten/linked-open-data/datacommons/bev_3240_wiki.csv,2026-02-19T05:26:58+00:00,"Date: Thu, 19 Feb 2026 05:26:58 GMT",SUCCESS,,HTTP_HEADER
dc/base/Zurich_Population_Number_Of_Company_Workplace_Employees,Zurich_Population_Number_Of_Company_Workplace_Employees,https://www.stadt-zuerich.ch/content/dam/web/de/politik-verwaltung/statistik-und-daten/linked-open-data/datacommons/wir_2552_wiki.csv,2026-02-19T05:26:59+00:00,"Date: Thu, 19 Feb 2026 05:26:59 GMT",SUCCESS,,HTTP_HEADER
dc/base/Zurich_Population_By_Sex,Zurich_Population_By_Sex,https://www.stadt-zuerich.ch/content/dam/web/de/politik-verwaltung/statistik-und-daten/linked-open-data/datacommons/bev_3903_sex_wiki.csv,2026-02-19T05:26:59+00:00,"Date: Thu, 19 Feb 2026 05:26:59 GMT",SUCCESS,,HTTP_HEADER
dc/base/Zurich_Population_Number_Of_Birth_By_Origin,Zurich_Population_Number_Of_Birth_By_Origin,https://www.stadt-zuerich.ch/content/dam/web/de/politik-verwaltung/statistik-und-daten/linked-open-data/datacommons/bev_4031_hel_wiki.csv,2026-02-19T05:26:59+00:00,"Date: Thu, 19 Feb 2026 05:26:59 GMT",SUCCESS,,HTTP_HEADER
dc/base/Zurich_Population_By_Age,Zurich_Population_By_Age,https://www.stadt-zuerich.ch/content/dam/web/de/politik-verwaltung/statistik-und-daten/linked-open-data/datacommons/bev_3903_age10_wiki.csv,2026-02-19T05:26:59+00:00,"Date: Thu, 19 Feb 2026 05:26:59 GMT",SUCCESS,,HTTP_HEADER
dc/base/Zurich_Population_Number_Of_Birth_By_Sex,Zurich_Population_Number_Of_Birth_By_Sex,https://www.stadt-zuerich.ch/content/dam/web/de/politik-verwaltung/statistik-und-daten/linked-open-data/datacommons/bev_4031_sex_wiki.csv,2026-02-19T05:27:00+00:00,"Date: Thu, 19 Feb 2026 05:27:00 GMT",SUCCESS,,HTTP_HEADER
dc/base/Zurich_Population_Number_Of_Birth,Zurich_Population_Number_Of_Birth,https://www.stadt-zuerich.ch/content/dam/web/de/politik-verwaltung/statistik-und-daten/linked-open-data/datacommons/bev_4031_wiki.csv,2026-02-19T05:27:00+00:00,"Date: Thu, 19 Feb 2026 05:27:00 GMT",SUCCESS,,HTTP_HEADER
dc/base/UNEnergy,UNEnergy,https://unstats.un.org/unsd/energystats/data/,2026-02-19T05:27:00+00:00,"Date: Thu, 19 Feb 2026 05:27:00 GMT",SUCCESS,,HTTP_HEADER
dc/base/USBTS_Tract_Household_Transportation,USBTS_Tract_Household_Transportation,https://www.bts.dot.gov/latch/latch-data,,,ERROR,HTTP_?,
dc/base/Finland_Census,Finland_Census,https://pxdata.stat.fi/PxWeb/pxweb/en/StatFin/StatFin__vaerak/statfin_vaerak_pxt_11ra.px/table/tableViewLayout1/,2026-02-19T05:27:01+00:00,"Date: Thu, 19 Feb 2026 05:27:01 GMT",SUCCESS,,HTTP_HEADER
dc/base/CensusSAIPE,CensusSAIPE,https://www.census.gov/programs-surveys/saipe.html,2026-02-19T05:27:01+00:00,"Date: Thu, 19 Feb 2026 05:27:01 GMT",SUCCESS,,HTTP_HEADER
dc/base/UNData,UNData,https://data.un.org/Data.aspx?q=city+population&d=POP&f=tableCode%3a240,2026-02-19T05:27:01+00:00,"Date: Thu, 19 Feb 2026 05:27:01 GMT",SUCCESS,,HTTP_HEADER
dc/base/EPAAirQualityIndex,EPAAirQualityIndex,https://aqs.epa.gov/aqsweb/airdata/download_files.html,2025-12-04T13:22:18+00:00,"Thu, 04 Dec 2025 13:22:18 GMT",SUCCESS,,HTTP_HEADER
dc/base/OECDRegionalDemography_Mortality,OECDRegionalDemography_Mortality,https://stats.oecd.org/Index.aspx?DataSetCode=REGION_DEMOGR#,,,NO_TIMESTAMP,NO_TIMESTAMP,
dc/base/OECDRegionalEducation,OECDRegionalEducation,https://stats.oecd.org/Index.aspx?DataSetCode=REGION_EDUCAT,,,NO_TIMESTAMP,NO_TIMESTAMP,
dc/base/New_Zealand_Census,New_Zealand_Census,https://www.stats.govt.nz/,2026-02-19T05:27:03+00:00,"Date: Thu, 19 Feb 2026 05:27:03 GMT",SUCCESS,,HTTP_HEADER
dc/base/EarthquakeUSGS,EarthquakeUSGS,https://earthquake.usgs.gov/,,,NO_TIMESTAMP,NO_TIMESTAMP,
dc/base/BLS_CPI,BLS_CPI,https://www.bls.gov/cpi/,2026-02-19T05:27:03+00:00,"Date: Thu, 19 Feb 2026 05:27:03 GMT",SUCCESS,,HTTP_HEADER
dc/base/BEA_USStatesQuarterlyGDP,BEA_USStatesQuarterlyGDP,https://www.bea.gov/data/gdp/gdp-state,2026-02-19T05:01:41+00:00,"Thu, 19 Feb 2026 05:01:41 GMT",SUCCESS,,HTTP_HEADER
dc/base/EPA_EJSCREEN,EPA_EJSCREEN,https://gaftp.epa.gov/EJSCREEN/,,,ERROR,HTTP_?,
dc/base/BLS_CPI_Category,BLS_CPI_Category,https://www.bls.gov/cpi/,2026-02-19T05:27:04+00:00,"Date: Thu, 19 Feb 2026 05:27:04 GMT",SUCCESS,,HTTP_HEADER
dc/base/US_CPI,US_CPI,https://www.bls.gov/cpi/,,,ERROR,HTTP_?,
dc/base/BLS_CES_State,BLS_CES_State,https://www.bls.gov/sae/overview.htm,,,ERROR,HTTP_?,
dc/base/BLS_JOLTS,BLS_JOLTS,https://www.bls.gov/jlt/,,,ERROR,HTTP_?,
dc/base/BLS_CPS,BLS_CPS,https://www.bls.gov/cps/,,,ERROR,HTTP_?,
dc/base/BLS_CES,BLS_CES,https://www.bls.gov/ces/,2026-02-11,2026-02-11,SUCCESS,,HTML_SCRAPE
dc/base/USGSWaterUse,USGSWaterUse,https://waterdata.usgs.gov/nwis/wu,2026-02-10T21:03:26+00:00,"Tue, 10 Feb 2026 21:03:26 GMT",SUCCESS,,HTTP_HEADER
dc/base/USCensusPEP_By_SexRaceHispanicOrigin,USCensusPEP_By_SexRaceHispanicOrigin,https://www.census.gov/programs-surveys/popest.html,2026-02-19T05:27:05+00:00,"Date: Thu, 19 Feb 2026 05:27:05 GMT",SUCCESS,,HTTP_HEADER
dc/base/CensusPEP,CensusPEP,https://www.census.gov/programs-surveys/popest.html,2026-02-19T05:27:05+00:00,"Date: Thu, 19 Feb 2026 05:27:05 GMT",SUCCESS,,HTTP_HEADER
dc/base/USNationalPrisonerStatistics,USNationalPrisonerStatistics,https://www.bjs.gov/index.cfm?ty=dcdetail&iid=269,2026-02-18T23:25:04+00:00,"Wed, 18 Feb 2026 23:25:04 GMT",SUCCESS,,HTTP_HEADER
dc/base/USCensusPEP_Annual_Population,USCensusPEP_Annual_Population,https://www.census.gov/programs-surveys/popest.html,2026-02-19T05:27:05+00:00,"Date: Thu, 19 Feb 2026 05:27:05 GMT",SUCCESS,,HTTP_HEADER
dc/base/USCensusPEP_Sex,USCensusPEP_Sex,https://www.census.gov/programs-surveys/popest.html,2026-02-19T05:27:05+00:00,"Date: Thu, 19 Feb 2026 05:27:05 GMT",SUCCESS,,HTTP_HEADER
dc/base/USCensusGeos_SurfaceArea,USCensusGeos_SurfaceArea,https://www.census.gov/geographies/reference-files.html,2026-02-19T05:27:06+00:00,"Date: Thu, 19 Feb 2026 05:27:06 GMT",SUCCESS,,HTTP_HEADER
dc/base/CensusSuperTMCFTable_ECNBASIC2012_EC1200A1,CensusSuperTMCFTable_ECNBASIC2012_EC1200A1,https://data.census.gov/api/access/table/download,,,ERROR,HTTP_?,
dc/base/USCensusPEP_PopulationEstimatebyRace,USCensusPEP_PopulationEstimatebyRace,https://www.census.gov/programs-surveys/popest.html,2026-02-19T05:27:06+00:00,"Date: Thu, 19 Feb 2026 05:27:06 GMT",SUCCESS,,HTTP_HEADER
dc/base/CensusSAHIE,CensusSAHIE,https://www.census.gov/programs-surveys/sahie.html,2026-02-19T05:27:07+00:00,"Date: Thu, 19 Feb 2026 05:27:07 GMT",SUCCESS,,HTTP_HEADER
dc/base/USCensusPEP_By_Sex_Race,USCensusPEP_By_Sex_Race,https://www.census.gov/programs-surveys/popest.html,2026-02-19T05:27:07+00:00,"Date: Thu, 19 Feb 2026 05:27:07 GMT",SUCCESS,,HTTP_HEADER
dc/base/CDC_Social_Vulnerability_Index,CDC_Social_Vulnerability_Index,https://www.atsdr.cdc.gov/place-health/php/svi/svi-data-documentation-download.html?CDC_AAref_Val=https://www.atsdr.cdc.gov/placeandhealth/svi/data_documentation_download.html,2026-02-19T05:27:08+00:00,"Date: Thu, 19 Feb 2026 05:27:08 GMT",SUCCESS,,HTTP_HEADER
dc/base/NCHS_BRFSS_Asthma,NCHS_BRFSS_Asthma,https://www.cdc.gov/asthma/brfss/default.htm,2026-02-19T05:27:08+00:00,"Date: Thu, 19 Feb 2026 05:27:08 GMT",SUCCESS,,HTTP_HEADER
dc/base/USCensusPEP_MonthlyPopulation,USCensusPEP_MonthlyPopulation,https://www.census.gov/programs-surveys/popest.html,2026-02-19T05:27:08+00:00,"Date: Thu, 19 Feb 2026 05:27:08 GMT",SUCCESS,,HTTP_HEADER
dc/base/CDC_StandardizedPrecipitationIndex,CDC_StandardizedPrecipitationIndex,https://data.cdc.gov/Environmental-Health-Toxicology/Standardized-Precipitation-Index-1895-2016/xbk2-5i4e,2026-02-19T05:27:09+00:00,"Date: Thu, 19 Feb 2026 05:27:09 GMT",SUCCESS,,HTTP_HEADER
dc/base/CDC_OzoneCensusTract,CDC_OzoneCensusTract,https://data.cdc.gov/browse?category=Environmental+Health+%26+Toxicology,2026-02-19T05:27:09+00:00,"Date: Thu, 19 Feb 2026 05:27:09 GMT",SUCCESS,,HTTP_HEADER
dc/base/CDC_PM25County,CDC_PM25County,https://data.cdc.gov/Environmental-Health-Toxicology/Daily-County-Level-PM2-5-Concentrations-2001-2019/dqwm-pbi7/about_data,2026-02-19T05:27:09+00:00,"Date: Thu, 19 Feb 2026 05:27:09 GMT",SUCCESS,,HTTP_HEADER
dc/base/CDC_PalmerDroughtSeverityIndex,CDC_PalmerDroughtSeverityIndex,https://data.cdc.gov/Environmental-Health-Toxicology/Palmer-Drought-Severity-Index-1895-2016/en5r-5ds4,2026-02-19T05:27:10+00:00,"Date: Thu, 19 Feb 2026 05:27:10 GMT",SUCCESS,,HTTP_HEADER
dc/base/CDC_StandardizedPrecipitationEvapotranspirationIndex,CDC_StandardizedPrecipitationEvapotranspirationIndex,https://data.cdc.gov/Environmental-Health-Toxicology/Standardized-Precipitation-Evapotranspiration-Inde/6nbv-ifib,2026-02-19T05:27:10+00:00,"Date: Thu, 19 Feb 2026 05:27:10 GMT",SUCCESS,,HTTP_HEADER
dc/base/CDC_PM25CensusTract,CDC_PM25CensusTract,https://data.cdc.gov/browse?category=Environmental+Health+%26+Toxicology,2026-02-19T05:27:10+00:00,"Date: Thu, 19 Feb 2026 05:27:10 GMT",SUCCESS,,HTTP_HEADER
dc/base/CDCWonder_NNDSS_InfectiousWeekly,CDCWonder_NNDSS_InfectiousWeekly,https://wonder.cdc.gov/nndss/nndss_weekly_tables_menu.asp,,,ERROR,HTTP_?,
dc/base/USFEMA_NationalRiskIndex,USFEMA_NationalRiskIndex,https://hazards.fema.gov/nri/,,,ERROR,SSL_ERROR,
dc/base/CDC_NORS_NonInfectious,CDC_NORS_NonInfectious,https://wwwn.cdc.gov/norsdashboard/,2026-02-19T05:27:11+00:00,"Date: Thu, 19 Feb 2026 05:27:11 GMT",SUCCESS,,HTTP_HEADER
dc/base/CDC500_States,CDC500_States,https://www.cdc.gov/places/index.html,2026-02-19T05:27:11+00:00,"Date: Thu, 19 Feb 2026 05:27:11 GMT",SUCCESS,,HTTP_HEADER
dc/base/usa_child_birth,usa_child_birth,https://www.cdc.gov/nchs/nvss/vsrr/provisional-tables.htm,2026-02-19T05:27:11+00:00,"Date: Thu, 19 Feb 2026 05:27:11 GMT",SUCCESS,,HTTP_HEADER
dc/base/CDC_OzoneCounty,CDC_OzoneCounty,https://data.cdc.gov/browse?category=Environmental+Health+%26+Toxicology&sortBy=last_modified&page=1,2026-02-19T05:27:11+00:00,"Date: Thu, 19 Feb 2026 05:27:11 GMT",SUCCESS,,HTTP_HEADER
dc/base/CDC_Mortality_UnderlyingCause,CDC_Mortality_UnderlyingCause,https://wonder.cdc.gov/ucd-icd10.html,2026-02-19T05:27:12+00:00,"Date: Thu, 19 Feb 2026 05:27:12 GMT",SUCCESS,,HTTP_HEADER
dc/base/CDCWonder_NNDSS_Infectious_Weekly,CDCWonder_NNDSS_Infectious_Weekly,https://data.cdc.gov/api/views/x9gk-5huc/rows.csv?accessType=DOWNLOAD&api_foundry=true,2026-02-18T21:39:55+00:00,"Wed, 18 Feb 2026 21:39:55 GMT",SUCCESS,,HTTP_HEADER
dc/base/CDC_Mortality_UnderlyingCause_SingleRace,CDC_Mortality_UnderlyingCause_SingleRace,https://wonder.cdc.gov/ucd-icd10-expanded.html,2026-02-19T05:27:12+00:00,"Date: Thu, 19 Feb 2026 05:27:12 GMT",SUCCESS,,HTTP_HEADER
dc/base/US_CDC_PRAMS,US_CDC_PRAMS,https://www.cdc.gov/prams/prams-data/,,,ERROR,HTTP_?,
dc/base/EPHHeatRelatedIllness,EPHHeatRelatedIllness,https://ephtracking.cdc.gov/qrlist/35,,,ERROR,HTTP_?,
dc/base/US_ITA_Economic_Activity,US_ITA_Economic_Activity,https://www.trade.gov/report/tradestats-express-national-and-state-trade-data?anchor=content-tradestats-express---national-1,2026-02-19T02:46:00+00:00,"Thu, 19 Feb 2026 02:46:00 GMT",SUCCESS,,HTTP_HEADER
dc/base/Commerce_NTIA,Commerce_NTIA,https://www.ntia.gov/other-publication/2022/digital-nation-data-explorer#sel=homeEverOnline&demo=race&pc=count&disp=both,2026-02-19T05:22:03+00:00,"Thu, 19 Feb 2026 05:22:03 GMT",SUCCESS,,HTTP_HEADER
dc/base/USDA_AgricultureSurvey,USDA_AgricultureSurvey,https://quickstats.nass.usda.gov/,2026-02-19T05:27:13+00:00,"Date: Thu, 19 Feb 2026 05:27:13 GMT",SUCCESS,,HTTP_HEADER
dc/base/Commerce_EDA,Commerce_EDA,https://www.commerce.gov/bureaus-and-offices/eda,,,ERROR,HTTP_?,
dc/base/HUD_IncomeLimits,HUD_IncomeLimits,https://www.huduser.gov/portal/datasets/il.html,2026-02-18T18:55:18+00:00,"Wed, 18 Feb 2026 18:55:18 GMT",SUCCESS,,HTTP_HEADER
dc/base/USFEMA_FloodInsuranceClaims,USFEMA_FloodInsuranceClaims,https://www.fema.gov/openfema-data-page/fima-nfip-redacted-claims-v2,2026-02-19T05:27:02+00:00,"Thu, 19 Feb 2026 05:27:02 GMT",SUCCESS,,HTTP_HEADER
dc/base/USDA_AgricultureCensus,USDA_AgricultureCensus,https://www.nass.usda.gov/AgCensus/,2026-02-19T05:27:15+00:00,"Date: Thu, 19 Feb 2026 05:27:15 GMT",SUCCESS,,HTTP_HEADER
dc/base/USDOL_ETA539,USDOL_ETA539,https://oui.doleta.gov/unemploy/,,,ERROR,CONNECTION_ERROR,
dc/base/FBIGovCrime,FBIGovCrime,http://www.fbi.gov/services/cjis/ucr,,,ERROR,HTTP_?,
dc/base/USFed_ConstantMaturityRates,USFed_ConstantMaturityRates,https://www.federalreserve.gov/releases/h15/,2026-02-18T21:15:09+00:00,"Wed, 18 Feb 2026 21:15:09 GMT",SUCCESS,,HTTP_HEADER
dc/base/US_Federal_Rates,US_Federal_Rates,https://www.federalreserve.gov/DataDownload/Choose.aspx?rel=H15,2026-02-19T05:27:33+00:00,"Date: Thu, 19 Feb 2026 05:27:33 GMT",SUCCESS,,HTTP_HEADER
dc/base/NCES_NationsReportCard,NCES_NationsReportCard,https://nces.ed.gov/nationsreportcard/,2026-02-19T05:27:34+00:00,"Date: Thu, 19 Feb 2026 05:27:34 GMT",SUCCESS,,HTTP_HEADER
dc/base/NCES_SchoolDistrictStats,NCES_SchoolDistrictStats,https://nces.ed.gov/ccd/elsi/tableGenerator.aspx,2026-02-19T05:27:36+00:00,"Date: Thu, 19 Feb 2026 05:27:36 GMT",SUCCESS,,HTTP_HEADER
dc/base/NCES_PublicSchoolStats,NCES_PublicSchoolStats,https://nces.ed.gov/ccd/elsi/tableGenerator.aspx,2026-02-19T05:27:37+00:00,"Date: Thu, 19 Feb 2026 05:27:37 GMT",SUCCESS,,HTTP_HEADER
dc/base/NCES_SchoolDistrict,NCES_SchoolDistrict,https://nces.ed.gov/ccd/elsi/tableGenerator.aspx,2026-02-19T05:27:38+00:00,"Date: Thu, 19 Feb 2026 05:27:38 GMT",SUCCESS,,HTTP_HEADER
dc/base/NCES_PublicSchool,NCES_PublicSchool,https://nces.ed.gov/ccd/elsi/tableGenerator.aspx,2026-02-19T05:27:40+00:00,"Date: Thu, 19 Feb 2026 05:27:40 GMT",SUCCESS,,HTTP_HEADER
dc/base/NCES_Bachelors_Degree_By_Field_Import,NCES_Bachelors_Degree_By_Field_Import,https://nces.ed.gov,2026-02-19T02:35:28+00:00,"Thu, 19 Feb 2026 02:35:28 GMT",SUCCESS,,HTTP_HEADER
dc/base/NCES_HBCU_Enrollment_Import,NCES_HBCU_Enrollment_Import,https://nces.ed.gov/programs/digest/d22/tables/dt22_313.30.asp,2026-02-19T05:27:43+00:00,"Date: Thu, 19 Feb 2026 05:27:43 GMT",SUCCESS,,HTTP_HEADER
dc/base/NCES_PrivateSchoolStats,NCES_PrivateSchoolStats,https://nces.ed.gov/ccd/elsi/tableGenerator.aspx,2026-02-19T05:27:44+00:00,"Date: Thu, 19 Feb 2026 05:27:44 GMT",SUCCESS,,HTTP_HEADER
dc/base/NCES_STEM_Degrees_Import,NCES_STEM_Degrees_Import,https://nces.ed.gov/programs/digest/d22/tables/dt22_318.45.asp,2026-02-19T05:27:46+00:00,"Date: Thu, 19 Feb 2026 05:27:46 GMT",SUCCESS,,HTTP_HEADER
dc/base/US_CCD_Enrollment,US_CCD_Enrollment,https://nces.ed.gov/programs/digest/d24/tables/dt24_203.65.asp,2026-02-19T05:27:48+00:00,"Date: Thu, 19 Feb 2026 05:27:48 GMT",SUCCESS,,HTTP_HEADER
dc/base/FARS_CrashNodes,FARS_CrashNodes,https://www.nhtsa.gov/file-downloads?p=nhtsa/downloads/FARS/,,,ERROR,HTTP_?,
dc/base/FARS_CrashData,FARS_CrashData,https://www.nhtsa.gov/file-downloads?p=nhtsa/downloads/FARS/,,,ERROR,HTTP_?,
dc/base/NOAA_GPCC_StandardardizedPrecipitationIndex_Event_Places,NOAA_GPCC_StandardardizedPrecipitationIndex_Event_Places,https://www.drought.gov/data-maps-tools/global-precipitation-climatology-centre-gpcc-standardized-precipitation-index-spi,2026-02-19T05:27:51+00:00,"Thu, 19 Feb 2026 05:27:51 GMT",SUCCESS,,HTTP_HEADER
dc/base/NOAA_GPCC_StandardardizedPrecipitationIndex_Event,NOAA_GPCC_StandardardizedPrecipitationIndex_Event,https://www.drought.gov/data-maps-tools/global-precipitation-climatology-centre-gpcc-standardized-precipitation-index-spi,2026-02-19T05:27:51+00:00,"Thu, 19 Feb 2026 05:27:51 GMT",SUCCESS,,HTTP_HEADER
dc/base/NOAA_GPCC_StandardardizedPrecipitationIndex_Event_Observations,NOAA_GPCC_StandardardizedPrecipitationIndex_Event_Observations,https://www.drought.gov/data-maps-tools/global-precipitation-climatology-centre-gpcc-standardized-precipitation-index-spi,2026-02-19T05:27:51+00:00,"Thu, 19 Feb 2026 05:27:51 GMT",SUCCESS,,HTTP_HEADER
dc/base/NOAA_GlobalForecastSystem,NOAA_GlobalForecastSystem,https://nomads.ncep.noaa.gov/pub/data/nccf/com/gfs/prod/,2026-02-19T05:27:56+00:00,"Date: Thu, 19 Feb 2026 05:27:56 GMT",SUCCESS,,HTTP_HEADER
dc/base/NCSES_DoctorateDegreeEmployment,NCSES_DoctorateDegreeEmployment,https://ncses.nsf.gov/pubs/nsf19304/data,2026-02-19T05:27:58+00:00,"Date: Thu, 19 Feb 2026 05:27:58 GMT",SUCCESS,,HTTP_HEADER
dc/base/USCensusPEP_AgeSexRaceHispanicOrigin,USCensusPEP_AgeSexRaceHispanicOrigin,https://www2.census.gov/programs-surveys/popest/tables,2026-02-19T05:27:59+00:00,"Thu, 19 Feb 2026 05:27:59 GMT",SUCCESS,,HTTP_HEADER
dc/base/NCSES_Research_Doctorate_Recipients_Import,NCSES_Research_Doctorate_Recipients_Import,https://ncses.nsf.gov/pubs/nsf23300/data-tables,2026-02-19T05:28:00+00:00,"Date: Thu, 19 Feb 2026 05:28:00 GMT",SUCCESS,,HTTP_HEADER
dc/base/NCSES_Employed_College_Grads_Import,NCSES_Employed_College_Grads_Import,https://ncsesdata.nsf.gov/explorer/datatables?term=race&exactMatch=no&page=1&filterSuperTopic=Demographics&filterTopic=Sex&datatablespage=2,2026-02-19T05:28:01+00:00,"Date: Thu, 19 Feb 2026 05:28:01 GMT",SUCCESS,,HTTP_HEADER
dc/base/NCSES_Demographics_SEH_Import,NCSES_Demographics_SEH_Import,https://ncses.nsf.gov/pubs/nsf25316,2026-02-19T05:28:02+00:00,"Date: Thu, 19 Feb 2026 05:28:02 GMT",SUCCESS,,HTTP_HEADER
dc/base/WorldBank_CommodityMarket,WorldBank_CommodityMarket, https://www.worldbank.org/en/research/commodity-markets,2026-02-13T18:42:35+00:00,"Fri, 13 Feb 2026 18:42:35 GMT",SUCCESS,,HTTP_HEADER
dc/base/NCSES_Median_Annual_Salary_Import,NCSES_Median_Annual_Salary_Import,https://ncses.nsf.gov/pubs/nsf23306#section13069,2026-02-19T05:28:02+00:00,"Date: Thu, 19 Feb 2026 05:28:02 GMT",SUCCESS,,HTTP_HEADER
dc/base/WorldBank_IDS,WorldBank_IDS,https://databank.worldbank.org/source/international-debt-statistics,2026-02-19T05:28:03+00:00,"Date: Thu, 19 Feb 2026 05:28:03 GMT",SUCCESS,,HTTP_HEADER
dc/base/WorldDevelopmentIndicators,WorldDevelopmentIndicators,https://datatopics.worldbank.org/world-development-indicators/,2025-08-28T14:13:01+00:00,"Thu, 28 Aug 2025 14:13:01 GMT",SUCCESS,,HTTP_HEADER
dc/base/IndiaGeoCoordinates_Simplified,IndiaGeoCoordinates_Simplified,http://projects.datameet.org/maps,2022-05-11T06:55:50+00:00,"Wed, 11 May 2022 06:55:50 GMT",SUCCESS,,HTTP_HEADER
dc/base/MidDcidMappings,MidDcidMappings,https://www.google.com,2026-02-19T05:28:05+00:00,"Date: Thu, 19 Feb 2026 05:28:05 GMT",SUCCESS,,HTTP_HEADER
dc/base/FiresS2Cells,FiresS2Cells,https://s2geometry.io/resources/s2cell_statistics.html,2025-12-03T22:29:39+00:00,"Wed, 03 Dec 2025 22:29:39 GMT",SUCCESS,,HTTP_HEADER
dc/base/FloodsS2Cells,FloodsS2Cells,https://s2geometry.io/resources/s2cell_statistics.html,2025-12-03T22:29:39+00:00,"Wed, 03 Dec 2025 22:29:39 GMT",SUCCESS,,HTTP_HEADER
dc/base/AustraliaGeoCoordinates,AustraliaGeoCoordinates,https://www.abs.gov.au/statistics/standards/australian-statistical-geography-standard-asgs-edition-3/jul2021-jun2026/access-and-downloads/digital-boundary-files,2026-02-19T03:04:49+00:00,"Thu, 19 Feb 2026 03:04:49 GMT",SUCCESS,,HTTP_HEADER
dc/base/ExperimentalStatVars,ExperimentalStatVars,https://datacommons.org,2026-02-19T05:28:06+00:00,"Date: Thu, 19 Feb 2026 05:28:06 GMT",SUCCESS,,HTTP_HEADER
dc/base/AutoGeneratedStatVars,AutoGeneratedStatVars,https://datacommons.org/,2026-02-19T05:28:06+00:00,"Date: Thu, 19 Feb 2026 05:28:06 GMT",SUCCESS,,HTTP_HEADER
dc/base/HumanReadableStatVars,HumanReadableStatVars,https://datacommons.org,2026-02-19T05:28:07+00:00,"Date: Thu, 19 Feb 2026 05:28:07 GMT",SUCCESS,,HTTP_HEADER
dc/base/BaseSchema,BaseSchema,https://datacommons.org,2026-02-19T05:28:07+00:00,"Date: Thu, 19 Feb 2026 05:28:07 GMT",SUCCESS,,HTTP_HEADER
dc/base/IndiaGeoCoordinates,IndiaGeoCoordinates,http://projects.datameet.org/maps,2022-05-11T06:55:50+00:00,"Wed, 11 May 2022 06:55:50 GMT",SUCCESS,,HTTP_HEADER
dc/base/EIA_Electricity,EIA_Electricity,https://www.eia.gov/opendata/browser/electricity,2026-02-12,"Feb 12, 2026",SUCCESS,,HTML_SCRAPE
dc/base/GeoBoundaries_Latvia_ADM2,GeoBoundaries_Latvia_ADM2,https://github.com/wmgeolab/geoBoundaries/tree/main/releaseData/gbOpen/LVA/ADM2,2026-02-19T05:28:09+00:00,"Date: Thu, 19 Feb 2026 05:28:09 GMT",SUCCESS,,HTTP_HEADER
dc/base/GeoBoundaries_Albania,GeoBoundaries_Albania,https://github.com/wmgeolab/geoBoundaries/tree/main/releaseData/gbOpen,2026-02-19T05:28:10+00:00,"Date: Thu, 19 Feb 2026 05:28:10 GMT",SUCCESS,,HTTP_HEADER
dc/base/EurostatGeoCoodinates,EurostatGeoCoodinates,https://ec.europa.eu/eurostat/web/gisco/geodata/reference-data/administrative-units-statistical-units/nuts,,,ERROR,HTTP_?,
dc/base/EuroGeos,EuroGeos,https://ec.europa.eu/eurostat/web/gisco/geodata/reference-data/administrative-units-statistical-units/nuts,,,ERROR,HTTP_?,
dc/base/GeoBoundaries_Guinea,GeoBoundaries_Guinea,https://github.com/wmgeolab/geoBoundaries/tree/main/releaseData/gbOpen,2026-02-19T05:28:10+00:00,"Date: Thu, 19 Feb 2026 05:28:10 GMT",SUCCESS,,HTTP_HEADER
dc/base/GeoBoundaries_SouthKorea,GeoBoundaries_SouthKorea,https://github.com/wmgeolab/geoBoundaries/tree/main/releaseData/gbOpen,2026-02-19T05:28:10+00:00,"Date: Thu, 19 Feb 2026 05:28:10 GMT",SUCCESS,,HTTP_HEADER
dc/base/GeoBoundaries_Belarus,GeoBoundaries_Belarus,https://github.com/wmgeolab/geoBoundaries/tree/main/releaseData/gbOpen/BLR/ADM1,2026-02-19T05:28:11+00:00,"Date: Thu, 19 Feb 2026 05:28:11 GMT",SUCCESS,,HTTP_HEADER
dc/base/GeoBoundaries_UnitedKingdom,GeoBoundaries_UnitedKingdom,https://github.com/wmgeolab/geoBoundaries/tree/main/releaseData/gbOpen/GBR/ADM1,2026-02-19T05:28:11+00:00,"Date: Thu, 19 Feb 2026 05:28:11 GMT",SUCCESS,,HTTP_HEADER
dc/base/GeoBoundaries_Israel,GeoBoundaries_Israel,https://github.com/wmgeolab/geoBoundaries/tree/main/releaseData/gbOpen,2026-02-19T05:28:12+00:00,"Date: Thu, 19 Feb 2026 05:28:12 GMT",SUCCESS,,HTTP_HEADER
dc/base/GeoBoundaries_Moldova,GeoBoundaries_Moldova,https://github.com/wmgeolab/geoBoundaries/tree/main/releaseData/gbOpen/MDA/ADM1,2026-02-19T05:28:12+00:00,"Date: Thu, 19 Feb 2026 05:28:12 GMT",SUCCESS,,HTTP_HEADER
dc/base/GeoBoundaries_Honduras_ADM2,GeoBoundaries_Honduras_ADM2,https://github.com/wmgeolab/geoBoundaries/tree/main/releaseData/gbOpen/HND/ADM2,2026-02-19T05:28:12+00:00,"Date: Thu, 19 Feb 2026 05:28:12 GMT",SUCCESS,,HTTP_HEADER
dc/base/GeoBoundaries_Federated_States_of_Micronesia,GeoBoundaries_Federated_States_of_Micronesia,https://github.com/wmgeolab/geoBoundaries/tree/main/releaseData/gbOpen,2026-02-19T05:28:12+00:00,"Date: Thu, 19 Feb 2026 05:28:12 GMT",SUCCESS,,HTTP_HEADER
dc/base/GeoBoundaries_Latvia,GeoBoundaries_Latvia,https://github.com/wmgeolab/geoBoundaries/tree/main/releaseData/gbOpen/LVA/ADM1,2026-02-19T05:28:13+00:00,"Date: Thu, 19 Feb 2026 05:28:13 GMT",SUCCESS,,HTTP_HEADER
dc/base/GeoBoundaries_Pakistan,GeoBoundaries_Pakistan,https://github.com/wmgeolab/geoBoundaries/tree/main/releaseData/gbOpen,2026-02-19T05:28:10+00:00,"Date: Thu, 19 Feb 2026 05:28:10 GMT",SUCCESS,,HTTP_HEADER
dc/base/GeoBoundaries_Ireland,GeoBoundaries_Ireland,https://github.com/wmgeolab/geoBoundaries/tree/main/releaseData/gbOpen,2026-02-19T05:28:10+00:00,"Date: Thu, 19 Feb 2026 05:28:10 GMT",SUCCESS,,HTTP_HEADER
dc/base/USCensusPEP_AgeSexRace,USCensusPEP_AgeSexRace,https://www2.census.gov/programs-surveys/popest/tables,2026-02-19T05:28:13+00:00,"Thu, 19 Feb 2026 05:28:13 GMT",SUCCESS,,HTTP_HEADER
dc/base/GeoBoundaries_Afghanistan_ADM2,GeoBoundaries_Afghanistan_ADM2,https://github.com/wmgeolab/geoBoundaries/tree/main/releaseData/gbOpen/AFG/ADM2,2026-02-19T05:28:13+00:00,"Date: Thu, 19 Feb 2026 05:28:13 GMT",SUCCESS,,HTTP_HEADER
dc/base/GeoBoundaries_Turkmenistan,GeoBoundaries_Turkmenistan,https://github.com/wmgeolab/geoBoundaries/tree/main/releaseData/gbOpen,2026-02-19T05:28:12+00:00,"Date: Thu, 19 Feb 2026 05:28:12 GMT",SUCCESS,,HTTP_HEADER
dc/base/GeoBoundaries_Greece,GeoBoundaries_Greece,https://github.com/wmgeolab/geoBoundaries/tree/main/releaseData/gbOpen/GRC/ADM1,2026-02-19T05:28:14+00:00,"Date: Thu, 19 Feb 2026 05:28:14 GMT",SUCCESS,,HTTP_HEADER
dc/base/EIA_NaturalGas,EIA_NaturalGas,https://www.eia.gov/opendata/qb.php?category=714804,2026-02-12,"Feb 12, 2026",SUCCESS,,HTML_SCRAPE
dc/base/GeoBoundaries_Romania,GeoBoundaries_Romania,https://github.com/wmgeolab/geoBoundaries/tree/main/releaseData/gbOpen/ROU/ADM1,2026-02-19T05:28:14+00:00,"Date: Thu, 19 Feb 2026 05:28:14 GMT",SUCCESS,,HTTP_HEADER
dc/base/GeoBoundaries_Myanmar,GeoBoundaries_Myanmar,https://github.com/wmgeolab/geoBoundaries/tree/main/releaseData/gbOpen,2026-02-19T05:28:12+00:00,"Date: Thu, 19 Feb 2026 05:28:12 GMT",SUCCESS,,HTTP_HEADER
dc/base/GeoBoundaries_Niger_ADM2,GeoBoundaries_Niger_ADM2,https://github.com/wmgeolab/geoBoundaries/tree/main/releaseData/gbOpen/NER/ADM2,2026-02-19T05:28:14+00:00,"Date: Thu, 19 Feb 2026 05:28:14 GMT",SUCCESS,,HTTP_HEADER
dc/base/GeoBoundaries_Dominica,GeoBoundaries_Dominica,https://github.com/wmgeolab/geoBoundaries/tree/main/releaseData/gbOpen/DMA/ADM1,2026-02-19T05:28:15+00:00,"Date: Thu, 19 Feb 2026 05:28:15 GMT",SUCCESS,,HTTP_HEADER
dc/base/GeoBoundaries_NewZealand_ADM2,GeoBoundaries_NewZealand_ADM2,https://github.com/wmgeolab/geoBoundaries/tree/main/releaseData/gbOpen/NZL/ADM2,2026-02-19T05:28:15+00:00,"Date: Thu, 19 Feb 2026 05:28:15 GMT",SUCCESS,,HTTP_HEADER
dc/base/GeoBoundaries_Argentina,GeoBoundaries_Argentina,https://github.com/wmgeolab/geoBoundaries/tree/main/releaseData/gbOpen,2026-02-19T05:28:10+00:00,"Date: Thu, 19 Feb 2026 05:28:10 GMT",SUCCESS,,HTTP_HEADER
dc/base/GeoBoundaries_Brunei,GeoBoundaries_Brunei,https://github.com/wmgeolab/geoBoundaries/tree/main/releaseData/gbOpen/BRN/ADM1,2026-02-19T05:28:15+00:00,"Date: Thu, 19 Feb 2026 05:28:15 GMT",SUCCESS,,HTTP_HEADER
dc/base/GeoBoundaries_Brazil_AA1,GeoBoundaries_Brazil_AA1,https://github.com/wmgeolab/geoBoundaries/tree/main/releaseData/gbOpen/BRA/ADM1/,2026-02-19T05:28:15+00:00,"Date: Thu, 19 Feb 2026 05:28:15 GMT",SUCCESS,,HTTP_HEADER
dc/base/EIA_Petroleum,EIA_Petroleum,https://www.eia.gov/opendata/qb.php?category=714755,2026-02-12,"Feb 12, 2026",SUCCESS,,HTML_SCRAPE
dc/base/GeoBoundaries_Solomon_Islands,GeoBoundaries_Solomon_Islands,https://github.com/wmgeolab/geoBoundaries/tree/main/releaseData/gbOpen,2026-02-19T05:28:10+00:00,"Date: Thu, 19 Feb 2026 05:28:10 GMT",SUCCESS,,HTTP_HEADER
dc/base/EIA_NuclearOutages,EIA_NuclearOutages,https://www.eia.gov/opendata/qb.php?category=2889994,2026-02-12,"Feb 12, 2026",SUCCESS,,HTML_SCRAPE
dc/base/GeoBoundaries_NorthKorea,GeoBoundaries_NorthKorea,https://github.com/wmgeolab/geoBoundaries/tree/main/releaseData/gbOpen/PRK/ADM1,2026-02-19T05:28:16+00:00,"Date: Thu, 19 Feb 2026 05:28:16 GMT",SUCCESS,,HTTP_HEADER
dc/base/GeoBoundaries_Fiji,GeoBoundaries_Fiji,https://github.com/wmgeolab/geoBoundaries/tree/main/releaseData/gbOpen,2026-02-19T05:28:10+00:00,"Date: Thu, 19 Feb 2026 05:28:10 GMT",SUCCESS,,HTTP_HEADER
dc/base/GeoBoundaries_NewZealand,GeoBoundaries_NewZealand,https://github.com/wmgeolab/geoBoundaries/tree/main/releaseData/gbOpen,2026-02-19T05:28:10+00:00,"Date: Thu, 19 Feb 2026 05:28:10 GMT",SUCCESS,,HTTP_HEADER
dc/base/GeoBoundaries_Jordan,GeoBoundaries_Jordan,https://github.com/wmgeolab/geoBoundaries/tree/main/releaseData/gbOpen,2026-02-19T05:28:10+00:00,"Date: Thu, 19 Feb 2026 05:28:10 GMT",SUCCESS,,HTTP_HEADER
dc/base/EIA_SEDS,EIA_SEDS,https://www.eia.gov/opendata/qb.php?category=40203,2026-02-12,"Feb 12, 2026",SUCCESS,,HTML_SCRAPE
dc/base/EIA_International,EIA_International,https://www.eia.gov/opendata/qb.php?category=2134384,2026-02-12,"Feb 12, 2026",SUCCESS,,HTML_SCRAPE
dc/base/GeoBoundaries_Macedonia,GeoBoundaries_Macedonia,https://github.com/wmgeolab/geoBoundaries/tree/main/releaseData/gbOpen/MKD/ADM1,2026-02-19T05:28:16+00:00,"Date: Thu, 19 Feb 2026 05:28:16 GMT",SUCCESS,,HTTP_HEADER
dc/base/GeoBoundaries_Qatar,GeoBoundaries_Qatar,https://github.com/wmgeolab/geoBoundaries/tree/main/releaseData/gbOpen,2026-02-19T05:28:12+00:00,"Date: Thu, 19 Feb 2026 05:28:12 GMT",SUCCESS,,HTTP_HEADER
dc/base/GeoBoundaries_Madagascar_ADM2,GeoBoundaries_Madagascar_ADM2,https://github.com/wmgeolab/geoBoundaries/tree/main/releaseData/gbOpen/MDG/ADM2,2026-02-19T05:28:16+00:00,"Date: Thu, 19 Feb 2026 05:28:16 GMT",SUCCESS,,HTTP_HEADER
dc/base/GeoBoundaries_Afghanistan,GeoBoundaries_Afghanistan,https://github.com/wmgeolab/geoBoundaries/tree/main/releaseData/gbOpen,2026-02-19T05:28:10+00:00,"Date: Thu, 19 Feb 2026 05:28:10 GMT",SUCCESS,,HTTP_HEADER
dc/base/GeoBoundaries_Bahamas,GeoBoundaries_Bahamas,https://github.com/wmgeolab/geoBoundaries/tree/main/releaseData/gbOpen,2026-02-19T05:28:10+00:00,"Date: Thu, 19 Feb 2026 05:28:10 GMT",SUCCESS,,HTTP_HEADER
dc/base/GeoBoundaries_Sudan,GeoBoundaries_Sudan,https://github.com/wmgeolab/geoBoundaries/tree/main/releaseData/gbOpen,2026-02-19T05:28:10+00:00,"Date: Thu, 19 Feb 2026 05:28:10 GMT",SUCCESS,,HTTP_HEADER
dc/base/GeoBoundaries_BosniaAndHerzegovina_ADM2,GeoBoundaries_BosniaAndHerzegovina_ADM2,https://github.com/wmgeolab/geoBoundaries/tree/main/releaseData/gbOpen/BIH/ADM2,2026-02-19T05:28:16+00:00,"Date: Thu, 19 Feb 2026 05:28:16 GMT",SUCCESS,,HTTP_HEADER
dc/base/GeoBoundaries_Federated_States_of_Micronesia_ADM2,GeoBoundaries_Federated_States_of_Micronesia_ADM2,https://github.com/wmgeolab/geoBoundaries/tree/main/releaseData/gbOpen/FSM/ADM2,2026-02-19T05:28:17+00:00,"Date: Thu, 19 Feb 2026 05:28:17 GMT",SUCCESS,,HTTP_HEADER
dc/base/GeoBoundaries_CapeVerde_ADM2,GeoBoundaries_CapeVerde_ADM2,https://github.com/wmgeolab/geoBoundaries/tree/main/releaseData/gbOpen/CPV/ADM2,2026-02-19T05:28:17+00:00,"Date: Thu, 19 Feb 2026 05:28:17 GMT",SUCCESS,,HTTP_HEADER
dc/base/GeoBoundaries_Norway,GeoBoundaries_Norway,https://github.com/wmgeolab/geoBoundaries/tree/main/releaseData/gbOpen/NOR/ADM1,2026-02-19T05:28:17+00:00,"Date: Thu, 19 Feb 2026 05:28:17 GMT",SUCCESS,,HTTP_HEADER
dc/base/GoogleKGOnlyGeos,GoogleKGOnlyGeos,https://www.google.com,2026-02-19T05:28:17+00:00,"Date: Thu, 19 Feb 2026 05:28:17 GMT",SUCCESS,,HTTP_HEADER
dc/base/IndiaWaterQualityStations,IndiaWaterQualityStations,https://indiawris.gov.in/wris,2025-12-10T05:12:46+00:00,"Wed, 10 Dec 2025 05:12:46 GMT",SUCCESS,,HTTP_HEADER
dc/base/EIA_TotalEnergy,EIA_TotalEnergy,https://www.eia.gov/opendata/qb.php?category=711224,2026-02-12,"Feb 12, 2026",SUCCESS,,HTML_SCRAPE
dc/base/EPA_Superfund_Sites,EPA_Superfund_Sites,https://epa.maps.arcgis.com/apps/webappviewer/index.html?id=33cebcdfdd1b4c3a8b51d416956c41f1,2025-10-31T01:26:07+00:00,"Fri, 31 Oct 2025 01:26:07 GMT",SUCCESS,,HTTP_HEADER
dc/base/IndiaLGDCodes,IndiaLGDCodes,https://lgdirectory.gov.in/downloadDirectory.do?OWASP_CSRFTOKEN=G4BW-2HK0-ZHUD-605W-VA1F-EAC8-M9J0-W4S5,,,NO_TIMESTAMP,NO_TIMESTAMP,
dc/base/Canada_Census_Places,Canada_Census_Places,https://www12.statcan.gc.ca/census-recensement/2021/geo/sip-pis/boundary-limites/index2021-eng.cfm?year=21,2026-02-19T05:28:16+00:00,"Date: Thu, 19 Feb 2026 05:28:16 GMT",SUCCESS,,HTTP_HEADER
dc/base/GeoGridPlace_1Deg_Contains_With_Oceans,GeoGridPlace_1Deg_Contains_With_Oceans,https://www.marineregions.org/sources.php#goas,2026-02-19T05:28:18+00:00,"Date: Thu, 19 Feb 2026 05:28:18 GMT",SUCCESS,,HTTP_HEADER
dc/base/GeoCoordinatesData_UK,GeoCoordinatesData_UK,https://geoportal.statistics.gov.uk/datasets/ons::lsoa-dec-2011-boundaries-generalised-clipped-bgc-ew-v3-2/explore,2026-02-19T05:28:18+00:00,"Date: Thu, 19 Feb 2026 05:28:18 GMT",SUCCESS,,HTTP_HEADER
dc/base/GeoCoordinatesData_Oceans,GeoCoordinatesData_Oceans,https://www.marineregions.org/sources.php#goas,2026-02-19T05:28:18+00:00,"Date: Thu, 19 Feb 2026 05:28:18 GMT",SUCCESS,,HTTP_HEADER
dc/base/GeoCoordinatesData,GeoCoordinatesData,https://www.census.gov/geographies/reference-files/time-series/geo/gazetteer-files.2018.html,2026-02-19T05:28:20+00:00,"Date: Thu, 19 Feb 2026 05:28:20 GMT",SUCCESS,,HTTP_HEADER
dc/base/NCES_PrivateSchool,NCES_PrivateSchool,https://nces.ed.gov/ccd/elsi/tableGenerator.aspx,2026-02-19T05:28:19+00:00,"Date: Thu, 19 Feb 2026 05:28:19 GMT",SUCCESS,,HTTP_HEADER
dc/base/ABCDAntibodyAtlas,ABCDAntibodyAtlas,https://web.expasy.org/abcd/,2026-02-19T05:28:20+00:00,"Date: Thu, 19 Feb 2026 05:28:20 GMT",SUCCESS,,HTTP_HEADER
dc/base/BaseGeos,BaseGeos,https://www.census.gov/geographies/reference-files.html,2026-02-19T05:28:20+00:00,"Date: Thu, 19 Feb 2026 05:28:20 GMT",SUCCESS,,HTTP_HEADER
dc/base/IPCCPlaces_GeoCoordinates,IPCCPlaces_GeoCoordinates,https://www.nccs.nasa.gov/services/data-collections/land-based-products/nex-gddp,2026-02-19T05:28:20+00:00,"Date: Thu, 19 Feb 2026 05:28:20 GMT",SUCCESS,,HTTP_HEADER
dc/base/GeoCoordinatesData_Simplified,GeoCoordinatesData_Simplified,https://www.census.gov/geographies/reference-files/time-series/geo/gazetteer-files.2018.html,2026-02-19T05:28:20+00:00,"Date: Thu, 19 Feb 2026 05:28:20 GMT",SUCCESS,,HTTP_HEADER
dc/base/S2Cells,S2Cells,https://s2geometry.io/resources/s2cell_statistics.html,2025-12-03T22:29:39+00:00,"Wed, 03 Dec 2025 22:29:39 GMT",SUCCESS,,HTTP_HEADER
dc/base/IPCCPlaces,IPCCPlaces,https://www.nccs.nasa.gov/services/data-collections/land-based-products/nex-gddp,2026-02-19T05:28:20+00:00,"Date: Thu, 19 Feb 2026 05:28:20 GMT",SUCCESS,,HTTP_HEADER
dc/base/EPA_Superfund_Measurement_Sites,EPA_Superfund_Measurement_Sites,https://cumulis.epa.gov/supercpad/SiteProfiles/index.cfm?fuseaction=second.scs&id=0601269&doc=Y&colid=33990&region=06&type=SC,2026-02-19T05:28:21+00:00,"Date: Thu, 19 Feb 2026 05:28:21 GMT",SUCCESS,,HTTP_HEADER
dc/base/Climate_StatVarCalculation,Climate_StatVarCalculation,https://datacommons.org/,2026-02-19T05:28:21+00:00,"Date: Thu, 19 Feb 2026 05:28:21 GMT",SUCCESS,,HTTP_HEADER
dc/base/NearbyGeos,NearbyGeos,https://datacommons.org,2026-02-19T05:28:21+00:00,"Date: Thu, 19 Feb 2026 05:28:21 GMT",SUCCESS,,HTTP_HEADER
dc/base/RawStatVars,RawStatVars,https://datacommons.org,2026-02-19T05:28:21+00:00,"Date: Thu, 19 Feb 2026 05:28:21 GMT",SUCCESS,,HTTP_HEADER
dc/base/DataCommons_CoverageStats,DataCommons_CoverageStats,https://datacommons.org,2026-02-19T05:28:21+00:00,"Date: Thu, 19 Feb 2026 05:28:21 GMT",SUCCESS,,HTTP_HEADER
dc/base/Energy_StatVarCalculation,Energy_StatVarCalculation,https://datacommons.org/,2026-02-19T05:28:21+00:00,"Date: Thu, 19 Feb 2026 05:28:21 GMT",SUCCESS,,HTTP_HEADER
dc/base/RFFGridGeos,RFFGridGeos,https://www.rff.org/publications/data-tools/,2026-02-19T05:28:21+00:00,"Date: Thu, 19 Feb 2026 05:28:21 GMT",SUCCESS,,HTTP_HEADER
dc/base/TideGaugeStations,TideGaugeStations,https://podaac.jpl.nasa.gov/,2026-02-19T00:50:00+00:00,"Thu, 19 Feb 2026 00:50:00 GMT",SUCCESS,,HTTP_HEADER
dc/base/UniProt,UniProt,https://www.uniprot.org/,2026-02-18T16:25:58+00:00,"Wed, 18 Feb 2026 16:25:58 GMT",SUCCESS,,HTTP_HEADER
dc/base/ENCODE,ENCODE,https://www.encodeproject.org/,2026-02-19T05:28:22+00:00,"Date: Thu, 19 Feb 2026 05:28:22 GMT",SUCCESS,,HTTP_HEADER
dc/base/PlaceIdDcidMappings,PlaceIdDcidMappings,https://www.google.com,2026-02-19T05:28:23+00:00,"Date: Thu, 19 Feb 2026 05:28:23 GMT",SUCCESS,,HTTP_HEADER
dc/base/OCHAGeoCoordinates_Liechtenstein,OCHAGeoCoordinates_Liechtenstein,https://data.humdata.org/dataset/whosonfirst-data-admin-lie,2026-02-19T05:28:23+00:00,"Date: Thu, 19 Feb 2026 05:28:23 GMT",SUCCESS,,HTTP_HEADER
dc/base/RandolphGlacierInventory,RandolphGlacierInventory,https://www.glims.org/RGI/rgi60_dl.html,2025-06-04T23:30:08+00:00,"Wed, 04 Jun 2025 23:30:08 GMT",SUCCESS,,HTTP_HEADER
dc/base/OCHAGeoCoordinates_Portugal,OCHAGeoCoordinates_Portugal,https://data.humdata.org/dataset/whosonfirst-data-admin-prt,2026-02-19T05:28:23+00:00,"Date: Thu, 19 Feb 2026 05:28:23 GMT",SUCCESS,,HTTP_HEADER
dc/base/MolecularINTeractionDatabase,MolecularINTeractionDatabase,https://mint.bio.uniroma2.it/,2026-02-19T05:28:23+00:00,"Date: Thu, 19 Feb 2026 05:28:23 GMT",SUCCESS,,HTTP_HEADER
dc/base/IndiaNSS_HealthAilments_StatVarAgg,IndiaNSS_HealthAilments_StatVarAgg,https://ndap.niti.gov.in/dataset/7300,,,ERROR,HTTP_?,
dc/base/OCHAGeoCoordinates_Monaco,OCHAGeoCoordinates_Monaco,https://data.humdata.org/dataset/whosonfirst-data-admin-mco,2026-02-19T05:28:24+00:00,"Date: Thu, 19 Feb 2026 05:28:24 GMT",SUCCESS,,HTTP_HEADER
dc/base/SIDER,SIDER,http://sideeffects.embl.de/,2016-05-17T11:40:57+00:00,"Tue, 17 May 2016 11:40:57 GMT",SUCCESS,,HTTP_HEADER
dc/base/ICTV_MasterSpeciesList,ICTV_MasterSpeciesList,https://ictv.global/msl,2026-02-18T21:40:03+00:00,"Wed, 18 Feb 2026 21:40:03 GMT",SUCCESS,,HTTP_HEADER
dc/base/ICTV_VirusMetadataResource,ICTV_VirusMetadataResource,https://ictv.global/vmr,2026-02-18T21:37:40+00:00,"Wed, 18 Feb 2026 21:37:40 GMT",SUCCESS,,HTTP_HEADER
dc/base/DiseasesJensenLab_Experiment,DiseasesJensenLab_Experiment,https://download.jensenlab.org/human_disease_experiments_full.tsv,2026-02-13T19:55:12+00:00,"Fri, 13 Feb 2026 19:55:12 GMT",SUCCESS,,HTTP_HEADER
dc/base/DiseasesJensenLab_Knowledge,DiseasesJensenLab_Knowledge,https://download.jensenlab.org/human_disease_knowledge_full.tsv,2026-02-13T22:00:05+00:00,"Fri, 13 Feb 2026 22:00:05 GMT",SUCCESS,,HTTP_HEADER
dc/base/DiseasesJensenLab_Textmining,DiseasesJensenLab_Textmining,https://download.jensenlab.org/human_disease_textmining_full.tsv,2026-02-15T16:40:50+00:00,"Sun, 15 Feb 2026 16:40:50 GMT",SUCCESS,,HTTP_HEADER
dc/base/India_RBIStateDomesticProduct_StatVarAgg_AggCountry,India_RBIStateDomesticProduct_StatVarAgg_AggCountry,https://rbi.org.in/,2026-02-19T05:28:26+00:00,"Date: Thu, 19 Feb 2026 05:28:26 GMT",SUCCESS,,HTTP_HEADER
dc/base/India_RBIStateDomesticProduct_AggCountry,India_RBIStateDomesticProduct_AggCountry,https://rbi.org.in/,2026-02-19T05:28:26+00:00,"Date: Thu, 19 Feb 2026 05:28:26 GMT",SUCCESS,,HTTP_HEADER
dc/base/India_RBIStateDomesticProduct_StatVarAgg,India_RBIStateDomesticProduct_StatVarAgg,https://rbi.org.in/,2026-02-19T05:28:26+00:00,"Date: Thu, 19 Feb 2026 05:28:26 GMT",SUCCESS,,HTTP_HEADER
dc/base/US_CRDC_Schools_Directory,US_CRDC_Schools_Directory,https://ocrdata.ed.gov/data,2025-09-23T13:34:20+00:00,"Tue, 23 Sep 2025 13:34:20 GMT",SUCCESS,,HTTP_HEADER
dc/base/WikidataGeo_Zurich_ADM2,WikidataGeo_Zurich_ADM2,https://en.wikipedia.org/wiki/Subdivisions_of_Zurich,2026-02-05T05:28:27+00:00,"Thu, 05 Feb 2026 05:28:27 GMT",SUCCESS,,HTTP_HEADER
dc/base/WikidataGeo_Zurich_ADM1,WikidataGeo_Zurich_ADM1,https://en.wikipedia.org/wiki/Subdivisions_of_Zurich,2026-02-05T05:28:27+00:00,"Thu, 05 Feb 2026 05:28:27 GMT",SUCCESS,,HTTP_HEADER
dc/base/PharmGKB_Primary_Data,PharmGKB_Primary_Data,https://www.pharmgkb.org/,2026-02-12T05:38:36+00:00,"Thu, 12 Feb 2026 05:38:36 GMT",SUCCESS,,HTTP_HEADER
dc/base/PharmGKB_Relationships,PharmGKB_Relationships,https://www.pharmgkb.org/,2026-02-12T05:38:36+00:00,"Thu, 12 Feb 2026 05:38:36 GMT",SUCCESS,,HTTP_HEADER
dc/base/ZurichGeoImport_ADM2,ZurichGeoImport_ADM2,https://data.stadt-zuerich.ch/dataset/geo_stadtkreise,2026-02-19T05:28:27+00:00,"Date: Thu, 19 Feb 2026 05:28:27 GMT",SUCCESS,,HTTP_HEADER
dc/base/WikidataGeo_Zurich_ADM3,WikidataGeo_Zurich_ADM3,https://en.wikipedia.org/wiki/Subdivisions_of_Zurich,2026-02-05T05:28:27+00:00,"Thu, 05 Feb 2026 05:28:27 GMT",SUCCESS,,HTTP_HEADER
dc/base/ZurichGeoImport_ADM1,ZurichGeoImport_ADM1,https://data.stadt-zuerich.ch/dataset/geo_stadtkreise,2026-02-19T05:28:28+00:00,"Date: Thu, 19 Feb 2026 05:28:28 GMT",SUCCESS,,HTTP_HEADER
dc/base/ZurichGeoImport_ADM3,ZurichGeoImport_ADM3,https://data.stadt-zuerich.ch/dataset/geo_stadtkreise,2026-02-19T05:28:28+00:00,"Date: Thu, 19 Feb 2026 05:28:28 GMT",SUCCESS,,HTTP_HEADER
dc/base/DeepSolar_AggCensusTract_AggCounty,DeepSolar_AggCensusTract_AggCounty,http://web.stanford.edu/group/deepsolar/home,2026-02-19T05:28:28+00:00,"Date: Thu, 19 Feb 2026 05:28:28 GMT",SUCCESS,,HTTP_HEADER
dc/base/DeepSolar_AggCensusTract,DeepSolar_AggCensusTract,http://web.stanford.edu/group/deepsolar/home,2026-02-19T05:28:28+00:00,"Date: Thu, 19 Feb 2026 05:28:28 GMT",SUCCESS,,HTTP_HEADER
dc/base/IndiaUDISEGeos,IndiaUDISEGeos,http://pgi.seshagun.gov.in/BackEnd-master/api/report/getMasterData,,,ERROR,CONNECTION_ERROR,
dc/base/IndiaUDISEStateMappings,IndiaUDISEStateMappings,http://pgi.seshagun.gov.in/BackEnd-master/api/report/getMasterData,,,ERROR,CONNECTION_ERROR,
dc/base/HumanProteinAtlas,HumanProteinAtlas,https://www.proteinatlas.org,2026-02-19T05:28:29+00:00,"Date: Thu, 19 Feb 2026 05:28:29 GMT",SUCCESS,,HTTP_HEADER
dc/base/OCHAGeoCoordinates_Simplified,OCHAGeoCoordinates_Simplified,https://data.humdata.org,2026-02-19T05:28:30+00:00,"Date: Thu, 19 Feb 2026 05:28:30 GMT",SUCCESS,,HTTP_HEADER
dc/base/OCHAGeoCoordinates_ArabEmirates,OCHAGeoCoordinates_ArabEmirates,https://data.humdata.org/dataset/cod-ab-are?,2026-02-19T05:28:30+00:00,"Date: Thu, 19 Feb 2026 05:28:30 GMT",SUCCESS,,HTTP_HEADER
dc/base/UNGeodataSimplified,UNGeodataSimplified,https://geoportal.un.org/arcgis/apps/sites/#/geohub/datasets/d7caaff3ef4b4f7c82689b7c4694ad92/about,2024-10-05T01:40:42+00:00,"Sat, 05 Oct 2024 01:40:42 GMT",SUCCESS,,HTTP_HEADER
dc/base/OCHAGeoCoordinates_Tonga_ADM2,OCHAGeoCoordinates_Tonga_ADM2,https://data.humdata.org/dataset/cod-ab-ton,2026-02-19T05:28:30+00:00,"Date: Thu, 19 Feb 2026 05:28:30 GMT",SUCCESS,,HTTP_HEADER
dc/base/OCHAGeoCoordinates_Jamaica,OCHAGeoCoordinates_Jamaica,https://data.humdata.org/dataset/cod-ab-jam,2026-02-19T05:28:30+00:00,"Date: Thu, 19 Feb 2026 05:28:30 GMT",SUCCESS,,HTTP_HEADER
dc/base/OCHAGeoCoordinates_Bahrain,OCHAGeoCoordinates_Bahrain,https://data.humdata.org/dataset/cod-ab-bhr,2026-02-19T05:28:31+00:00,"Date: Thu, 19 Feb 2026 05:28:31 GMT",SUCCESS,,HTTP_HEADER
dc/base/OCHAGeoCoordinates_Somalia,OCHAGeoCoordinates_Somalia,https://data.humdata.org/dataset/cod-ab-som,2026-02-19T05:28:31+00:00,"Date: Thu, 19 Feb 2026 05:28:31 GMT",SUCCESS,,HTTP_HEADER
dc/base/OCHAGeoCoordinates_Kiribati,OCHAGeoCoordinates_Kiribati,https://data.humdata.org/dataset/cod-ab-kir,2026-02-19T05:28:32+00:00,"Date: Thu, 19 Feb 2026 05:28:32 GMT",SUCCESS,,HTTP_HEADER
dc/base/OCHAGeoCoordinates_Lithuania_ADM2,OCHAGeoCoordinates_Lithuania_ADM2,https://data.humdata.org/dataset/whosonfirst-data-admin-ltu,2026-02-19T05:28:32+00:00,"Date: Thu, 19 Feb 2026 05:28:32 GMT",SUCCESS,,HTTP_HEADER
dc/base/OCHAGeoCoordinates_HongKong,OCHAGeoCoordinates_HongKong,https://data.humdata.org/dataset/whosonfirst-data-admin-hkg,2026-02-19T05:28:32+00:00,"Date: Thu, 19 Feb 2026 05:28:32 GMT",SUCCESS,,HTTP_HEADER
dc/base/OCHAGeoCoordinates_CapeVerde,OCHAGeoCoordinates_CapeVerde,https://data.humdata.org/dataset/cod-ab-cpv,2026-02-19T05:28:32+00:00,"Date: Thu, 19 Feb 2026 05:28:32 GMT",SUCCESS,,HTTP_HEADER
dc/base/OCHAGeoCoordinates_SaudiArabia,OCHAGeoCoordinates_SaudiArabia,https://data.humdata.org/dataset/whosonfirst-data-admin-sau,2026-02-19T05:28:32+00:00,"Date: Thu, 19 Feb 2026 05:28:32 GMT",SUCCESS,,HTTP_HEADER
dc/base/OCHAGeoCoordinates_Somalia_ADM2,OCHAGeoCoordinates_Somalia_ADM2,https://data.humdata.org/dataset/cod-ab-som,2026-02-19T05:28:33+00:00,"Date: Thu, 19 Feb 2026 05:28:33 GMT",SUCCESS,,HTTP_HEADER
dc/base/OCHAGeoCoordinates_Slovenia,OCHAGeoCoordinates_Slovenia,https://data.humdata.org/dataset/whosonfirst-data-admin-svn,2026-02-19T05:28:33+00:00,"Date: Thu, 19 Feb 2026 05:28:33 GMT",SUCCESS,,HTTP_HEADER
dc/base/OCHAGeoCoordinates_Ukraine,OCHAGeoCoordinates_Ukraine,https://data.humdata.org/dataset/cod-ab-ukr,2026-02-19T05:28:34+00:00,"Date: Thu, 19 Feb 2026 05:28:34 GMT",SUCCESS,,HTTP_HEADER
dc/base/OCHAGeoCoordinates_Japan,OCHAGeoCoordinates_Japan,https://data.humdata.org/dataset/cod-xa-jpn,2026-02-19T05:28:34+00:00,"Date: Thu, 19 Feb 2026 05:28:34 GMT",SUCCESS,,HTTP_HEADER
dc/base/OCHAGeoCoordinates_Ireland,OCHAGeoCoordinates_Ireland,https://data.humdata.org/dataset/whosonfirst-data-admin-irl,2026-02-19T05:28:34+00:00,"Date: Thu, 19 Feb 2026 05:28:34 GMT",SUCCESS,,HTTP_HEADER
dc/base/OCHAGeoCoordinates_Finland,OCHAGeoCoordinates_Finland,https://data.humdata.org/dataset/whosonfirst-data-admin-fin,2026-02-19T05:28:34+00:00,"Date: Thu, 19 Feb 2026 05:28:34 GMT",SUCCESS,,HTTP_HEADER
dc/base/OCHAGeoCoordinates_Gabon,OCHAGeoCoordinates_Gabon,https://data.humdata.org/dataset/whosonfirst-data-admin-gab,2026-02-19T05:28:35+00:00,"Date: Thu, 19 Feb 2026 05:28:35 GMT",SUCCESS,,HTTP_HEADER
dc/base/OCHAGeoCoordinates_Gambia,OCHAGeoCoordinates_Gambia,https://data.humdata.org/dataset/cod-ab-gmb,2026-02-19T05:28:35+00:00,"Date: Thu, 19 Feb 2026 05:28:35 GMT",SUCCESS,,HTTP_HEADER
dc/base/OCHAGeoCoordinates_Tonga,OCHAGeoCoordinates_Tonga,https://data.humdata.org/dataset/cod-ab-ton,2026-02-19T05:28:35+00:00,"Date: Thu, 19 Feb 2026 05:28:35 GMT",SUCCESS,,HTTP_HEADER
dc/base/OCHAGeoCoordinates_Congo,OCHAGeoCoordinates_Congo,https://data.humdata.org/dataset/whosonfirst-data-admin-cod,2026-02-19T05:28:36+00:00,"Date: Thu, 19 Feb 2026 05:28:36 GMT",SUCCESS,,HTTP_HEADER
dc/base/OCHAGeoCoordinates_Madagascar,OCHAGeoCoordinates_Madagascar,https://data.humdata.org/dataset/whosonfirst-data-admin-mdg,2026-02-19T05:28:36+00:00,"Date: Thu, 19 Feb 2026 05:28:36 GMT",SUCCESS,,HTTP_HEADER
dc/base/OCHAGeoCoordinatesExtended,OCHAGeoCoordinatesExtended,https://data.humdata.org,2026-02-19T05:28:36+00:00,"Date: Thu, 19 Feb 2026 05:28:36 GMT",SUCCESS,,HTTP_HEADER
dc/base/OCHAGeoCoordinates_Singapore,OCHAGeoCoordinates_Singapore,https://data.humdata.org/dataset/whosonfirst-data-admin-sgp,2026-02-19T05:28:36+00:00,"Date: Thu, 19 Feb 2026 05:28:36 GMT",SUCCESS,,HTTP_HEADER
dc/base/OCHAGeoCoordinates_Singapore_ADM2,OCHAGeoCoordinates_Singapore_ADM2,https://data.humdata.org/dataset/whosonfirst-data-admin-sgp,2026-02-19T05:28:37+00:00,"Date: Thu, 19 Feb 2026 05:28:37 GMT",SUCCESS,,HTTP_HEADER
dc/base/OCHAGeoCoordinates_Estonia,OCHAGeoCoordinates_Estonia,https://data.humdata.org/dataset/whosonfirst-data-admin-est,2026-02-19T05:28:37+00:00,"Date: Thu, 19 Feb 2026 05:28:37 GMT",SUCCESS,,HTTP_HEADER
dc/base/OCHAGeoCoordinates_Niger,OCHAGeoCoordinates_Niger,https://data.humdata.org/dataset/whosonfirst-data-admin-ner,2026-02-19T05:28:37+00:00,"Date: Thu, 19 Feb 2026 05:28:37 GMT",SUCCESS,,HTTP_HEADER
dc/base/OCHAGeoCoordinates,OCHAGeoCoordinates,https://data.humdata.org,2026-02-19T05:28:38+00:00,"Date: Thu, 19 Feb 2026 05:28:38 GMT",SUCCESS,,HTTP_HEADER
dc/base/OCHAGeoCoordinates_TrinidadAndTobago,OCHAGeoCoordinates_TrinidadAndTobago,https://data.humdata.org/dataset/cod-ab-tto,2026-02-19T05:28:38+00:00,"Date: Thu, 19 Feb 2026 05:28:38 GMT",SUCCESS,,HTTP_HEADER
dc/base/OCHAGeoCoordinates_Luxembourg,OCHAGeoCoordinates_Luxembourg,https://data.humdata.org/dataset/whosonfirst-data-admin-lux,2026-02-19T05:28:38+00:00,"Date: Thu, 19 Feb 2026 05:28:38 GMT",SUCCESS,,HTTP_HEADER
dc/base/OCHAGeoCoordinates_Croatia,OCHAGeoCoordinates_Croatia,https://data.humdata.org/dataset/whosonfirst-data-admin-hrv,2026-02-19T05:28:39+00:00,"Date: Thu, 19 Feb 2026 05:28:39 GMT",SUCCESS,,HTTP_HEADER
dc/base/OCHAGeoCoordinates_Cyprus,OCHAGeoCoordinates_Cyprus,https://data.humdata.org/dataset/whosonfirst-data-admin-cyp,2026-02-19T05:28:39+00:00,"Date: Thu, 19 Feb 2026 05:28:39 GMT",SUCCESS,,HTTP_HEADER
dc/base/OCHAGeoCoordinates_Lithuania,OCHAGeoCoordinates_Lithuania,https://data.humdata.org/dataset/whosonfirst-data-admin-ltu,2026-02-19T05:28:39+00:00,"Date: Thu, 19 Feb 2026 05:28:39 GMT",SUCCESS,,HTTP_HEADER
dc/base/OCHAGeoCoordinates_Ghana,OCHAGeoCoordinates_Ghana,https://data.humdata.org/dataset/cod-ab-gha,2026-02-19T05:28:39+00:00,"Date: Thu, 19 Feb 2026 05:28:39 GMT",SUCCESS,,HTTP_HEADER
dc/base/OCHAGeoCoordinates_Switzerland_ADM2,OCHAGeoCoordinates_Switzerland_ADM2,https://data.humdata.org/dataset/whosonfirst-data-admin-che,2026-02-19T05:28:39+00:00,"Date: Thu, 19 Feb 2026 05:28:39 GMT",SUCCESS,,HTTP_HEADER
dc/base/OCHAGeoCoordinates_Guinea_Bissau,OCHAGeoCoordinates_Guinea_Bissau,https://data.humdata.org/dataset/cod-ab-gnb,2026-02-19T05:28:40+00:00,"Date: Thu, 19 Feb 2026 05:28:40 GMT",SUCCESS,,HTTP_HEADER
dc/base/USAN_Stems,USAN_Stems,https://www.ama-assn.org/about/united-states-adopted-names/united-states-adopted-names-approved-stems,2026-02-19T04:55:45+00:00,"Thu, 19 Feb 2026 04:55:45 GMT",SUCCESS,,HTTP_HEADER
dc/base/DEA_ARCOS_AggState_AggCountry,DEA_ARCOS_AggState_AggCountry,https://www.deadiversion.usdoj.gov/arcos/retail_drug_summary/,2025-11-12T19:44:19+00:00,"Wed, 12 Nov 2025 19:44:19 GMT",SUCCESS,,HTTP_HEADER
dc/base/OCHAGeoCoordinates_France,OCHAGeoCoordinates_France,https://data.humdata.org/dataset/whosonfirst-data-admin-fra,2026-02-19T05:28:40+00:00,"Date: Thu, 19 Feb 2026 05:28:40 GMT",SUCCESS,,HTTP_HEADER
dc/base/OCHAGeoCoordinates_Greenland,OCHAGeoCoordinates_Greenland,https://data.humdata.org/dataset/whosonfirst-data-admin-grl,2026-02-19T05:28:40+00:00,"Date: Thu, 19 Feb 2026 05:28:40 GMT",SUCCESS,,HTTP_HEADER
dc/base/DEA_ARCOS_AggState,DEA_ARCOS_AggState,https://www.deadiversion.usdoj.gov/arcos/retail_drug_summary/,2025-11-12T19:44:19+00:00,"Wed, 12 Nov 2025 19:44:19 GMT",SUCCESS,,HTTP_HEADER
dc/base/OCHAGeoCoordinates_Iceland,OCHAGeoCoordinates_Iceland,https://data.humdata.org/dataset/whosonfirst-data-admin-isl,2026-02-19T05:28:41+00:00,"Date: Thu, 19 Feb 2026 05:28:41 GMT",SUCCESS,,HTTP_HEADER
dc/base/OCHAGeoCoordinates_Guinea_Bissau_ADM2,OCHAGeoCoordinates_Guinea_Bissau_ADM2,https://data.humdata.org/dataset/cod-ab-gnb,2026-02-19T05:28:42+00:00,"Date: Thu, 19 Feb 2026 05:28:42 GMT",SUCCESS,,HTTP_HEADER
dc/base/EPA_GHGRP_AggCounty,EPA_GHGRP_AggCounty,https://www.epa.gov/ghgreporting,2026-02-19T00:08:54+00:00,"Thu, 19 Feb 2026 00:08:54 GMT",SUCCESS,,HTTP_HEADER
dc/base/EPA_GHGRP_AggCounty_AggState,EPA_GHGRP_AggCounty_AggState,https://www.epa.gov/ghgreporting,2026-02-19T05:12:48+00:00,"Thu, 19 Feb 2026 05:12:48 GMT",SUCCESS,,HTTP_HEADER
dc/base/EPA_EJSCREEN_AggCensusTract,EPA_EJSCREEN_AggCensusTract,https://gaftp.epa.gov/EJSCREEN/,,,ERROR,HTTP_?,
dc/base/EPA_GHGRP_AggCensusZipCodeTabulationArea,EPA_GHGRP_AggCensusZipCodeTabulationArea,https://www.epa.gov/ghgreporting,2026-02-19T05:12:48+00:00,"Thu, 19 Feb 2026 05:12:48 GMT",SUCCESS,,HTTP_HEADER
dc/base/EPA_EJSCREEN_AggCensusTract_AggCounty,EPA_EJSCREEN_AggCensusTract_AggCounty,https://gaftp.epa.gov/EJSCREEN/,,,ERROR,HTTP_?,
dc/base/DiseaseOntology,DiseaseOntology,https://disease-ontology.org,2026-02-19T05:28:42+00:00,"Date: Thu, 19 Feb 2026 05:28:42 GMT",SUCCESS,,HTTP_HEADER
dc/base/EarthquakeUSGS_Agg,EarthquakeUSGS_Agg,https://earthquake.usgs.gov/,,,NO_TIMESTAMP,NO_TIMESTAMP,
dc/base/CensusACS5YearSurvey_Person_Age_StatVarAgg,CensusACS5YearSurvey_Person_Age_StatVarAgg,https://www.census.gov/,2026-02-19T05:28:43+00:00,"Date: Thu, 19 Feb 2026 05:28:43 GMT",SUCCESS,,HTTP_HEADER
dc/base/CensusACS5YearSurvey_Demographics_StatVarAgg,CensusACS5YearSurvey_Demographics_StatVarAgg,https://www.census.gov/,2026-02-19T05:28:43+00:00,"Date: Thu, 19 Feb 2026 05:28:43 GMT",SUCCESS,,HTTP_HEADER
dc/base/US_UrbanOrg_Colleges_Directory_IPEDS,US_UrbanOrg_Colleges_Directory_IPEDS,https://educationdata.urban.org/documentation/colleges.html#ipeds_directory,2024-10-08T21:02:15+00:00,"Tue, 08 Oct 2024 21:02:15 GMT",SUCCESS,,HTTP_HEADER
dc/base/CensusACS5YearSurvey_HousingUnit_HomeValue_StatVarAgg,CensusACS5YearSurvey_HousingUnit_HomeValue_StatVarAgg,https://www.census.gov/,2026-02-19T05:28:43+00:00,"Date: Thu, 19 Feb 2026 05:28:43 GMT",SUCCESS,,HTTP_HEADER
dc/base/US_UrbanOrg_Schools_Directory,US_UrbanOrg_Schools_Directory,"https://educationdata.urban.org/documentation/schools.html#ccd_directory,https://www.census.gov/programs-surveys/ccd/tables/ccd-crdc-schools-directory",2024-10-08T21:02:15+00:00,"Tue, 08 Oct 2024 21:02:15 GMT",SUCCESS,,HTTP_HEADER
dc/base/CensusACS5YearSurvey_InArmedForces_StatVarAgg,CensusACS5YearSurvey_InArmedForces_StatVarAgg,https://www.census.gov/,2026-02-19T05:28:44+00:00,"Date: Thu, 19 Feb 2026 05:28:44 GMT",SUCCESS,,HTTP_HEADER
dc/base/CensusACS5YearSurvey_SubjectTables_S1201_StatVarAgg,CensusACS5YearSurvey_SubjectTables_S1201_StatVarAgg,https://data.census.gov/cedsci/table?q=S1201&tid=ACSST5Y2019.S1201,2026-02-19T05:28:44+00:00,"Date: Thu, 19 Feb 2026 05:28:44 GMT",SUCCESS,,HTTP_HEADER
dc/base/CensusACS5YearSurvey_SubjectTables_S0804_StatVarAgg,CensusACS5YearSurvey_SubjectTables_S0804_StatVarAgg,https://data.census.gov/table/ACSST5Y2022.S0804,2026-02-19T05:28:44+00:00,"Date: Thu, 19 Feb 2026 05:28:44 GMT",SUCCESS,,HTTP_HEADER
dc/base/CensusACS5YearSurvey_SuperEnum,CensusACS5YearSurvey_SuperEnum,https://www.census.gov/,2026-02-19T05:28:45+00:00,"Date: Thu, 19 Feb 2026 05:28:45 GMT",SUCCESS,,HTTP_HEADER
dc/base/CensusACS5YearSurvey_SubjectTables_S1251_StatVarAgg,CensusACS5YearSurvey_SubjectTables_S1251_StatVarAgg,https://data.census.gov/cedsci/table?q=S1251&tid=ACSST5Y2023.S1251,2026-02-19T05:28:45+00:00,"Date: Thu, 19 Feb 2026 05:28:45 GMT",SUCCESS,,HTTP_HEADER
dc/base/CensusACS5YearSurvey_AggCountry_SuperEnum,CensusACS5YearSurvey_AggCountry_SuperEnum,https://www.census.gov/,2026-02-19T05:28:45+00:00,"Date: Thu, 19 Feb 2026 05:28:45 GMT",SUCCESS,,HTTP_HEADER
dc/base/CensusACS5YearSurvey_AbilityToSpeakEnglish_StatVarAgg,CensusACS5YearSurvey_AbilityToSpeakEnglish_StatVarAgg,https://www.census.gov/,2026-02-19T05:28:45+00:00,"Date: Thu, 19 Feb 2026 05:28:45 GMT",SUCCESS,,HTTP_HEADER
dc/base/CensusACS5YearSurvey_SubjectTables_S2408_StatVarAgg,CensusACS5YearSurvey_SubjectTables_S2408_StatVarAgg,https://data.census.gov/cedsci/table?q=S2408&tid=ACSST5Y2023.S2408,2026-02-19T05:28:45+00:00,"Date: Thu, 19 Feb 2026 05:28:45 GMT",SUCCESS,,HTTP_HEADER
dc/base/CensusACS5YearSurvey_HealthInsurance_StatVarAgg,CensusACS5YearSurvey_HealthInsurance_StatVarAgg,https://www.census.gov/,2026-02-19T05:28:45+00:00,"Date: Thu, 19 Feb 2026 05:28:45 GMT",SUCCESS,,HTTP_HEADER
dc/base/CensusACS5YearSurvey_Income_StatVarAgg,CensusACS5YearSurvey_Income_StatVarAgg,https://www.census.gov/,2026-02-19T05:28:45+00:00,"Date: Thu, 19 Feb 2026 05:28:45 GMT",SUCCESS,,HTTP_HEADER
dc/base/CensusACS5YearSurvey_Employment_StatVarAgg,CensusACS5YearSurvey_Employment_StatVarAgg,https://www.census.gov/,2026-02-19T05:28:45+00:00,"Date: Thu, 19 Feb 2026 05:28:45 GMT",SUCCESS,,HTTP_HEADER
dc/base/FBIGovCrime_AggCountry,FBIGovCrime_AggCountry,http://www.fbi.gov/services/cjis/ucr,,,ERROR,HTTP_?,
dc/base/CensusACS5YearSurvey_AggCountry,CensusACS5YearSurvey_AggCountry,https://www.census.gov/,2026-02-19T05:28:46+00:00,"Date: Thu, 19 Feb 2026 05:28:46 GMT",SUCCESS,,HTTP_HEADER
dc/base/NCES_PublicSchoolStats_SuperEnum,NCES_PublicSchoolStats_SuperEnum,https://datacommons.org/,2026-02-19T05:28:46+00:00,"Date: Thu, 19 Feb 2026 05:28:46 GMT",SUCCESS,,HTTP_HEADER
dc/base/ACSED5YrSurvey_StatVarAgg,ACSED5YrSurvey_StatVarAgg,https://nces.ed.gov/programs/edge/Demographic/ACS,2026-02-19T05:28:46+00:00,"Date: Thu, 19 Feb 2026 05:28:46 GMT",SUCCESS,,HTTP_HEADER
dc/base/CensusACS5YearSurvey_SubjectTables_S0504_StatVarAgg,CensusACS5YearSurvey_SubjectTables_S0504_StatVarAgg,https://data.census.gov/cedsci/table?q=S0504&tid=ACSST5Y2019.S0504,2026-02-19T05:28:46+00:00,"Date: Thu, 19 Feb 2026 05:28:46 GMT",SUCCESS,,HTTP_HEADER
dc/base/CensusACS5YearSurvey_Education_StatVarAgg,CensusACS5YearSurvey_Education_StatVarAgg,https://www.census.gov/,2026-02-19T05:28:47+00:00,"Date: Thu, 19 Feb 2026 05:28:47 GMT",SUCCESS,,HTTP_HEADER
dc/base/CensusACS5YearSurvey_SubjectTables_S0801_StatVarAgg,CensusACS5YearSurvey_SubjectTables_S0801_StatVarAgg,https://data.census.gov/table/ACSST5Y2023.S0801,2026-02-19T05:28:47+00:00,"Date: Thu, 19 Feb 2026 05:28:47 GMT",SUCCESS,,HTTP_HEADER
dc/base/CensusSAHIE_AggCountry,CensusSAHIE_AggCountry,https://www.census.gov/programs-surveys/sahie.html,2026-02-19T05:28:47+00:00,"Date: Thu, 19 Feb 2026 05:28:47 GMT",SUCCESS,,HTTP_HEADER
dc/base/NCES_SchoolDistrictStats_SuperEnum,NCES_SchoolDistrictStats_SuperEnum,https://datacommons.org/,2026-02-19T05:28:47+00:00,"Date: Thu, 19 Feb 2026 05:28:47 GMT",SUCCESS,,HTTP_HEADER
dc/base/NCES_PrivateSchoolStats_SuperEnum,NCES_PrivateSchoolStats_SuperEnum,https://datacommons.org/,2026-02-19T05:28:47+00:00,"Date: Thu, 19 Feb 2026 05:28:47 GMT",SUCCESS,,HTTP_HEADER
dc/base/NASA_VIIRSActiveFiresEvents_Agg,NASA_VIIRSActiveFiresEvents_Agg,https://firms.modaps.eosdis.nasa.gov/active_fire/,2026-02-10T16:17:00+00:00,"Tue, 10 Feb 2026 16:17:00 GMT",SUCCESS,,HTTP_HEADER
dc/base/NCBI_Taxonomy,NCBI_Taxonomy,https://www.ncbi.nlm.nih.gov/taxonomy/,2026-02-19T05:28:47+00:00,"Date: Thu, 19 Feb 2026 05:28:47 GMT",SUCCESS,,HTTP_HEADER
dc/base/WikidataGeo_Singapore,WikidataGeo_Singapore,https://en.wikipedia.org/wiki/Regions_of_Singapore,2026-02-05T21:55:11+00:00,"Thu, 05 Feb 2026 21:55:11 GMT",SUCCESS,,HTTP_HEADER
dc/base/PubChem,PubChem,https://pubchem.ncbi.nlm.nih.gov/,2026-01-13T22:20:07+00:00,"Tue, 13 Jan 2026 22:20:07 GMT",SUCCESS,,HTTP_HEADER
dc/base/NCBI_Gene,NCBI_Gene,https://www.ncbi.nlm.nih.gov/gene,2026-02-19T05:28:48+00:00,"Date: Thu, 19 Feb 2026 05:28:48 GMT",SUCCESS,,HTTP_HEADER
dc/base/NCBI_Assembly_Summary_Reports,NCBI_Assembly_Summary_Reports,https://www.ncbi.nlm.nih.gov/assembly/,2026-02-19T05:28:48+00:00,"Date: Thu, 19 Feb 2026 05:28:48 GMT",SUCCESS,,HTTP_HEADER
dc/base/WikidataGeo_Afghanistan_ADM2,WikidataGeo_Afghanistan_ADM2,https://en.wikipedia.org/wiki/Districts_of_Afghanistan,2026-02-18T07:50:49+00:00,"Wed, 18 Feb 2026 07:50:49 GMT",SUCCESS,,HTTP_HEADER
dc/base/MedicalSubjectHeadings,MedicalSubjectHeadings,https://meshb.nlm.nih.gov/,2026-02-19T05:28:48+00:00,"Date: Thu, 19 Feb 2026 05:28:48 GMT",SUCCESS,,HTTP_HEADER
dc/base/NOAA_GPCC_StandardardizedPrecipitationIndex_AggPlace,NOAA_GPCC_StandardardizedPrecipitationIndex_AggPlace,https://www.drought.gov/data-maps-tools/global-precipitation-climatology-centre-gpcc-standardized-precipitation-index-spi,2026-02-19T05:27:51+00:00,"Thu, 19 Feb 2026 05:27:51 GMT",SUCCESS,,HTTP_HEADER
dc/base/WikidataGeo_Jordan,WikidataGeo_Jordan,https://www.wikidata.org/,2026-02-19T01:14:27+00:00,"Thu, 19 Feb 2026 01:14:27 GMT",SUCCESS,,HTTP_HEADER
dc/base/WikidataGeo_Israel,WikidataGeo_Israel,https://www.wikidata.org/,2026-02-19T01:14:27+00:00,"Thu, 19 Feb 2026 01:14:27 GMT",SUCCESS,,HTTP_HEADER
dc/base/WikidataGeo_TrinidadAndTobago,WikidataGeo_TrinidadAndTobago,https://en.wikipedia.org/wiki/Regions_and_municipalities_of_Trinidad_and_Tobago,2026-02-19T03:46:11+00:00,"Thu, 19 Feb 2026 03:46:11 GMT",SUCCESS,,HTTP_HEADER
dc/base/WikidataOtherIdGeos,WikidataOtherIdGeos,https://www.wikidata.org/,2026-02-19T01:14:27+00:00,"Thu, 19 Feb 2026 01:14:27 GMT",SUCCESS,,HTTP_HEADER
dc/base/WikidataGeo_Croatia,WikidataGeo_Croatia,https://www.wikidata.org/,2026-02-19T01:14:27+00:00,"Thu, 19 Feb 2026 01:14:27 GMT",SUCCESS,,HTTP_HEADER
dc/base/WikidataGeo_BosniaAndHerzegovina_ADM2,WikidataGeo_BosniaAndHerzegovina_ADM2,https://en.wikipedia.org/wiki/Cantons_of_the_Federation_of_Bosnia_and_Herzegovina,2026-02-15T23:17:11+00:00,"Sun, 15 Feb 2026 23:17:11 GMT",SUCCESS,,HTTP_HEADER
dc/base/WikidataGeo_Latvia,WikidataGeo_Latvia,https://en.wikipedia.org/wiki/Administrative_divisions_of_Latvia,2026-02-11T10:54:26+00:00,"Wed, 11 Feb 2026 10:54:26 GMT",SUCCESS,,HTTP_HEADER
dc/base/WikidataGeo_OCHA_Ireland,WikidataGeo_OCHA_Ireland,https://www.wikidata.org/,2026-02-19T01:14:27+00:00,"Thu, 19 Feb 2026 01:14:27 GMT",SUCCESS,,HTTP_HEADER
dc/base/WikidataGeo_Madagascar,WikidataGeo_Madagascar,https://en.wikipedia.org/wiki/Regions_of_Madagascar,2026-02-16T12:59:01+00:00,"Mon, 16 Feb 2026 12:59:01 GMT",SUCCESS,,HTTP_HEADER
dc/base/WikidataGeo_Fiji,WikidataGeo_Fiji,https://www.wikidata.org/,2026-02-19T01:14:27+00:00,"Thu, 19 Feb 2026 01:14:27 GMT",SUCCESS,,HTTP_HEADER
dc/base/WikidataIdDcidMappings,WikidataIdDcidMappings,https://www.google.com,2026-02-19T05:28:50+00:00,"Date: Thu, 19 Feb 2026 05:28:50 GMT",SUCCESS,,HTTP_HEADER
dc/base/WikidataGeo_Japan,WikidataGeo_Japan,https://en.wikipedia.org/wiki/Prefectures_of_Japan,2026-02-18T22:49:39+00:00,"Wed, 18 Feb 2026 22:49:39 GMT",SUCCESS,,HTTP_HEADER
dc/base/WikidataGeo_France,WikidataGeo_France,https://en.wikipedia.org/wiki/Regions_of_France,2026-02-12T12:36:07+00:00,"Thu, 12 Feb 2026 12:36:07 GMT",SUCCESS,,HTTP_HEADER
dc/base/WikidataGeo_Federated_States_of_Micronesia,WikidataGeo_Federated_States_of_Micronesia,https://www.wikidata.org/,2026-02-19T01:14:27+00:00,"Thu, 19 Feb 2026 01:14:27 GMT",SUCCESS,,HTTP_HEADER
dc/base/WikidataGeo_Guinea,WikidataGeo_Guinea,https://www.wikidata.org/,2026-02-19T01:14:27+00:00,"Thu, 19 Feb 2026 01:14:27 GMT",SUCCESS,,HTTP_HEADER
dc/base/WikidataGeo_Slovenia,WikidataGeo_Slovenia,https://en.m.wikipedia.org/wiki/Municipalities_of_Slovenia,2026-02-18T07:50:11+00:00,"Wed, 18 Feb 2026 07:50:11 GMT",SUCCESS,,HTTP_HEADER
dc/base/WikidataGeo_Cyprus,WikidataGeo_Cyprus,https://www.wikidata.org/,2026-02-19T01:14:27+00:00,"Thu, 19 Feb 2026 01:14:27 GMT",SUCCESS,,HTTP_HEADER
dc/base/WikidataGeo_Bahrain,WikidataGeo_Bahrain,https://en.m.wikipedia.org/wiki/Governorates_of_Bahrain,2026-02-16T20:41:40+00:00,"Mon, 16 Feb 2026 20:41:40 GMT",SUCCESS,,HTTP_HEADER
dc/base/WikidataGeo_Somalia,WikidataGeo_Somalia,https://en.wikipedia.org/wiki/States_and_regions_of_Somalia,2026-02-18T08:46:12+00:00,"Wed, 18 Feb 2026 08:46:12 GMT",SUCCESS,,HTTP_HEADER
dc/base/WikidataGeo_Somalia_ADM2,WikidataGeo_Somalia_ADM2,https://en.wikipedia.org/wiki/States_and_regions_of_Somalia,2026-02-18T08:46:12+00:00,"Wed, 18 Feb 2026 08:46:12 GMT",SUCCESS,,HTTP_HEADER
dc/base/WikidataGeo_Niger,WikidataGeo_Niger,https://www.wikidata.org/,2026-02-19T01:14:27+00:00,"Thu, 19 Feb 2026 01:14:27 GMT",SUCCESS,,HTTP_HEADER
dc/base/WikidataGeo_Switzerland_ADM2,WikidataGeo_Switzerland_ADM2,https://en.wikipedia.org/wiki/Districts_of_Switzerland,2026-02-18T07:52:42+00:00,"Wed, 18 Feb 2026 07:52:42 GMT",SUCCESS,,HTTP_HEADER
dc/base/WikidataGeo_Pakistan,WikidataGeo_Pakistan,https://www.wikidata.org/,2026-02-19T01:14:27+00:00,"Thu, 19 Feb 2026 01:14:27 GMT",SUCCESS,,HTTP_HEADER
dc/base/WikidataI18nNames,WikidataI18nNames,https://www.wikidata.org/,2026-02-19T01:14:27+00:00,"Thu, 19 Feb 2026 01:14:27 GMT",SUCCESS,,HTTP_HEADER
dc/base/WikidataGeo_Afghanistan,WikidataGeo_Afghanistan,https://www.wikidata.org/,2026-02-19T01:14:27+00:00,"Thu, 19 Feb 2026 01:14:27 GMT",SUCCESS,,HTTP_HEADER
dc/base/WikidataGeo_Luxembourg,WikidataGeo_Luxembourg,https://www.wikidata.org/,2026-02-19T01:14:27+00:00,"Thu, 19 Feb 2026 01:14:27 GMT",SUCCESS,,HTTP_HEADER
dc/base/WikidataGeo_Finland,WikidataGeo_Finland,https://en.wikipedia.org/wiki/Counties_of_Finland,2026-02-13T19:18:13+00:00,"Fri, 13 Feb 2026 19:18:13 GMT",SUCCESS,,HTTP_HEADER
dc/base/WikidataGeo_Jamaica,WikidataGeo_Jamaica,https://en.wikipedia.org/wiki/Parishes_of_Jamaica,2026-02-18T07:50:11+00:00,"Wed, 18 Feb 2026 07:50:11 GMT",SUCCESS,,HTTP_HEADER
dc/base/WikidataGeo_Congo,WikidataGeo_Congo,https://en.wikipedia.org/wiki/Provinces_of_the_Democratic_Republic_of_the_Congo,2026-02-18T07:51:01+00:00,"Wed, 18 Feb 2026 07:51:01 GMT",SUCCESS,,HTTP_HEADER
dc/base/WikidataGeo_Myanmar,WikidataGeo_Myanmar,https://www.wikidata.org/,2026-02-19T01:14:27+00:00,"Thu, 19 Feb 2026 01:14:27 GMT",SUCCESS,,HTTP_HEADER
dc/base/WikidataGeo_Ukraine,WikidataGeo_Ukraine,https://www.wikidata.org/,2026-02-19T01:14:27+00:00,"Thu, 19 Feb 2026 01:14:27 GMT",SUCCESS,,HTTP_HEADER
dc/base/WikidataGeo_Iceland,WikidataGeo_Iceland,https://en.m.wikipedia.org/wiki/Regions_of_Iceland,2026-02-17T23:56:06+00:00,"Tue, 17 Feb 2026 23:56:06 GMT",SUCCESS,,HTTP_HEADER
dc/base/WikidataGeo_Gabon,WikidataGeo_Gabon,https://www.wikidata.org/,2026-02-19T01:14:27+00:00,"Thu, 19 Feb 2026 01:14:27 GMT",SUCCESS,,HTTP_HEADER
dc/base/WikidataGeo_Greece,WikidataGeo_Greece,https://en.wikipedia.org/wiki/Decentralized_administrations_of_Greece,2026-02-14T13:45:31+00:00,"Sat, 14 Feb 2026 13:45:31 GMT",SUCCESS,,HTTP_HEADER
dc/base/WikidataGeo_Lithuania,WikidataGeo_Lithuania,https://en.m.wikipedia.org/wiki/Counties_of_Lithuania,2026-02-17T20:45:12+00:00,"Tue, 17 Feb 2026 20:45:12 GMT",SUCCESS,,HTTP_HEADER
dc/base/WikidataGeo_Kiribati,WikidataGeo_Kiribati,https://www.wikidata.org/,2026-02-19T01:14:27+00:00,"Thu, 19 Feb 2026 01:14:27 GMT",SUCCESS,,HTTP_HEADER
dc/base/WikidataGeo_Belarus,WikidataGeo_Belarus,https://en.wikipedia.org/wiki/Regions_of_Belarus,2026-02-17T15:03:51+00:00,"Tue, 17 Feb 2026 15:03:51 GMT",SUCCESS,,HTTP_HEADER
dc/base/WikidataGeo_Guinea_Bissau,WikidataGeo_Guinea_Bissau,https://www.wikidata.org/,2026-02-19T01:14:27+00:00,"Thu, 19 Feb 2026 01:14:27 GMT",SUCCESS,,HTTP_HEADER
dc/base/WikidataGeo_Dominica,WikidataGeo_Dominica,https://en.wikipedia.org/wiki/Parishes_of_Dominica,2026-02-13T22:19:43+00:00,"Fri, 13 Feb 2026 22:19:43 GMT",SUCCESS,,HTTP_HEADER
dc/base/WikidataGeo_Niger_ADM2,WikidataGeo_Niger_ADM2,https://en.wikipedia.org/wiki/Departments_of_Niger,2026-02-05T05:28:53+00:00,"Thu, 05 Feb 2026 05:28:53 GMT",SUCCESS,,HTTP_HEADER
dc/base/WikidataGeo_CapeVerde,WikidataGeo_CapeVerde,https://en.m.wikipedia.org/wiki/Administrative_divisions_of_Cape_Verde,2026-02-18T07:51:29+00:00,"Wed, 18 Feb 2026 07:51:29 GMT",SUCCESS,,HTTP_HEADER
dc/base/WikidataGeo_Lithuania_ADM2,WikidataGeo_Lithuania_ADM2,https://en.wikipedia.org/wiki/Municipalities_of_Lithuania,2026-02-18T07:50:16+00:00,"Wed, 18 Feb 2026 07:50:16 GMT",SUCCESS,,HTTP_HEADER
dc/base/WikidataGeo_Honduras_ADM2,WikidataGeo_Honduras_ADM2,https://en.wikipedia.org/wiki/Municipalities_of_Honduras,2026-02-12T12:36:06+00:00,"Thu, 12 Feb 2026 12:36:06 GMT",SUCCESS,,HTTP_HEADER
dc/base/WikidataGeo_NorthKorea,WikidataGeo_NorthKorea,https://en.wikipedia.org/wiki/Administrative_divisions_of_North_Korea,2026-02-18T07:50:15+00:00,"Wed, 18 Feb 2026 07:50:15 GMT",SUCCESS,,HTTP_HEADER
dc/base/WikidataGeo_Liechtenstein,WikidataGeo_Liechtenstein,https://en.wikipedia.org/wiki/Municipalities_of_Liechtenstein,2026-02-18T23:41:00+00:00,"Wed, 18 Feb 2026 23:41:00 GMT",SUCCESS,,HTTP_HEADER
dc/base/WikidataGeo_UnitedKingdom,WikidataGeo_UnitedKingdom,https://en.wikipedia.org/wiki/Countries_of_the_United_Kingdom,2026-02-17T02:49:44+00:00,"Tue, 17 Feb 2026 02:49:44 GMT",SUCCESS,,HTTP_HEADER
dc/base/WikidataGeo_Argentina,WikidataGeo_Argentina,https://www.wikidata.org/,2026-02-19T01:14:27+00:00,"Thu, 19 Feb 2026 01:14:27 GMT",SUCCESS,,HTTP_HEADER
dc/base/WikidataGeo_Latvia_ADM2,WikidataGeo_Latvia_ADM2,https://en.wikipedia.org/wiki/Administrative_divisions_of_Latvia#Municipalities_as_of_2021,2026-02-11T10:54:26+00:00,"Wed, 11 Feb 2026 10:54:26 GMT",SUCCESS,,HTTP_HEADER
dc/base/WikidataGeo_UnitedArabEmirates,WikidataGeo_UnitedArabEmirates,https://www.wikidata.org/,2026-02-19T01:14:27+00:00,"Thu, 19 Feb 2026 01:14:27 GMT",SUCCESS,,HTTP_HEADER
dc/base/WikidataGeo_NewZealand,WikidataGeo_NewZealand,https://www.wikidata.org/,2026-02-19T01:14:27+00:00,"Thu, 19 Feb 2026 01:14:27 GMT",SUCCESS,,HTTP_HEADER
dc/base/WikidataGeo_SouthKorea,WikidataGeo_SouthKorea,https://www.wikidata.org/,2026-02-19T01:14:27+00:00,"Thu, 19 Feb 2026 01:14:27 GMT",SUCCESS,,HTTP_HEADER
dc/base/WikidataGeo_Romania,WikidataGeo_Romania,https://en.wikipedia.org/wiki/Administrative_divisions_of_Romania,2026-02-18T07:50:42+00:00,"Wed, 18 Feb 2026 07:50:42 GMT",SUCCESS,,HTTP_HEADER
dc/base/WikidataGeo_Solomon_Islands,WikidataGeo_Solomon_Islands,https://www.wikidata.org/,2026-02-19T01:14:27+00:00,"Thu, 19 Feb 2026 01:14:27 GMT",SUCCESS,,HTTP_HEADER
dc/base/WikidataGeo_Norway,WikidataGeo_Norway,https://en.wikipedia.org/wiki/Counties_of_Norway,2026-02-11T10:53:31+00:00,"Wed, 11 Feb 2026 10:53:31 GMT",SUCCESS,,HTTP_HEADER
dc/base/WikidataGeo_Federated_States_of_Micronesia_ADM2,WikidataGeo_Federated_States_of_Micronesia_ADM2,https://en.wikipedia.org/wiki/Administrative_divisions_of_the_Federated_States_of_Micronesia,2026-02-18T07:51:28+00:00,"Wed, 18 Feb 2026 07:51:28 GMT",SUCCESS,,HTTP_HEADER
dc/base/WikidataGeo_Qatar,WikidataGeo_Qatar,https://www.wikidata.org/,2026-02-19T01:14:27+00:00,"Thu, 19 Feb 2026 01:14:27 GMT",SUCCESS,,HTTP_HEADER
dc/base/WikidataGeo_Singapore_ADM2,WikidataGeo_Singapore_ADM2,https://en.wikipedia.org/wiki/Planning_areas_of_Singapore,2026-02-05T01:27:52+00:00,"Thu, 05 Feb 2026 01:27:52 GMT",SUCCESS,,HTTP_HEADER
dc/base/WikidataGeo_Guinea_Bissau_ADM2,WikidataGeo_Guinea_Bissau_ADM2,https://en.wikipedia.org/wiki/Sectors_of_Guinea-Bissau,2026-02-05T05:28:56+00:00,"Thu, 05 Feb 2026 05:28:56 GMT",SUCCESS,,HTTP_HEADER
dc/base/WikidataGeo_NewZealand_ADM2,WikidataGeo_NewZealand_ADM2,https://en.wikipedia.org/wiki/Territorial_authorities_of_New_Zealand,2026-02-19T00:16:27+00:00,"Thu, 19 Feb 2026 00:16:27 GMT",SUCCESS,,HTTP_HEADER
dc/base/WikidataGeo_Monaco,WikidataGeo_Monaco,https://en.m.wikipedia.org/wiki/Municipality_of_Monaco,2026-02-10T13:00:05+00:00,"Tue, 10 Feb 2026 13:00:05 GMT",SUCCESS,,HTTP_HEADER
dc/base/WikidataGeo_Greenland,WikidataGeo_Greenland,https://en.wikipedia.org/wiki/Administrative_divisions_of_Greenland,2026-02-18T02:31:13+00:00,"Wed, 18 Feb 2026 02:31:13 GMT",SUCCESS,,HTTP_HEADER
dc/base/WikidataGeos,WikidataGeos,https://www.wikidata.org/,2026-02-19T01:14:27+00:00,"Thu, 19 Feb 2026 01:14:27 GMT",SUCCESS,,HTTP_HEADER
dc/base/WikidataGeo_Macedonia,WikidataGeo_Macedonia,https://en.wikipedia.org/wiki/Governorates_of_Macedonian/,,,ERROR,HTTP_?,
dc/base/WikidataGeo_Estonia,WikidataGeo_Estonia,https://www.wikidata.org/,2026-02-19T01:14:27+00:00,"Thu, 19 Feb 2026 01:14:27 GMT",SUCCESS,,HTTP_HEADER
dc/base/WikidataGeo_Tonga,WikidataGeo_Tonga,https://www.wikidata.org/,2026-02-19T01:14:27+00:00,"Thu, 19 Feb 2026 01:14:27 GMT",SUCCESS,,HTTP_HEADER
dc/base/WikidataGeo_CapeVerde_ADM2,WikidataGeo_CapeVerde_ADM2,https://en.wikipedia.org/wiki/Administrative_divisions_of_Cape_Verde,2026-02-18T07:51:29+00:00,"Wed, 18 Feb 2026 07:51:29 GMT",SUCCESS,,HTTP_HEADER
dc/base/WikidataGeos_HongKong,WikidataGeos_HongKong,https://www.wikidata.org/,2026-02-19T01:14:27+00:00,"Thu, 19 Feb 2026 01:14:27 GMT",SUCCESS,,HTTP_HEADER
dc/base/WikidataGeo_SaudiArabia,WikidataGeo_SaudiArabia,https://en.wikipedia.org/wiki/Provinces_of_Saudi_Arabia,2026-02-18T10:10:30+00:00,"Wed, 18 Feb 2026 10:10:30 GMT",SUCCESS,,HTTP_HEADER
dc/base/WikidataGeo_Albania,WikidataGeo_Albania,https://www.wikidata.org/,2026-02-19T01:14:27+00:00,"Thu, 19 Feb 2026 01:14:27 GMT",SUCCESS,,HTTP_HEADER
dc/base/WikidataGeo_Tonga_ADM2,WikidataGeo_Tonga_ADM2,https://en.wikipedia.org/wiki/Administrative_divisions_of_Tonga,2026-02-14T09:43:16+00:00,"Sat, 14 Feb 2026 09:43:16 GMT",SUCCESS,,HTTP_HEADER
dc/base/WikidataGeo_Portugal,WikidataGeo_Portugal,https://en.wikipedia.org/wiki/Administrative_divisions_of_Portugal,2026-02-19T01:45:42+00:00,"Thu, 19 Feb 2026 01:45:42 GMT",SUCCESS,,HTTP_HEADER
dc/base/WikidataGeo_Brunei,WikidataGeo_Brunei,https://en.wikipedia.org/wiki/Administrative_divisions_of_Brunei,2026-02-18T20:57:51+00:00,"Wed, 18 Feb 2026 20:57:51 GMT",SUCCESS,,HTTP_HEADER
dc/base/WikidataGeo_Sudan,WikidataGeo_Sudan,https://www.wikidata.org/,2026-02-19T01:14:27+00:00,"Thu, 19 Feb 2026 01:14:27 GMT",SUCCESS,,HTTP_HEADER
dc/base/WikidataGeo_Madagascar_ADM2,WikidataGeo_Madagascar_ADM2,https://en.wikipedia.org/wiki/Districts_of_Madagascar,2026-02-05T03:50:02+00:00,"Thu, 05 Feb 2026 03:50:02 GMT",SUCCESS,,HTTP_HEADER
dc/base/WikidataGeo_Turkmenistan,WikidataGeo_Turkmenistan,https://www.wikidata.org/,2026-02-19T01:14:27+00:00,"Thu, 19 Feb 2026 01:14:27 GMT",SUCCESS,,HTTP_HEADER
dc/base/WikidataGeo_GB_Ireland,WikidataGeo_GB_Ireland,https://www.wikidata.org/,2026-02-19T01:14:27+00:00,"Thu, 19 Feb 2026 01:14:27 GMT",SUCCESS,,HTTP_HEADER
dc/base/WikidataGeo_Brazil_AA1,WikidataGeo_Brazil_AA1,https://en.m.wikipedia.org/wiki/Federative_units_of_Brazil,2026-02-18T17:55:46+00:00,"Wed, 18 Feb 2026 17:55:46 GMT",SUCCESS,,HTTP_HEADER
dc/base/WikidataGeo_Gambia,WikidataGeo_Gambia,https://www.wikidata.org/,2026-02-19T01:14:27+00:00,"Thu, 19 Feb 2026 01:14:27 GMT",SUCCESS,,HTTP_HEADER
dc/base/WikidataGeo_Moldova,WikidataGeo_Moldova,https://en.wikipedia.org/wiki/Administrative_divisions_of_Moldova,2026-02-18T07:50:11+00:00,"Wed, 18 Feb 2026 07:50:11 GMT",SUCCESS,,HTTP_HEADER
dc/base/WikidataGeo_Bahamas,WikidataGeo_Bahamas,https://www.wikidata.org/,2026-02-19T01:14:27+00:00,"Thu, 19 Feb 2026 01:14:27 GMT",SUCCESS,,HTTP_HEADER
dc/base/WikidataGeo_Ghana,WikidataGeo_Ghana,https://en.m.wikipedia.org/wiki/Regions_of_Ghana,2026-02-18T16:48:56+00:00,"Wed, 18 Feb 2026 16:48:56 GMT",SUCCESS,,HTTP_HEADER
dc/base/TemperatureEvents_Agg,TemperatureEvents_Agg,https://datacommons.org,2026-02-19T05:28:58+00:00,"Date: Thu, 19 Feb 2026 05:28:58 GMT",SUCCESS,,HTTP_HEADER
dc/base/Covid19IndiaData,Covid19IndiaData,http://projects.datameet.org/covid19/,2022-10-21T06:57:07+00:00,"Fri, 21 Oct 2022 06:57:07 GMT",SUCCESS,,HTTP_HEADER
dc/base/RFF_USGridGeo_WeatherVariabilityForecast_AggCounty,RFF_USGridGeo_WeatherVariabilityForecast_AggCounty,https://www.rff.org/publications/data-tools/,2026-02-19T05:28:59+00:00,"Date: Thu, 19 Feb 2026 05:28:59 GMT",SUCCESS,,HTTP_HEADER
dc/base/OECDRegionalDemography_Person_Age_StatVarAgg,OECDRegionalDemography_Person_Age_StatVarAgg,https://datacommons.org/,2026-02-19T05:28:59+00:00,"Date: Thu, 19 Feb 2026 05:28:59 GMT",SUCCESS,,HTTP_HEADER
dc/base/WorldBankCountryBoundaries,WorldBankCountryBoundaries,https://datacatalog.worldbank.org/dataset/world-bank-official-boundaries,,,ERROR,HTTP_?,
dc/base/FireWFIGS_Agg,FireWFIGS_Agg,https://data-nifc.opendata.arcgis.com/datasets/nifc::wfigs-wildland-fire-locations-full-history/about,2026-02-19T05:28:59+00:00,"Date: Thu, 19 Feb 2026 05:28:59 GMT",SUCCESS,,HTTP_HEADER
dc/base/ATC_Codes,ATC_Codes,https://www.whocc.no/atc_ddd_index/,Feb 19 2026 06:29:00,Feb 19 2026 06:29:00,SUCCESS,,HTTP_HEADER
dc/base/FireFAMWEB_Agg,FireFAMWEB_Agg,https://fam.nwcg.gov/fam-web/,,,ERROR,CONNECTION_ERROR,
dc/base/USDA_AgricultureCensus_Agriculture_StatVarAgg,USDA_AgricultureCensus_Agriculture_StatVarAgg,https://www.nass.usda.gov/AgCensus/,2026-02-19T05:29:01+00:00,"Date: Thu, 19 Feb 2026 05:29:01 GMT",SUCCESS,,HTTP_HEADER
dc/base/USNationalPrisonerStatistics_Crime_StatVarAgg,USNationalPrisonerStatistics_Crime_StatVarAgg,https://www.bjs.gov/index.cfm?ty=dcdetail&iid=269,2026-02-18T23:25:04+00:00,"Wed, 18 Feb 2026 23:25:04 GMT",SUCCESS,,HTTP_HEADER
dc/base/IndiaEnergy,IndiaEnergy,https://niti.gov.in/edm/,,,ERROR,HTTP_?,
dc/base/IndiaNSS_HealthAilments,IndiaNSS_HealthAilments,https://ndap.niti.gov.in/dataset/7300,,,ERROR,HTTP_?,
dc/base/NYBG,NYBG,https://nybg.org,,,ERROR,CONNECTION_ERROR,
dc/base/IndiaUDISESchoolsDropoutRate,IndiaUDISESchoolsDropoutRate,https://dashboard.udiseplus.gov.in/,2025-12-23T06:55:52+00:00,"Tue, 23 Dec 2025 06:55:52 GMT",SUCCESS,,HTTP_HEADER
dc/base/IndiaUDISESchoolsWithToilets,IndiaUDISESchoolsWithToilets,https://dashboard.udiseplus.gov.in/,2025-12-23T06:55:52+00:00,"Tue, 23 Dec 2025 06:55:52 GMT",SUCCESS,,HTTP_HEADER
dc/base/IndiaUDISESchoolsWithComputer,IndiaUDISESchoolsWithComputer,https://dashboard.udiseplus.gov.in/,2025-12-23T06:55:52+00:00,"Tue, 23 Dec 2025 06:55:52 GMT",SUCCESS,,HTTP_HEADER
dc/base/IndiaUDISESchoolsWithLibrary,IndiaUDISESchoolsWithLibrary,https://dashboard.udiseplus.gov.in/,2025-12-23T06:55:52+00:00,"Tue, 23 Dec 2025 06:55:52 GMT",SUCCESS,,HTTP_HEADER
dc/base/IndiaUDISESchools,IndiaUDISESchools,https://dashboard.udiseplus.gov.in/,2025-12-23T06:55:52+00:00,"Tue, 23 Dec 2025 06:55:52 GMT",SUCCESS,,HTTP_HEADER
dc/base/IndiaUDISESchoolsWithInternet,IndiaUDISESchoolsWithInternet,https://dashboard.udiseplus.gov.in/,2025-12-23T06:55:52+00:00,"Tue, 23 Dec 2025 06:55:52 GMT",SUCCESS,,HTTP_HEADER
dc/base/IndiaPLFS_Wages,IndiaPLFS_Wages,https://mospi.gov.in/web/plfs,2026-02-19T05:29:18+00:00,"Date: Thu, 19 Feb 2026 05:29:18 GMT",SUCCESS,,HTTP_HEADER
dc/base/IndiaPLFS_DailyWages,IndiaPLFS_DailyWages,https://mospi.gov.in/web/plfs,2026-02-19T05:29:18+00:00,"Date: Thu, 19 Feb 2026 05:29:18 GMT",SUCCESS,,HTTP_HEADER
dc/base/IndiaWRISWaterQuality,IndiaWRISWaterQuality,https://indiawris.gov.in/wris,2025-12-10T05:12:46+00:00,"Wed, 10 Dec 2025 05:12:46 GMT",SUCCESS,,HTTP_HEADER
dc/base/India_LifeExpectancy,India_LifeExpectancy,https://ndap.niti.gov.in/dataset/7375,,,ERROR,HTTP_?,
dc/base/IndiaPoverty,IndiaPoverty,https://socialjustice.gov.in/common/76672,2026-02-19T05:29:13+00:00,"Date: Thu, 19 Feb 2026 05:29:13 GMT",SUCCESS,,HTTP_HEADER
dc/base/IndiaCensus_PrimaryReligion,IndiaCensus_PrimaryReligion,https://censusindia.gov.in/,,,ERROR,CONNECTION_ERROR,
dc/base/IndiaCensus_Primary,IndiaCensus_Primary,https://censusindia.gov.in/,,,ERROR,CONNECTION_ERROR,
dc/base/IndiaCensus_PrimarySC,IndiaCensus_PrimarySC,https://censusindia.gov.in/,,,ERROR,CONNECTION_ERROR,
dc/base/IndiaCensus_PrimaryHouseless,IndiaCensus_PrimaryHouseless,https://censusindia.gov.in/,,,ERROR,CONNECTION_ERROR,
dc/base/IndiaCensus_PrimaryST,IndiaCensus_PrimaryST,https://censusindia.gov.in/,,,ERROR,CONNECTION_ERROR,
dc/base/StormNOAA_Agg,StormNOAA_Agg,https://www.ncdc.noaa.gov/,2026-02-18T19:50:53+00:00,"Wed, 18 Feb 2026 19:50:53 GMT",SUCCESS,,HTML_SCRAPE
dc/base/IndiaRBI_Poverty,IndiaRBI_Poverty,https://rbi.org.in/,2026-02-19T05:29:13+00:00,"Date: Thu, 19 Feb 2026 05:29:13 GMT",SUCCESS,,HTTP_HEADER
dc/base/India_Aadhaar_Statisics,India_Aadhaar_Statisics,https://uidai.gov.in/aadhaar_dashboard/india.php,2026-02-19T05:29:14+00:00,"Date: Thu, 19 Feb 2026 05:29:14 GMT",SUCCESS,,HTTP_HEADER
dc/base/AustraliaStatistics,AustraliaStatistics,https://www.abs.gov.au/statistics,2026-02-19T03:00:09+00:00,"Thu, 19 Feb 2026 03:00:09 GMT",SUCCESS,,HTTP_HEADER
dc/base/IndiaRBI_UnemploymentRate,IndiaRBI_UnemploymentRate,https://rbi.org.in/,2026-02-19T05:29:14+00:00,"Date: Thu, 19 Feb 2026 05:29:14 GMT",SUCCESS,,HTTP_HEADER
dc/base/IndiaNHM,IndiaNHM,https://hmis.nhp.gov.in/,,,ERROR,CONNECTION_ERROR,
dc/base/WRIS_India_Rainfall,WRIS_India_Rainfall,https://indiawris.gov.in/wris/#/DataDownload,2025-12-10T05:12:46+00:00,"Wed, 10 Dec 2025 05:12:46 GMT",SUCCESS,,HTTP_HEADER
dc/base/MOSPI_IndiaPLFS_MonthlyWages,MOSPI_IndiaPLFS_MonthlyWages,https://esankhyiki.mospi.gov.in/macroindicators?product=plfs,2026-02-18T12:10:02+00:00,"Wed, 18 Feb 2026 12:10:02 GMT",SUCCESS,,HTTP_HEADER
dc/base/BIS_CentralBankPolicyRate,BIS_CentralBankPolicyRate,https://data.bis.org/topics/CBPOL/data,2026-02-19T05:29:14+00:00,"Date: Thu, 19 Feb 2026 05:29:14 GMT",SUCCESS,,HTTP_HEADER
dc/base/MOSPI_IndiaPLFS_DailyWages,MOSPI_IndiaPLFS_DailyWages,https://esankhyiki.mospi.gov.in/macroindicators?product=plfs,2026-02-18T12:10:02+00:00,"Wed, 18 Feb 2026 12:10:02 GMT",SUCCESS,,HTTP_HEADER
dc/base/CRDC_EducationSchool_HarassmentOrBullying,CRDC_EducationSchool_HarassmentOrBullying,https://ocrdata.ed.gov/data,2025-09-23T13:34:20+00:00,"Tue, 23 Sep 2025 13:34:20 GMT",SUCCESS,,HTTP_HEADER
dc/base/Bulgaria_Census,Bulgaria_Census,https://www.nsi.bg/en/statistical-data/206/649,2026-02-19T05:29:16+00:00,"Date: Thu, 19 Feb 2026 05:29:16 GMT",SUCCESS,,HTTP_HEADER
dc/base/Argentina_Census,Argentina_Census,https://www.indec.gob.ar,2026-02-19T05:29:16+00:00,"Date: Thu, 19 Feb 2026 05:29:16 GMT",SUCCESS,,HTTP_HEADER
dc/base/CRDC_Education_Discipline_Attendance,CRDC_Education_Discipline_Attendance,https://civilrightsdata.ed.gov/data,2025-09-23T13:34:20+00:00,"Tue, 23 Sep 2025 13:34:20 GMT",SUCCESS,,HTTP_HEADER
dc/base/Brazil_Census,Brazil_Census,https://www.ibge.gov.br/en/statistics/social/population.html,2026-02-19T05:29:17+00:00,"Thu, 19 Feb 2026 05:29:17 GMT",SUCCESS,,HTTP_HEADER
dc/base/ClimateTrace_GreenhouseGas,ClimateTrace_GreenhouseGas,https://api.climatetrace.org/,2026-02-19T02:54:30+00:00,"Date: Thu, 19 Feb 2026 02:54:30 GMT",SUCCESS,,HTTP_HEADER
dc/base/ClimateTrace_GHG_Emissions,ClimateTrace_GHG_Emissions,https://api.climatetrace.org/,2026-02-19T02:54:30+00:00,"Date: Thu, 19 Feb 2026 02:54:30 GMT",SUCCESS,,HTTP_HEADER
dc/base/DynamicWorld_FloodEvents_AutoRefresh,DynamicWorld_FloodEvents_AutoRefresh,https://developers.google.com/earth-engine/datasets/catalog/GOOGLE_DYNAMICWORLD_V1,2026-02-19T03:45:07+00:00,"Thu, 19 Feb 2026 03:45:07 GMT",SUCCESS,,HTTP_HEADER
dc/base/ClimateTrace_GHG_Emissions_OldAPI,ClimateTrace_GHG_Emissions_OldAPI,https://climatetrace.org/inventory,2026-02-17T15:46:30+00:00,"Date: Tue, 17 Feb 2026 15:46:30 GMT",SUCCESS,,HTTP_HEADER
dc/base/Cotedivoire_Census,Cotedivoire_Census,https://cotedivoire.opendataforafrica.org/,,,ERROR,HTTP_?,
dc/base/Brazil_RuralDevelopmentProgram,Brazil_RuralDevelopmentProgram,https://aplicacoes.cidadania.gov.br/vis/data3/data-explorer.php,2026-02-19T05:29:17+00:00,"Date: Thu, 19 Feb 2026 05:29:17 GMT",SUCCESS,,HTTP_HEADER
dc/base/Brazil_FoodDsitribution,Brazil_FoodDsitribution,https://aplicacoes.cidadania.gov.br/vis/data3/data-explorer.php,2026-02-19T05:29:17+00:00,"Date: Thu, 19 Feb 2026 05:29:17 GMT",SUCCESS,,HTTP_HEADER
dc/base/Colombia_Census,Colombia_Census,https://www.dane.gov.co/index.php/en/statistics-by-topic,2026-02-19T05:29:18+00:00,"Thu, 19 Feb 2026 05:29:18 GMT",SUCCESS,,HTTP_HEADER
dc/base/CanadaStatistics,CanadaStatistics,https://www150.statcan.gc.ca/n1/en/type/data?MM=1,2026-02-19T05:29:19+00:00,"Date: Thu, 19 Feb 2026 05:29:19 GMT",SUCCESS,,HTTP_HEADER
dc/base/DynamicWorld_Floods,DynamicWorld_Floods,https://developers.google.com/earth-engine/datasets/catalog/GOOGLE_DYNAMICWORLD_V1,2026-02-19T03:45:07+00:00,"Thu, 19 Feb 2026 03:45:07 GMT",SUCCESS,,HTTP_HEADER
dc/base/EuroStatHealth_AlcoholConsumption,EuroStatHealth_AlcoholConsumption,https://ec.europa.eu/eurostat/web/main/data/database,2026-02-19T05:29:19+00:00,"Date: Thu, 19 Feb 2026 05:29:19 GMT",SUCCESS,,HTTP_HEADER
dc/base/EthiopiaStatistics,EthiopiaStatistics,https://ethiopia.opendataforafrica.org/data/#menu=topic,,,ERROR,HTTP_?,
dc/base/Egypt_Census,Egypt_Census,https://egypt.opendataforafrica.org,,,ERROR,HTTP_?,
dc/base/FAO_Currency,FAO_Currency,https://www.fao.org/faostat/en/#data/PE/metadata,2026-01-27T13:54:43+00:00,"Tue, 27 Jan 2026 13:54:43 GMT",SUCCESS,,HTTP_HEADER
dc/base/Eurostat_Early_Education_Training,Eurostat_Early_Education_Training,https://ec.europa.eu/eurostat/databrowser/view/sdg_04_30__custom_7874475/default/table?lang=en,2026-02-19T05:29:21+00:00,"Date: Thu, 19 Feb 2026 05:29:21 GMT",SUCCESS,,HTTP_HEADER
dc/base/Copernicus_GlobalLandCoverLayers,Copernicus_GlobalLandCoverLayers,https://land.copernicus.eu/global/lcviewer,2026-02-19T05:29:21+00:00,"Date: Thu, 19 Feb 2026 05:29:21 GMT",SUCCESS,,HTTP_HEADER
dc/base/India_Literacy,India_Literacy,https://mospi.gov.in/web/nss,2026-02-19T05:29:29+00:00,"Date: Thu, 19 Feb 2026 05:29:29 GMT",SUCCESS,,HTTP_HEADER
dc/base/FAO_Currency_statvar,FAO_Currency_statvar,https://www.fao.org/faostat/en/#data/PE/metadata,2026-01-27T13:54:43+00:00,"Tue, 27 Jan 2026 13:54:43 GMT",SUCCESS,,HTTP_HEADER
dc/base/India_NFHS,India_NFHS,"https://ndap.niti.gov.in/dataset/6821, https://ndap.niti.gov.in/dataset/7034, https://ndap.niti.gov.in/dataset/6822",,,ERROR,HTTP_?,
dc/base/India_NationalAccountsStatistics,India_NationalAccountsStatistics,https://esankhyiki.mospi.gov.in/macroindicators?product=nas,2026-02-18T12:10:02+00:00,"Wed, 18 Feb 2026 12:10:02 GMT",SUCCESS,,HTTP_HEADER
dc/base/Ireland_Census,Ireland_Census,https://www.cso.ie/en/index.html,2026-02-18T09:52:39+00:00,"Wed, 18 Feb 2026 09:52:39 GMT",SUCCESS,,HTTP_HEADER
dc/base/India_SDG_Index,India_SDG_Index,https://sdgindiaindex.niti.gov.in/#/download,2025-06-19T05:44:30+00:00,"Thu, 19 Jun 2025 05:44:30 GMT",SUCCESS,,HTTP_HEADER
dc/base/India_aqi,India_aqi,https://app.cpcbccr.com/AQI_India/,2026-02-19T05:29:23+00:00,"Date: Thu, 19 Feb 2026 05:29:23 GMT",SUCCESS,,HTTP_HEADER
dc/base/Indonesia_Census,Indonesia_Census,https://www.bps.go.id/,,,ERROR,HTTP_?,
dc/base/Kenya_Census,Kenya_Census,https://kenya.opendataforafrica.org/,,,ERROR,HTTP_?,
dc/base/IPEDS_StudentToFacultyRatio,IPEDS_StudentToFacultyRatio,https://nces.ed.gov/ipeds/datacenter/DataFiles.aspx?gotoReportId=7&fromIpeds=true&sid=859539d0-db09-4d03-a36a-eabf93d07355&rtid=1,2026-02-19T05:29:25+00:00,"Date: Thu, 19 Feb 2026 05:29:25 GMT",SUCCESS,,HTTP_HEADER
dc/base/Israel_Census,Israel_Census,https://www.cbs.gov.il/,2026-02-19T05:29:26+00:00,"Date: Thu, 19 Feb 2026 05:29:26 GMT",SUCCESS,,HTTP_HEADER
dc/base/MexicoCensus_AA2,MexicoCensus_AA2,https://data.humdata.org/dataset/cod-ps-mex,2026-02-19T05:29:27+00:00,"Date: Thu, 19 Feb 2026 05:29:27 GMT",SUCCESS,,HTTP_HEADER
dc/base/NITIIndiaPopulationProjection,NITIIndiaPopulationProjection,"https://ndap.niti.gov.in/dataset/7208, https://ndap.niti.gov.in/dataset/7209",,,ERROR,HTTP_?,
dc/base/Japan_Census,Japan_Census,https://www.e-stat.go.jp/,2026-02-19T05:29:28+00:00,"Date: Thu, 19 Feb 2026 05:29:28 GMT",SUCCESS,,HTTP_HEADER
dc/base/NOAA_GPCC_StandardardizedPrecipitationIndex,NOAA_GPCC_StandardardizedPrecipitationIndex,https://www.drought.gov/data-maps-tools/global-precipitation-climatology-centre-gpcc-standardized-precipitation-index-spi,2026-02-19T05:27:51+00:00,"Thu, 19 Feb 2026 05:27:51 GMT",SUCCESS,,HTTP_HEADER
dc/base/CycloneNOAA_Stats,CycloneNOAA_Stats,https://www.ncei.noaa.gov/products/international-best-track-archive,2026-02-18T19:51:39+00:00,"Wed, 18 Feb 2026 19:51:39 GMT",SUCCESS,,HTML_SCRAPE
dc/base/CycloneNOAA_Entities,CycloneNOAA_Entities,https://www.ncei.noaa.gov/products/international-best-track-archive,2026-02-18T19:51:39+00:00,"Wed, 18 Feb 2026 19:51:39 GMT",SUCCESS,,HTML_SCRAPE
dc/base/CycloneNOAA_Paths,CycloneNOAA_Paths,https://www.ncei.noaa.gov/products/international-best-track-archive,2026-02-18T19:51:39+00:00,"Wed, 18 Feb 2026 19:51:39 GMT",SUCCESS,,HTML_SCRAPE
dc/base/NigeriaStatistics,NigeriaStatistics,https://nigeria.opendataforafrica.org,,,ERROR,HTTP_?,
dc/base/OECDQuarterlyGDP,OECDQuarterlyGDP,https://data-explorer.oecd.org/vis?fs[0]=Topic%2C1%7CEconomy%23ECO%23%7CNational%20accounts%23ECO_NAD%23&fs[1]=Topic%2C3%7CEconomy%23ECO%23%7CNational%20accounts%23ECO_NAD%23%7CGDP%20and%20non-financial%20accounts%23ECO_NAD_GNF%23%7CGDP%20and%20components%23ECO_NAD_GNF_GDP%23&pg=0&fc=Topic&snb=22&vw=ov&df[ds]=dsDisseminateFinalDMZ&df[id]=DSD_NAMAIN1%40DF_QNA_EXPENDITURE_GROWTH_OECD&df[ag]=OECD.SDD.NAD&df[vs]=&dq=Q.....B1GQ......G1.&to[TIME_PERIOD]=false&ly[cl]=TIME_PERIOD&ly[rw]=REF_AREA&lb=bt&pd=%2C,2026-02-19T05:29:32+00:00,"Date: Thu, 19 Feb 2026 05:29:32 GMT",SUCCESS,,HTTP_HEADER
dc/base/NOAA_CoastWatch_SeaSurfaceTemperature,NOAA_CoastWatch_SeaSurfaceTemperature,https://coastwatch.noaa.gov/erddap/griddap/noaacwBLENDEDsstDaily.html,2026-02-19T05:29:32+00:00,"Thu, 19 Feb 2026 05:29:32 GMT",SUCCESS,,HTTP_HEADER
dc/base/OECDRegionalDemography_Deaths,OECDRegionalDemography_Deaths,https://data-explorer.oecd.org/vis?df[ds]=DisseminateFinalDMZ&df[id]=DSD_REG_DEMO%40DF_DEATH_5Y&df[ag]=OECD.CFE.EDS&df[vs]=2.0&dq=A.......&to[TIME_PERIOD]=false&pd=%2C,2026-02-19T05:29:33+00:00,"Date: Thu, 19 Feb 2026 05:29:33 GMT",SUCCESS,,HTTP_HEADER
dc/base/OECD_Air_GHG_emissions,OECD_Air_GHG_emissions,https://data.oecd.org/air/air-and-ghg-emissions.htm,,,ERROR,HTTP_?,
dc/base/OECD_Waste_Water_Treatment,OECD_Waste_Water_Treatment,https://www.oecd.org/,,,ERROR,HTTP_?,
dc/base/NOAA_CoastWatch_SeaSurfaceSalinity,NOAA_CoastWatch_SeaSurfaceSalinity,https://coastwatch.noaa.gov/erddap/griddap/noaacwSMAPsss3Daily.html,2026-02-19T05:29:34+00:00,"Thu, 19 Feb 2026 05:29:34 GMT",SUCCESS,,HTTP_HEADER
dc/base/NASA_VIIRSActiveFiresEvent_Observations,NASA_VIIRSActiveFiresEvent_Observations,https://www.earthdata.nasa.gov/learn/find-data/near-real-time/firms/vnp14imgtdlnrt,2026-02-19T05:29:30+00:00,"Thu, 19 Feb 2026 05:29:30 GMT",SUCCESS,,HTTP_HEADER
dc/base/OneOrg_Debt,OneOrg_Debt,https://data.one.org/,,,ERROR,HTTP_?,
dc/base/NASA_VIIRSActiveFiresEvents,NASA_VIIRSActiveFiresEvents,https://www.earthdata.nasa.gov/learn/find-data/near-real-time/firms/vnp14imgtdlnrt,2026-02-19T05:29:29+00:00,"Thu, 19 Feb 2026 05:29:29 GMT",SUCCESS,,HTTP_HEADER
dc/base/Singapore_Census,Singapore_Census,https://www.singstat.gov.sg/,2026-02-19T05:29:35+00:00,"Date: Thu, 19 Feb 2026 05:29:35 GMT",SUCCESS,,HTTP_HEADER
dc/base/OECDStats,OECDStats,https://stats.oecd.org,,,NO_TIMESTAMP,NO_TIMESTAMP,
dc/base/Rwanda_Census,Rwanda_Census,https://rwanda.opendataforafrica.org/,,,ERROR,HTTP_?,
dc/base/OWID_COVID19,OWID_COVID19,https://ourworldindata.org/coronavirus,2026-02-19T05:29:36+00:00,"Date: Thu, 19 Feb 2026 05:29:36 GMT",SUCCESS,,HTTP_HEADER
dc/base/RandolphGlacierInventory_Area,RandolphGlacierInventory_Area,https://www.glims.org/RGI/rgi60_dl.html,2025-06-04T23:30:08+00:00,"Wed, 04 Jun 2025 23:30:08 GMT",SUCCESS,,HTTP_HEADER
dc/base/SouthAfrica_Census,SouthAfrica_Census,https://southafrica.opendataforafrica.org/,,,ERROR,HTTP_?,
dc/base/Poland_Census,Poland_Census,https://stat.gov.pl/en/databases/,2026-02-19T05:29:36+00:00,"Thu, 19 Feb 2026 05:29:36 GMT",SUCCESS,,HTTP_HEADER
dc/base/SouthAfrica_Budget,SouthAfrica_Budget,https://github.com/dsfsi/data-commons-data/tree/master/data/budget%20data/csv,2026-02-19T05:29:38+00:00,"Date: Thu, 19 Feb 2026 05:29:38 GMT",SUCCESS,,HTTP_HEADER
dc/base/Srilanka_Census,Srilanka_Census,https://data.humdata.org/,2026-02-19T05:29:40+00:00,"Date: Thu, 19 Feb 2026 05:29:40 GMT",SUCCESS,,HTTP_HEADER
dc/base/Subnational_Demographics_Stats,Subnational_Demographics_Stats,https://databank.worldbank.org/source/subnational-population,2026-02-19T05:29:40+00:00,"Date: Thu, 19 Feb 2026 05:29:40 GMT",SUCCESS,,HTTP_HEADER
dc/base/TemperatureEvents,TemperatureEvents,https://datacommons.org/,2026-02-19T05:29:41+00:00,"Date: Thu, 19 Feb 2026 05:29:41 GMT",SUCCESS,,HTTP_HEADER
dc/base/NOAA_GFS_WeatherForecast,NOAA_GFS_WeatherForecast,https://www.ncei.noaa.gov/products/weather-climate-models/global-forecast,2026-02-18T19:56:40+00:00,"Wed, 18 Feb 2026 19:56:40 GMT",SUCCESS,,HTML_SCRAPE
dc/base/Sweden_Census,Sweden_Census,https://www.statistikdatabasen.scb.se/pxweb/sv/ssd/,2026-02-19T05:29:42+00:00,"Date: Thu, 19 Feb 2026 05:29:42 GMT",SUCCESS,,HTTP_HEADER
dc/base/UNSDGrossValueAdded,UNSDGrossValueAdded,https://unstats.un.org/home/,2022-07-28T19:26:57+00:00,"Thu, 28 Jul 2022 19:26:57 GMT",SUCCESS,,HTTP_HEADER
dc/base/UN_SDG,UN_SDG,https://unstats.un.org/sdgs/dataportal,2025-12-17T18:03:14+00:00,"Wed, 17 Dec 2025 18:03:14 GMT",SUCCESS,,HTTP_HEADER
dc/base/USMonthlyRetailSales,USMonthlyRetailSales,https://www.census.gov/retail/index.html,2026-02-10T13:30:53+00:00,"Tue, 10 Feb 2026 13:30:53 GMT",SUCCESS,,HTTP_HEADER
dc/base/UN_WHO,UN_WHO,https://www.who.int/data,2026-02-19T03:13:22+00:00,"Thu, 19 Feb 2026 03:13:22 GMT",SUCCESS,,HTTP_HEADER
dc/base/UAE_Population,UAE_Population,https://bayanat.ae/en/Data?query=population,2026-02-19T05:30:31+00:00,"Date: Thu, 19 Feb 2026 05:30:31 GMT",SUCCESS,,HTTP_HEADER
dc/base/Uganda_Census,Uganda_Census,https://uganda.opendataforafrica.org/,,,ERROR,HTTP_?,
dc/base/UnitedKingdomMHCLG_IMD2019,UnitedKingdomMHCLG_IMD2019,https://www.gov.uk/government/statistics/english-indices-of-deprivation-2019,2026-02-19T05:30:34+00:00,"Date: Thu, 19 Feb 2026 05:30:34 GMT",SUCCESS,,HTTP_HEADER
dc/base/WHO_COVID19,WHO_COVID19,https://data.who.int/dashboards/covid19/data?n=c,2026-02-17T13:52:55+00:00,"Tue, 17 Feb 2026 13:52:55 GMT",SUCCESS,,HTTP_HEADER
dc/base/WikipediaStatsData,WikipediaStatsData,https://www.wikipedia.org,2026-01-26T16:38:04+00:00,"Mon, 26 Jan 2026 16:38:04 GMT",SUCCESS,,HTTP_HEADER
dc/base/WTO_TradeConnectivity,WTO_TradeConnectivity,https://stats.wto.org/dashboard/tradeconnectivity_en.html,2024-11-22T12:59:53+00:00,"Fri, 22 Nov 2024 12:59:53 GMT",SUCCESS,,HTTP_HEADER
dc/base/WetBulbTemperatureEvents_AutoRefresh,WetBulbTemperatureEvents_AutoRefresh,https://datacommons.org/,2026-02-19T05:30:39+00:00,"Date: Thu, 19 Feb 2026 05:30:39 GMT",SUCCESS,,HTTP_HEADER
dc/base/WetBulbTemperatureEventPlaces_AutoRefresh,WetBulbTemperatureEventPlaces_AutoRefresh,https://datacommons.org/,2026-02-19T05:30:39+00:00,"Date: Thu, 19 Feb 2026 05:30:39 GMT",SUCCESS,,HTTP_HEADER
dc/base/WikidataPopulation,WikidataPopulation,https://www.wikidata.org/wiki/Wikidata:Main_Page,2026-02-19T01:14:27+00:00,"Thu, 19 Feb 2026 01:14:27 GMT",SUCCESS,,HTTP_HEADER
dc/base/WorldBankDatasets,WorldBankDatasets,https://databank.worldbank.org/source/world-development-indicators,2026-02-19T05:30:40+00:00,"Date: Thu, 19 Feb 2026 05:30:40 GMT",SUCCESS,,HTTP_HEADER
dc/base/WHO_GHO,WHO_GHO,https://www.who.int/data/gho,2026-02-18T15:10:20+00:00,"Wed, 18 Feb 2026 15:10:20 GMT",SUCCESS,,HTTP_HEADER
dc/base/Copernicus_ECMWF_ERA5_Monthly,Copernicus_ECMWF_ERA5_Monthly,https://cds.climate.copernicus.eu/cdsapp#!/dataset/reanalysis-era5-single-levels,,,ERROR,HTTP_?,
dc/base/Copernicus_ECMWF_ERA5_Monthly_AggrYearsStats,Copernicus_ECMWF_ERA5_Monthly_AggrYearsStats,https://cds.climate.copernicus.eu/cdsapp#!/dataset/reanalysis-era5-single-levels,,,ERROR,HTTP_?,
dc/base/CensusACS5YearSurvey_SubjectTables_S1901,CensusACS5YearSurvey_SubjectTables_S1901,https://data.census.gov/cedsci/table?q=S1901&tid=ACSST5Y2023.S1901,2026-02-19T05:30:47+00:00,"Date: Thu, 19 Feb 2026 05:30:47 GMT",SUCCESS,,HTTP_HEADER
dc/base/CensusACS5YearSurvey_SubjectTables_S2602PR,CensusACS5YearSurvey_SubjectTables_S2602PR,https://data.census.gov/cedsci/table?q=S2602PR&tid=ACSST5Y2023.S2602PR,2026-02-19T05:30:48+00:00,"Date: Thu, 19 Feb 2026 05:30:48 GMT",SUCCESS,,HTTP_HEADER
dc/base/CensusACSBtable5YearSurvey_Btable_B25031,CensusACSBtable5YearSurvey_Btable_B25031,https://data.census.gov/table/ACSDT5Y2022.B25031,2026-02-19T05:30:50+00:00,"Date: Thu, 19 Feb 2026 05:30:50 GMT",SUCCESS,,HTTP_HEADER
dc/base/CensusACS5YearSurvey_SubjectTables_S0701PR,CensusACS5YearSurvey_SubjectTables_S0701PR,https://data.census.gov/cedsci/table?q=S0701PR&tid=ACSST5Y2023.S0701PR,2026-02-19T05:30:52+00:00,"Date: Thu, 19 Feb 2026 05:30:52 GMT",SUCCESS,,HTTP_HEADER
dc/base/CensusACS5YearSurvey_SubjectTables_S1810,CensusACS5YearSurvey_SubjectTables_S1810,https://data.census.gov/table/ACSST5Y2023.S1810?q=S1810,2026-02-19T05:30:54+00:00,"Date: Thu, 19 Feb 2026 05:30:54 GMT",SUCCESS,,HTTP_HEADER
dc/base/CensusACS5YearSurvey_SubjectTables_S2704,CensusACS5YearSurvey_SubjectTables_S2704,https://data.census.gov/cedsci/table?q=S2704&tid=ACSST5Y2023.S2704,2026-02-19T05:30:55+00:00,"Date: Thu, 19 Feb 2026 05:30:55 GMT",SUCCESS,,HTTP_HEADER
dc/base/CensusACS5YearSurvey_SubjectTables_S2701,CensusACS5YearSurvey_SubjectTables_S2701,https://data.census.gov/cedsci/table?q=S2701&tid=ACSST5Y2023.S2701,2026-02-19T05:30:57+00:00,"Date: Thu, 19 Feb 2026 05:30:57 GMT",SUCCESS,,HTTP_HEADER
dc/base/CensusACS5YearSurvey_SubjectTables_S2409,CensusACS5YearSurvey_SubjectTables_S2409,https://data.census.gov/cedsci/table?q=S2409&tid=ACSST1Y2023.S2409,2026-02-19T05:30:58+00:00,"Date: Thu, 19 Feb 2026 05:30:58 GMT",SUCCESS,,HTTP_HEADER
dc/base/CensusACS5YearSurvey_SubjectTables_S2418,CensusACS5YearSurvey_SubjectTables_S2418,https://data.census.gov/cedsci/table?q=S2418&tid=ACSST5Y2023.S2418,2026-02-19T05:31:00+00:00,"Date: Thu, 19 Feb 2026 05:31:00 GMT",SUCCESS,,HTTP_HEADER
dc/base/CensusACS5YearSurvey_SubjectTables_S1251,CensusACS5YearSurvey_SubjectTables_S1251,https://data.census.gov/cedsci/table?q=S1251&tid=ACSST5Y2023.S1251,2026-02-19T05:31:01+00:00,"Date: Thu, 19 Feb 2026 05:31:01 GMT",SUCCESS,,HTTP_HEADER
dc/base/CensusACS5YearSurvey,CensusACS5YearSurvey,https://www.census.gov/programs-surveys/acs/data/data-via-ftp.html,2026-02-19T05:31:04+00:00,"Date: Thu, 19 Feb 2026 05:31:04 GMT",SUCCESS,,HTTP_HEADER
dc/base/CensusACS5YearSurvey_SubjectTables_S2201,CensusACS5YearSurvey_SubjectTables_S2201,https://data.census.gov/table/ACSST5Y2023.S2201?q=S2201,2026-02-19T05:31:05+00:00,"Date: Thu, 19 Feb 2026 05:31:05 GMT",SUCCESS,,HTTP_HEADER
dc/base/CensusACS5YearSurvey_SubjectTables_S2502,CensusACS5YearSurvey_SubjectTables_S2502,https://data.census.gov/cedsci/table?q=S2502&tid=ACSST5Y2023.S2502,2026-02-19T05:31:07+00:00,"Date: Thu, 19 Feb 2026 05:31:07 GMT",SUCCESS,,HTTP_HEADER
dc/base/CensusACS5YearSurvey_SubjectTables_S1301,CensusACS5YearSurvey_SubjectTables_S1301,https://data.census.gov/cedsci/table?q=S1301&tid=ACSST5Y2023.S1301,2026-02-19T05:31:08+00:00,"Date: Thu, 19 Feb 2026 05:31:08 GMT",SUCCESS,,HTTP_HEADER
dc/base/CensusACS5YearSurvey_SubjectTables_S2405,CensusACS5YearSurvey_SubjectTables_S2405,https://data.census.gov/cedsci/table?q=S2405&tid=ACSST5Y2023.S2405,2026-02-19T05:31:10+00:00,"Date: Thu, 19 Feb 2026 05:31:10 GMT",SUCCESS,,HTTP_HEADER
dc/base/CensusACS5YearSurvey_SubjectTables_S2702PR,CensusACS5YearSurvey_SubjectTables_S2702PR,https://data.census.gov/cedsci/table?q=S2702PR&tid=ACSST5Y2013.S2702PR,2026-02-19T05:31:12+00:00,"Date: Thu, 19 Feb 2026 05:31:12 GMT",SUCCESS,,HTTP_HEADER
dc/base/CensusACS5YearSurvey_SubjectTables_S2703,CensusACS5YearSurvey_SubjectTables_S2703,https://data.census.gov/cedsci/table?q=S2703&tid=ACSST5Y2023.S2703,2026-02-19T05:31:14+00:00,"Date: Thu, 19 Feb 2026 05:31:14 GMT",SUCCESS,,HTTP_HEADER
dc/base/CensusACS5YearSurvey_SubjectTables_S1702,CensusACS5YearSurvey_SubjectTables_S1702,https://data.census.gov/cedsci/table?q=S1702&tid=ACSST5Y2023.S1702,2026-02-19T05:31:15+00:00,"Date: Thu, 19 Feb 2026 05:31:15 GMT",SUCCESS,,HTTP_HEADER
dc/base/CensusACS5YearSurvey_SubjectTables_S2001,CensusACS5YearSurvey_SubjectTables_S2001,https://data.census.gov/cedsci/table?q=S2001&tid=ACSST1Y2023.S2001,2026-02-19T05:31:17+00:00,"Date: Thu, 19 Feb 2026 05:31:17 GMT",SUCCESS,,HTTP_HEADER
dc/base/CensusACS5YearSurvey_SubjectTables_S1603,CensusACS5YearSurvey_SubjectTables_S1603,https://data.census.gov/cedsci/table?q=S1603&tid=ACSST5Y2023.S1603,2026-02-19T05:31:18+00:00,"Date: Thu, 19 Feb 2026 05:31:18 GMT",SUCCESS,,HTTP_HEADER
dc/base/CensusACS5YearSurvey_SubjectTables_S2603,CensusACS5YearSurvey_SubjectTables_S2603,https://data.census.gov/cedsci/table?q=S2603&tid=ACSST5Y2023.S2603,2026-02-19T05:31:20+00:00,"Date: Thu, 19 Feb 2026 05:31:20 GMT",SUCCESS,,HTTP_HEADER
dc/base/CensusACS5YearSurvey_SubjectTables_S2601APR,CensusACS5YearSurvey_SubjectTables_S2601APR,https://data.census.gov/cedsci/table?q=S2601APR&tid=ACSST5Y2023.S2601APR,2026-02-19T05:31:21+00:00,"Date: Thu, 19 Feb 2026 05:31:21 GMT",SUCCESS,,HTTP_HEADER
dc/base/CensusACS5YearSurvey_SubjectTables_S1903,CensusACS5YearSurvey_SubjectTables_S1903,https://data.census.gov/cedsci/table?q=S1903&tid=ACSST5Y2023.S1903,2026-02-19T05:31:23+00:00,"Date: Thu, 19 Feb 2026 05:31:23 GMT",SUCCESS,,HTTP_HEADER
dc/base/CensusACS5YearSurvey_SubjectTables_S0503,CensusACS5YearSurvey_SubjectTables_S0503,https://data.census.gov/cedsci/table?q=S0503&tid=ACSST5Y2023.S0503,2026-02-19T05:31:25+00:00,"Date: Thu, 19 Feb 2026 05:31:25 GMT",SUCCESS,,HTTP_HEADER
dc/base/CensusACS5YearSurvey_SubjectTables_S2303,CensusACS5YearSurvey_SubjectTables_S2303,https://data.census.gov/cedsci/table?q=S2303&tid=ACSST5Y2023.S2303,2026-02-19T05:31:27+00:00,"Date: Thu, 19 Feb 2026 05:31:27 GMT",SUCCESS,,HTTP_HEADER
dc/base/CensusACS5YearSurvey_SubjectTables_S2407,CensusACS5YearSurvey_SubjectTables_S2407,https://data.census.gov/cedsci/table?q=S2407&tid=ACSST5Y2023.S2407,2026-02-19T05:31:28+00:00,"Date: Thu, 19 Feb 2026 05:31:28 GMT",SUCCESS,,HTTP_HEADER
dc/base/CensusACS5YearSurvey_SubjectTables_S0701,CensusACS5YearSurvey_SubjectTables_S0701,https://data.census.gov/cedsci/table?q=S0701&tid=ACSST5Y2023.S0701,2026-02-19T05:31:30+00:00,"Date: Thu, 19 Feb 2026 05:31:30 GMT",SUCCESS,,HTTP_HEADER
dc/base/CensusACS5YearSurvey_SubjectTables_S0506,CensusACS5YearSurvey_SubjectTables_S0506,https://data.census.gov/cedsci/table?q=S0506&tid=ACSST5Y2023.S0506,2026-02-19T05:31:31+00:00,"Date: Thu, 19 Feb 2026 05:31:31 GMT",SUCCESS,,HTTP_HEADER
dc/base/CensusACS5YearSurvey_SubjectTables_S0902,CensusACS5YearSurvey_SubjectTables_S0902,https://data.census.gov/cedsci/table?q=S0902&tid=ACSST5Y2023.S0902,2026-02-19T05:31:33+00:00,"Date: Thu, 19 Feb 2026 05:31:33 GMT",SUCCESS,,HTTP_HEADER
dc/base/CensusACS5YearSurvey_SubjectTables_S2702,CensusACS5YearSurvey_SubjectTables_S2702,https://data.census.gov/cedsci/table?q=S2702&tid=ACSST5Y2013.S2702,2026-02-19T05:31:35+00:00,"Date: Thu, 19 Feb 2026 05:31:35 GMT",SUCCESS,,HTTP_HEADER
dc/base/CensusACS5YearSurvey_SubjectTables_S0505,CensusACS5YearSurvey_SubjectTables_S0505,https://data.census.gov/cedsci/table?q=S0505&tid=ACSST5Y2023.S0505,2026-02-19T05:31:36+00:00,"Date: Thu, 19 Feb 2026 05:31:36 GMT",SUCCESS,,HTTP_HEADER
dc/base/CensusACS1YearSurvey,CensusACS1YearSurvey,https://www.census.gov/programs-surveys/acs/data/data-via-ftp.html,2026-02-19T05:31:39+00:00,"Date: Thu, 19 Feb 2026 05:31:39 GMT",SUCCESS,,HTTP_HEADER
dc/base/CensusACS5YearSurvey_SubjectTables_S2601A,CensusACS5YearSurvey_SubjectTables_S2601A,https://data.census.gov/cedsci/table?q=S2601A&tid=ACSST5Y2023.S2601A,2026-02-19T05:31:40+00:00,"Date: Thu, 19 Feb 2026 05:31:40 GMT",SUCCESS,,HTTP_HEADER
dc/base/CensusACS5YearSurvey_SubjectTables_S0504,CensusACS5YearSurvey_SubjectTables_S0504,https://data.census.gov/cedsci/table?q=S0504&tid=ACSST5Y2023.S0504,2026-02-19T05:31:42+00:00,"Date: Thu, 19 Feb 2026 05:31:42 GMT",SUCCESS,,HTTP_HEADER
dc/base/CensusACS5YearSurvey_SubjectTables_S1502,CensusACS5YearSurvey_SubjectTables_S1502,https://data.census.gov/cedsci/table?q=S1502&tid=ACSST5Y2023.S1502,2026-02-19T05:31:44+00:00,"Date: Thu, 19 Feb 2026 05:31:44 GMT",SUCCESS,,HTTP_HEADER
dc/base/CensusACS5YearSurvey_SubjectTables_S1201,CensusACS5YearSurvey_SubjectTables_S1201,https://data.census.gov/cedsci/table?q=S1201&tid=ACSST5Y2023.S1201,2026-02-19T05:31:45+00:00,"Date: Thu, 19 Feb 2026 05:31:45 GMT",SUCCESS,,HTTP_HEADER
dc/base/CensusACS5YearSurvey_SubjectTables_S2602,CensusACS5YearSurvey_SubjectTables_S2602,https://data.census.gov/cedsci/table?q=S2602&tid=ACSST5Y2023.S2602,2026-02-19T05:31:47+00:00,"Date: Thu, 19 Feb 2026 05:31:47 GMT",SUCCESS,,HTTP_HEADER
dc/base/CensusACS5YearSurvey_SubjectTables_S1602,CensusACS5YearSurvey_SubjectTables_S1602,https://data.census.gov/cedsci/table?q=S1602&tid=ACSST5Y2023.S1602,2026-02-19T05:31:48+00:00,"Date: Thu, 19 Feb 2026 05:31:48 GMT",SUCCESS,,HTTP_HEADER
dc/base/CensusACS5YearSurvey_SubjectTables_S0804,CensusACS5YearSurvey_SubjectTables_S0804,https://data.census.gov/table/ACSST5Y2023.S0804,2026-02-19T05:31:50+00:00,"Date: Thu, 19 Feb 2026 05:31:50 GMT",SUCCESS,,HTTP_HEADER
dc/base/CensusACS5YearSurvey_SubjectTables_S0801,CensusACS5YearSurvey_SubjectTables_S0801,https://data.census.gov/table?q=S0801&tid=ACSST5Y2023.S0801,2026-02-19T05:31:52+00:00,"Date: Thu, 19 Feb 2026 05:31:52 GMT",SUCCESS,,HTTP_HEADER
dc/base/CensusACS5YearSurvey_SubjectTables_S2408,CensusACS5YearSurvey_SubjectTables_S2408,https://data.census.gov/cedsci/table?q=S2408&tid=ACSST5Y2023.S2408,2026-02-19T05:31:53+00:00,"Date: Thu, 19 Feb 2026 05:31:53 GMT",SUCCESS,,HTTP_HEADER
dc/base/CensusACS5YearSurvey_SubjectTables_S2406,CensusACS5YearSurvey_SubjectTables_S2406,https://data.census.gov/cedsci/table?q=S2406&tid=ACSST5Y2023.S2406,2026-02-19T05:31:55+00:00,"Date: Thu, 19 Feb 2026 05:31:55 GMT",SUCCESS,,HTTP_HEADER
dc/base/CensusACS5YearSurvey_SubjectTables_S0101,CensusACS5YearSurvey_SubjectTables_S0101,https://data.census.gov/table?q=S0101:+Age+and+Sex&tid=ACSST1Y2023.S0101,2026-02-19T05:31:56+00:00,"Date: Thu, 19 Feb 2026 05:31:56 GMT",SUCCESS,,HTTP_HEADER
dc/base/ACSED5YrSurvey,ACSED5YrSurvey,https://nces.ed.gov/programs/edge/Demographic/ACS,2026-02-19T05:31:58+00:00,"Date: Thu, 19 Feb 2026 05:31:58 GMT",SUCCESS,,HTTP_HEADER
dc/base/CensusCountyBusinessPatterns,CensusCountyBusinessPatterns,https://www.census.gov/programs-surveys/cbp.html,2026-02-19T05:31:59+00:00,"Date: Thu, 19 Feb 2026 05:31:59 GMT",SUCCESS,,HTTP_HEADER
dc/base/NASA_DCP30_CMIP5_Subnational_AggrDiffStats_LongRangeProjections,NASA_DCP30_CMIP5_Subnational_AggrDiffStats_LongRangeProjections,https://www.nccs.nasa.gov/services/data-collections/land-based-products/nex-dcp30,2026-02-19T05:32:01+00:00,"Date: Thu, 19 Feb 2026 05:32:01 GMT",SUCCESS,,HTTP_HEADER
dc/base/NASA_NEXDCP30_AggrYearsStats,NASA_NEXDCP30_AggrYearsStats,https://www.nccs.nasa.gov/services/data-collections/land-based-products/nex-dcp30,2026-02-19T05:32:02+00:00,"Date: Thu, 19 Feb 2026 05:32:02 GMT",SUCCESS,,HTTP_HEADER
dc/base/NASA_NEXDCP30,NASA_NEXDCP30,https://www.nccs.nasa.gov/services/data-collections/land-based-products/nex-dcp30,2026-02-19T05:32:03+00:00,"Date: Thu, 19 Feb 2026 05:32:03 GMT",SUCCESS,,HTTP_HEADER
dc/base/NASA_NEXDCP30_AggrDiffStats,NASA_NEXDCP30_AggrDiffStats,https://www.nccs.nasa.gov/services/data-collections/land-based-products/nex-dcp30,2026-02-19T05:32:05+00:00,"Date: Thu, 19 Feb 2026 05:32:05 GMT",SUCCESS,,HTTP_HEADER
dc/base/India_GeoSadak,India_GeoSadak,https://geosadak-pmgsy.nic.in/,,,TIMEOUT,TIMEOUT,
dc/base/NASA_WetBulbComputation,NASA_WetBulbComputation,https://datacommons.org/,2026-02-19T05:32:06+00:00,"Date: Thu, 19 Feb 2026 05:32:06 GMT",SUCCESS,,HTTP_HEADER
dc/base/NASA_NEXGDDP_Country,NASA_NEXGDDP_Country,https://www.nccs.nasa.gov/services/data-collections/land-based-products/nex-gddp,2026-02-19T05:32:06+00:00,"Date: Thu, 19 Feb 2026 05:32:06 GMT",SUCCESS,,HTTP_HEADER
dc/base/NASA_NEXGDDP_Subnational,NASA_NEXGDDP_Subnational,https://www.nccs.nasa.gov/services/data-collections/land-based-products/nex-gddp,2026-02-19T05:32:07+00:00,"Date: Thu, 19 Feb 2026 05:32:07 GMT",SUCCESS,,HTTP_HEADER
dc/base/NASA_NEXGDDP_IpccPlaces50,NASA_NEXGDDP_IpccPlaces50,https://www.nccs.nasa.gov/services/data-collections/land-based-products/nex-gddp,2026-02-19T05:32:07+00:00,"Date: Thu, 19 Feb 2026 05:32:07 GMT",SUCCESS,,HTTP_HEADER
dc/base/NASA_WetBulbComputation_Aggregation,NASA_WetBulbComputation_Aggregation,https://datacommons.org/,2026-02-19T05:32:08+00:00,"Date: Thu, 19 Feb 2026 05:32:08 GMT",SUCCESS,,HTTP_HEADER
dc/base/NASA_NEXGDDP_Subnational_AggrDiffStats,NASA_NEXGDDP_Subnational_AggrDiffStats,https://www.nccs.nasa.gov/services/data-collections/land-based-products/nex-gddp,2026-02-19T05:32:08+00:00,"Date: Thu, 19 Feb 2026 05:32:08 GMT",SUCCESS,,HTTP_HEADER
dc/base/NASA_NEXGDDP_IpccPlaces50_AggrDiffStats,NASA_NEXGDDP_IpccPlaces50_AggrDiffStats,https://www.nccs.nasa.gov/services/data-collections/land-based-products/nex-gddp,2026-02-19T05:32:09+00:00,"Date: Thu, 19 Feb 2026 05:32:09 GMT",SUCCESS,,HTTP_HEADER
dc/base/NASA_NEXGDDP_Country_AggrDiffStats,NASA_NEXGDDP_Country_AggrDiffStats,https://www.nccs.nasa.gov/services/data-collections/land-based-products/nex-gddp,2026-02-19T05:32:09+00:00,"Date: Thu, 19 Feb 2026 05:32:09 GMT",SUCCESS,,HTTP_HEADER
dc/base/NASA_NEXGDDP_Subnational_AggrOverTimeOnStatsAcrossModels,NASA_NEXGDDP_Subnational_AggrOverTimeOnStatsAcrossModels,https://www.nccs.nasa.gov/services/data-collections/land-based-products/nex-gddp,2026-02-19T05:32:10+00:00,"Date: Thu, 19 Feb 2026 05:32:10 GMT",SUCCESS,,HTTP_HEADER
dc/base/NASA_NEXGDDP_Subnational_AggrStatsAcrossModels,NASA_NEXGDDP_Subnational_AggrStatsAcrossModels,https://www.nccs.nasa.gov/services/data-collections/land-based-products/nex-gddp,2026-02-19T05:32:11+00:00,"Date: Thu, 19 Feb 2026 05:32:11 GMT",SUCCESS,,HTTP_HEADER
dc/base/NASA_NEXGDDP_CMIP6_Subnational_AggrYearsStats,NASA_NEXGDDP_CMIP6_Subnational_AggrYearsStats,https://www.nccs.nasa.gov/services/data-collections/land-based-products/nex-gddp-cmip6,2026-02-19T05:32:11+00:00,"Date: Thu, 19 Feb 2026 05:32:11 GMT",SUCCESS,,HTTP_HEADER
dc/base/NASA_NEXGDDP_CMIP6_Subnational_Histogram,NASA_NEXGDDP_CMIP6_Subnational_Histogram,https://www.nccs.nasa.gov/services/data-collections/land-based-products/nex-gddp-cmip6,2026-02-19T05:32:12+00:00,"Date: Thu, 19 Feb 2026 05:32:12 GMT",SUCCESS,,HTTP_HEADER
dc/base/NASA_NEXGDDP_CMIP6_Subnational_AggrDiffStats_LongRangeProjections,NASA_NEXGDDP_CMIP6_Subnational_AggrDiffStats_LongRangeProjections,https://www.nccs.nasa.gov/services/data-collections/land-based-products/nex-gddp-cmip6,2026-02-19T05:32:12+00:00,"Date: Thu, 19 Feb 2026 05:32:12 GMT",SUCCESS,,HTTP_HEADER
dc/base/NASA_NEXGDDP_CMIP6_Subnational,NASA_NEXGDDP_CMIP6_Subnational,https://www.nccs.nasa.gov/services/data-collections/land-based-products/nex-gddp-cmip6,2026-02-19T05:32:13+00:00,"Date: Thu, 19 Feb 2026 05:32:13 GMT",SUCCESS,,HTTP_HEADER
dc/base/NASA_NEXGDDP_CMIP6_IpccPlaces50,NASA_NEXGDDP_CMIP6_IpccPlaces50,https://www.nccs.nasa.gov/services/data-collections/land-based-products/nex-gddp-cmip6,2026-02-19T05:32:14+00:00,"Date: Thu, 19 Feb 2026 05:32:14 GMT",SUCCESS,,HTTP_HEADER
dc/base/NASA_NEXGDDP_CMIP6_Subnational_AggrOverTimeOnStatsAcrossModels,NASA_NEXGDDP_CMIP6_Subnational_AggrOverTimeOnStatsAcrossModels,https://www.nccs.nasa.gov/services/data-collections/land-based-products/nex-gddp-cmip6,2026-02-19T05:32:14+00:00,"Date: Thu, 19 Feb 2026 05:32:14 GMT",SUCCESS,,HTTP_HEADER
dc/base/NASA_NEXGDDP_CMIP6_IpccPlaces50_AggrStatsAcrossModels,NASA_NEXGDDP_CMIP6_IpccPlaces50_AggrStatsAcrossModels,https://www.nccs.nasa.gov/services/data-collections/land-based-products/nex-gddp-cmip6,2026-02-19T05:32:15+00:00,"Date: Thu, 19 Feb 2026 05:32:15 GMT",SUCCESS,,HTTP_HEADER
dc/base/NASA_NEXGDDP_CMIP6_IpccPlaces50_AggrYearsStats,NASA_NEXGDDP_CMIP6_IpccPlaces50_AggrYearsStats,https://www.nccs.nasa.gov/services/data-collections/land-based-products/nex-gddp-cmip6,2026-02-19T05:32:16+00:00,"Date: Thu, 19 Feb 2026 05:32:16 GMT",SUCCESS,,HTTP_HEADER
dc/base/NASA_NEXGDDP_CMIP6_Subnational_AggrDiffStats,NASA_NEXGDDP_CMIP6_Subnational_AggrDiffStats,https://www.nccs.nasa.gov/services/data-collections/land-based-products/nex-gddp-cmip6,2026-02-19T05:32:17+00:00,"Date: Thu, 19 Feb 2026 05:32:17 GMT",SUCCESS,,HTTP_HEADER
dc/base/NASA_NEXGDDP_CMIP6_IpccPlaces50_AggrDiffStats,NASA_NEXGDDP_CMIP6_IpccPlaces50_AggrDiffStats,https://www.nccs.nasa.gov/services/data-collections/land-based-products/nex-gddp-cmip6,2026-02-19T05:32:17+00:00,"Date: Thu, 19 Feb 2026 05:32:17 GMT",SUCCESS,,HTTP_HEADER
dc/base/NASA_NEXGDDP_CMIP6_Subnational_PDFs,NASA_NEXGDDP_CMIP6_Subnational_PDFs,https://www.nccs.nasa.gov/services/data-collections/land-based-products/nex-gddp-cmip6,2026-02-19T05:32:18+00:00,"Date: Thu, 19 Feb 2026 05:32:18 GMT",SUCCESS,,HTTP_HEADER
dc/base/NASA_NEXGDDP_CMIP6_Subnational_Prediction_Diffs,NASA_NEXGDDP_CMIP6_Subnational_Prediction_Diffs,https://www.nccs.nasa.gov/services/data-collections/land-based-products/nex-gddp-cmip6,2026-02-19T05:32:18+00:00,"Date: Thu, 19 Feb 2026 05:32:18 GMT",SUCCESS,,HTTP_HEADER
dc/base/NASA_NEXGDDP_CMIP6_Subnational_AggrStatsAcrossModels,NASA_NEXGDDP_CMIP6_Subnational_AggrStatsAcrossModels,https://www.nccs.nasa.gov/services/data-collections/land-based-products/nex-gddp-cmip6,2026-02-19T05:32:19+00:00,"Date: Thu, 19 Feb 2026 05:32:19 GMT",SUCCESS,,HTTP_HEADER
dc/base/NASA_NEXGDDP_CMIP6_IpccPlaces50_AggrOverTimeOnStatsAcrossModels,NASA_NEXGDDP_CMIP6_IpccPlaces50_AggrOverTimeOnStatsAcrossModels,https://www.nccs.nasa.gov/services/data-collections/land-based-products/nex-gddp-cmip6,2026-02-19T05:32:19+00:00,"Date: Thu, 19 Feb 2026 05:32:19 GMT",SUCCESS,,HTTP_HEADER
dc/base/NASA_SeaLevelProjections_CMIP6,NASA_SeaLevelProjections_CMIP6,https://podaac.jpl.nasa.gov/announcements/2021-08-09-Sea-level-projections-from-the-IPCC-6th-Assessment-Report,2026-02-19T01:49:33+00:00,"Thu, 19 Feb 2026 01:49:33 GMT",SUCCESS,,HTTP_HEADER
dc/base/NOAA_EPA_Observed_Historical_Weather_AggrYearsStats,NOAA_EPA_Observed_Historical_Weather_AggrYearsStats,https://www.ncei.noaa.gov/cdo-web/,2026-02-19T05:32:21+00:00,"Date: Thu, 19 Feb 2026 05:32:21 GMT",SUCCESS,,HTTP_HEADER
dc/base/NOAA_EPA_Observed_Historical_Weather,NOAA_EPA_Observed_Historical_Weather,https://www.noaa.gov/,2026-02-19T05:28:24+00:00,"Thu, 19 Feb 2026 05:28:24 GMT",SUCCESS,,HTTP_HEADER
dc/base/BEAGDPv2,BEAGDPv2,https://www.bea.gov/,2026-02-19T05:00:41+00:00,"Thu, 19 Feb 2026 05:00:41 GMT",SUCCESS,,HTTP_HEADER
dc/base/BEAGDPPriceParity,BEAGDPPriceParity,https://www.bea.gov/data,2026-02-19T05:01:29+00:00,"Thu, 19 Feb 2026 05:01:29 GMT",SUCCESS,,HTTP_HEADER
dc/base/USEconomicCensus,USEconomicCensus,https://www.census.gov/programs-surveys/economic-census.html,2026-02-19T05:32:24+00:00,"Date: Thu, 19 Feb 2026 05:32:24 GMT",SUCCESS,,HTTP_HEADER
dc/base/MexicoCensus,MexicoCensus,https://www.inegi.org.mx/temas/,,,TIMEOUT,TIMEOUT,
dc/base/BLS_LAUS,BLS_LAUS,https://www.bls.gov/lau/,2022-11-08,2022-11-08,SUCCESS,,HTML_SCRAPE
dc/base/BLS_QCEW,BLS_QCEW,https://www.bls.gov/qcew/,2026-02-19T05:32:26+00:00,"Date: Thu, 19 Feb 2026 05:32:26 GMT",SUCCESS,,HTTP_HEADER
dc/base/CDC500,CDC500,https://www.cdc.gov/places/index.html,2026-02-19T05:32:26+00:00,"Date: Thu, 19 Feb 2026 05:32:26 GMT",SUCCESS,,HTTP_HEADER
dc/base/USDecennialCensus_RedistrictingRelease,USDecennialCensus_RedistrictingRelease,https://www.census.gov/programs-surveys/decennial-census/about/rdo/summary-files.html,2026-02-19T05:32:26+00:00,"Date: Thu, 19 Feb 2026 05:32:26 GMT",SUCCESS,,HTTP_HEADER
dc/base/CDCDiabetes,CDCDiabetes,https://gis.cdc.gov/grasp/diabetes/DiabetesAtlas.html,2026-02-10T16:04:24+00:00,"Tue, 10 Feb 2026 16:04:24 GMT",SUCCESS,,HTTP_HEADER
dc/base/CDCWonder_NNDSS_InfectiousAnnual,CDCWonder_NNDSS_InfectiousAnnual,https://wonder.cdc.gov/nndss/nndss_annual_tables_menu.asp,,,ERROR,HTTP_?,
dc/base/CDCMortality,CDCMortality,https://wonder.cdc.gov/mcd.html,2026-02-19T05:32:29+00:00,"Date: Thu, 19 Feb 2026 05:32:29 GMT",SUCCESS,,HTTP_HEADER
dc/base/CDCWonderNatality,CDCWonderNatality,https://wonder.cdc.gov/natality.html,2026-02-19T05:32:29+00:00,"Date: Thu, 19 Feb 2026 05:32:29 GMT",SUCCESS,,HTTP_HEADER
dc/base/CDCPM25,CDCPM25,https://data.cdc.gov/Environmental-Health-Toxicology/Daily-PM2-5-Concentrations-All-County-2001-2016/7vdq-ztk9,,,ERROR,HTTP_?,
dc/base/DEA_DrugCodes,DEA_DrugCodes,https://www.deadiversion.usdoj.gov/21cfr/cfr/2108cfrt.htm,2025-11-12T19:44:19+00:00,"Wed, 12 Nov 2025 19:44:19 GMT",SUCCESS,,HTTP_HEADER
dc/base/DotBayesNFPreds,DotBayesNFPreds,https://datacommons.org,2026-02-19T05:32:31+00:00,"Date: Thu, 19 Feb 2026 05:32:31 GMT",SUCCESS,,HTTP_HEADER
dc/base/Company_FIGI,Company_FIGI,https://www.openfigi.com/,2026-02-19T05:32:33+00:00,"Date: Thu, 19 Feb 2026 05:32:33 GMT",SUCCESS,,HTTP_HEADER
dc/base/DeepSolar,DeepSolar,http://web.stanford.edu/group/deepsolar/home,2026-02-19T05:32:34+00:00,"Date: Thu, 19 Feb 2026 05:32:34 GMT",SUCCESS,,HTTP_HEADER
dc/base/Dartmouth_Atlas_Medicare,Dartmouth_Atlas_Medicare,https://atlasdata.dartmouth.edu,2026-02-19T05:32:34+00:00,"Date: Thu, 19 Feb 2026 05:32:34 GMT",SUCCESS,,HTTP_HEADER
dc/base/DEA_ARCOS,DEA_ARCOS,https://www.deadiversion.usdoj.gov/arcos/retail_drug_summary/,2025-11-12T19:44:19+00:00,"Wed, 12 Nov 2025 19:44:19 GMT",SUCCESS,,HTTP_HEADER
dc/base/SouthKorea_Health,SouthKorea_Health,https://kosis.kr/eng/statisticsList/statisticsListIndex.do,,,TIMEOUT,TIMEOUT,
dc/base/SouthKorea_Employment,SouthKorea_Employment,https://kosis.kr/eng/statisticsList/statisticsListIndex.do,,,TIMEOUT,TIMEOUT,
dc/base/SouthKorea_Demographics,SouthKorea_Demographics,https://kosis.kr/eng/statisticsList/statisticsListIndex.do,,,TIMEOUT,TIMEOUT,
dc/base/SouthKorea_Education,SouthKorea_Education,https://kosis.kr/eng/,,,TIMEOUT,TIMEOUT,
dc/base/EPACriteriaAirPollutants_Stations,EPACriteriaAirPollutants_Stations,https://aqs.epa.gov/aqsweb/airdata/download_files.html,2025-12-04T13:22:18+00:00,"Thu, 04 Dec 2025 13:22:18 GMT",SUCCESS,,HTTP_HEADER
dc/base/EPACriteriaAirPollutants,EPACriteriaAirPollutants,https://aqs.epa.gov/aqsweb/airdata/download_files.html,2025-12-04T13:22:18+00:00,"Thu, 04 Dec 2025 13:22:18 GMT",SUCCESS,,HTTP_HEADER
dc/base/EPA_GHGRP,EPA_GHGRP,https://www.epa.gov/ghgreporting,2026-02-19T00:08:54+00:00,"Thu, 19 Feb 2026 00:08:54 GMT",SUCCESS,,HTTP_HEADER
dc/base/EPA_AirPollutantEmission_Level1,EPA_AirPollutantEmission_Level1,https://www.epa.gov/air-emissions-inventories/national-emissions-inventory-nei,2026-02-19T05:09:59+00:00,"Thu, 19 Feb 2026 05:09:59 GMT",SUCCESS,,HTTP_HEADER
dc/base/EPA_ParentCompanies,EPA_ParentCompanies,https://www.epa.gov/ghgreporting,2026-02-19T05:12:48+00:00,"Thu, 19 Feb 2026 05:12:48 GMT",SUCCESS,,HTTP_HEADER
dc/base/EPA_GHGRPFacilities,EPA_GHGRPFacilities,https://www.epa.gov/enviro/greenhouse-gas-overview,2026-02-19T05:32:40+00:00,"Thu, 19 Feb 2026 05:32:40 GMT",SUCCESS,,HTTP_HEADER
dc/base/EPA_GHGRP_ParentCompanies_Ownership,EPA_GHGRP_ParentCompanies_Ownership,https://www.epa.gov/ghgreporting,2026-02-19T00:08:54+00:00,"Thu, 19 Feb 2026 00:08:54 GMT",SUCCESS,,HTTP_HEADER
dc/base/EPA_GHGRP_ParentCompanies,EPA_GHGRP_ParentCompanies,https://www.epa.gov/ghgreporting,2026-02-19T05:12:48+00:00,"Thu, 19 Feb 2026 05:12:48 GMT",SUCCESS,,HTTP_HEADER
dc/base/EPA_USAirPollutantEmissionTrends_NationalAndState,EPA_USAirPollutantEmissionTrends_NationalAndState,https://www.epa.gov/air-emissions-inventories/air-pollutant-emissions-trends-data,2026-02-19T05:09:59+00:00,"Thu, 19 Feb 2026 05:09:59 GMT",SUCCESS,,HTTP_HEADER
dc/base/EPA_USAirPollutantEmissionTrends_County,EPA_USAirPollutantEmissionTrends_County,https://www.epa.gov/air-emissions-inventories/air-pollutant-emissions-trends-data,2026-02-19T05:09:59+00:00,"Thu, 19 Feb 2026 05:09:59 GMT",SUCCESS,,HTTP_HEADER
dc/base/EPA_Superfund_SiteContamination,EPA_Superfund_SiteContamination,https://www.epa.gov/superfund/superfund-data-and-reports,2026-02-19T05:24:44+00:00,"Thu, 19 Feb 2026 05:24:44 GMT",SUCCESS,,HTTP_HEADER
dc/base/EPA_Superfund_Sites_TarCreek,EPA_Superfund_Sites_TarCreek,https://cumulis.epa.gov/supercpad/SiteProfiles/index.cfm?fuseaction=second.scs&id=0601269&doc=Y&colid=33990&region=06&type=SC,2026-02-19T05:32:46+00:00,"Date: Thu, 19 Feb 2026 05:32:46 GMT",SUCCESS,,HTTP_HEADER
dc/base/GenderIncomeInequality,GenderIncomeInequality,https://www.datacommons.org/,2026-02-19T05:32:47+00:00,"Date: Thu, 19 Feb 2026 05:32:47 GMT",SUCCESS,,HTTP_HEADER
dc/base/Vietnam_Census,Vietnam_Census,https://www.gso.gov.vn/en/homepage/,,,TIMEOUT,TIMEOUT,
dc/base/FeedingAmerica_FoodInsecurity,FeedingAmerica_FoodInsecurity,https://www.feedingamerica.org/hunger-in-america,2026-02-19T05:32:48+00:00,"Thu, 19 Feb 2026 05:32:48 GMT",SUCCESS,,HTTP_HEADER
dc/base/EPA_Superfund_SiteHazardScore,EPA_Superfund_SiteHazardScore,https://edg.epa.gov/metadata/catalog/search/resource/details.page?uuid=https://doi.org/10.23719/1519284,2026-02-19T05:32:48+00:00,"Date: Thu, 19 Feb 2026 05:32:48 GMT",SUCCESS,,HTTP_HEADER
dc/base/FeedingAmerica_MapMealGap,FeedingAmerica_MapMealGap,https://map.feedingamerica.org/,2026-02-19T05:32:49+00:00,"Date: Thu, 19 Feb 2026 05:32:49 GMT",SUCCESS,,HTTP_HEADER
dc/base/FEC,FEC,https://www.fec.gov/data/browse-data/?tab=bulk-data,2026-02-19T05:32:50+00:00,"Date: Thu, 19 Feb 2026 05:32:50 GMT",SUCCESS,,HTTP_HEADER
dc/base/FBIHateCrime,FBIHateCrime,https://www.fbi.gov/services/cjis/ucr/hate-crime,,,ERROR,HTTP_?,
dc/base/FireWFIGS_AggregatedAreas,FireWFIGS_AggregatedAreas,https://data-nifc.opendata.arcgis.com/,2026-02-19T05:32:51+00:00,"Date: Thu, 19 Feb 2026 05:32:51 GMT",SUCCESS,,HTTP_HEADER
dc/base/FBIHateCrimePublications,FBIHateCrimePublications,https://cde.ucr.cjis.gov/LATEST/webapp/#/pages/explorer/crime/hate-crime,,,NO_TIMESTAMP,NO_TIMESTAMP,
dc/base/FireWFIGS,FireWFIGS,https://data-nifc.opendata.arcgis.com/,2026-02-19T05:32:52+00:00,"Date: Thu, 19 Feb 2026 05:32:52 GMT",SUCCESS,,HTTP_HEADER
dc/base/FireWFIGS_Perimeter,FireWFIGS_Perimeter,https://data-nifc.opendata.arcgis.com/maps/wfigs-wildland-fire-perimeters-full-history,2026-02-19T05:32:53+00:00,"Date: Thu, 19 Feb 2026 05:32:53 GMT",SUCCESS,,HTTP_HEADER
dc/base/NYT_COVID19,NYT_COVID19,https://www.nytimes.com/article/coronavirus-county-data-us.html,2026-02-19T05:32:54+00:00,"Thu, 19 Feb 2026 05:32:54 GMT",SUCCESS,,HTTP_HEADER
dc/base/NYU_Tennessee_Diabetes,NYU_Tennessee_Diabetes,https://www.tn.gov/health/health-program-areas/statistics/health-data/death-statistics.html,2026-02-19T05:32:55+00:00,"Date: Thu, 19 Feb 2026 05:32:55 GMT",SUCCESS,,HTTP_HEADER
dc/base/PlacePageComparisonCohortSets,PlacePageComparisonCohortSets,https://datacommons.org,2026-02-19T05:32:56+00:00,"Date: Thu, 19 Feb 2026 05:32:56 GMT",SUCCESS,,HTTP_HEADER
dc/base/NREL_Solar,NREL_Solar,https://maps.nrel.gov/re-atlas,2026-02-17T23:39:06+00:00,"Tue, 17 Feb 2026 23:39:06 GMT",SUCCESS,,HTTP_HEADER
dc/base/OpportunityInsightsNeighborhoods,OpportunityInsightsNeighborhoods,http://opportunityinsights.org,2026-02-05T17:47:07+00:00,"Thu, 05 Feb 2026 17:47:07 GMT",SUCCESS,,HTTP_HEADER
dc/base/RFF_USGridGeo_WeatherVariabilityForecast,RFF_USGridGeo_WeatherVariabilityForecast,https://www.rff.org/publications/data-tools/,2026-02-19T05:33:02+00:00,"Date: Thu, 19 Feb 2026 05:33:02 GMT",SUCCESS,,HTTP_HEADER
dc/base/FireFAMWEB,FireFAMWEB,https://fam.nwcg.gov/fam-web/,,,ERROR,CONNECTION_ERROR,
dc/base/RFF_USGridGeo_WeatherVariabilityHistorical,RFF_USGridGeo_WeatherVariabilityHistorical,https://www.rff.org/publications/data-tools/,2026-02-19T05:33:04+00:00,"Date: Thu, 19 Feb 2026 05:33:04 GMT",SUCCESS,,HTTP_HEADER
dc/base/RFF_USCounty_AdditionalWeatherVariabilityHistorical,RFF_USCounty_AdditionalWeatherVariabilityHistorical,https://www.rff.org/publications/data-tools/,2026-02-19T05:33:04+00:00,"Date: Thu, 19 Feb 2026 05:33:04 GMT",SUCCESS,,HTTP_HEADER
dc/base/OpportunityInsightsOutcomes,OpportunityInsightsOutcomes,http://opportunityinsights.org/data,2026-02-05T18:37:24+00:00,"Thu, 05 Feb 2026 18:37:24 GMT",SUCCESS,,HTTP_HEADER
dc/base/RFF_USCounty_WeatherVariabilityHistorical,RFF_USCounty_WeatherVariabilityHistorical,https://www.rff.org/publications/data-tools/,2026-02-19T05:33:04+00:00,"Date: Thu, 19 Feb 2026 05:33:04 GMT",SUCCESS,,HTTP_HEADER
dc/base/RFF_ClimateWildfireSmoke_PRISMComputed,RFF_ClimateWildfireSmoke_PRISMComputed,https://www.rff.org/publications/data-tools/,2026-02-19T05:33:05+00:00,"Date: Thu, 19 Feb 2026 05:33:05 GMT",SUCCESS,,HTTP_HEADER
dc/base/RFF_ClimateWildfireSmoke_EchoLab,RFF_ClimateWildfireSmoke_EchoLab,https://www.stanfordecholab.com/wildfire_smoke,2026-02-19T05:33:05+00:00,"Date: Thu, 19 Feb 2026 05:33:05 GMT",SUCCESS,,HTTP_HEADER
dc/base/RFF_ClimateWildfireSmoke_ParksAbatzoglou,RFF_ClimateWildfireSmoke_ParksAbatzoglou,https://doi.org/10.5061/dryad.tmpg4f4x1,2026-02-19T05:33:06+00:00,"Date: Thu, 19 Feb 2026 05:33:06 GMT",SUCCESS,,HTTP_HEADER
dc/base/RFF_ClimateWildfireSmoke_MTBS,RFF_ClimateWildfireSmoke_MTBS,https://www.mtbs.gov,2026-02-19T05:33:06+00:00,"Date: Thu, 19 Feb 2026 05:33:06 GMT",SUCCESS,,HTTP_HEADER
dc/base/USA_DOL_Wages,USA_DOL_Wages,https://www.dol.gov/general/topic/wages,,,NO_TIMESTAMP,NO_TIMESTAMP,
dc/base/US_UrbanSchool_Covid_Directional_Indicators,US_UrbanSchool_Covid_Directional_Indicators,https://ocrdata.ed.gov/,2025-09-23T13:34:20+00:00,"Tue, 23 Sep 2025 13:34:20 GMT",SUCCESS,,HTTP_HEADER
dc/base/US_Texas_Diabetes,US_Texas_Diabetes,https://healthdata.dshs.texas.gov/dashboard/births-and-deaths/deaths,2026-02-19T05:33:09+00:00,"Date: Thu, 19 Feb 2026 05:33:09 GMT",SUCCESS,,HTTP_HEADER
dc/base/US_UrbanEducation_School,US_UrbanEducation_School,https://educationdata.urban.org/documentation/schools.html,2024-10-08T21:02:15+00:00,"Tue, 08 Oct 2024 21:02:15 GMT",SUCCESS,,HTTP_HEADER
dc/base/GeneratedGraphs,GeneratedGraphs,https://datacommons.org/,2026-02-19T05:33:10+00:00,"Date: Thu, 19 Feb 2026 05:33:10 GMT",SUCCESS,,HTTP_HEADER
dc/base/WeatherNOAA,WeatherNOAA,https://www.noaa.gov/weather,2026-02-19T05:16:20+00:00,"Thu, 19 Feb 2026 05:16:20 GMT",SUCCESS,,HTTP_HEADER
dc/base/UniversityData,UniversityData,https://collegescorecard.ed.gov,2026-01-16T20:50:44+00:00,"Fri, 16 Jan 2026 20:50:44 GMT",SUCCESS,,HTTP_HEADER
dc/base/CBECS_Energy,CBECS_Energy,https://www.eia.gov/consumption/commercial/data/2012/index.php?view=consumption,2026-02-12,"Feb 12, 2026",SUCCESS,,HTML_SCRAPE
dc/base/StormNOAA,StormNOAA,https://www.ncdc.noaa.gov/,2026-02-18T19:50:53+00:00,"Wed, 18 Feb 2026 19:50:53 GMT",SUCCESS,,HTML_SCRAPE
dc/base/EIA860_Utilities,EIA860_Utilities,https://www.eia.gov/electricity/data/eia860/,2026-02-12,"Feb 12, 2026",SUCCESS,,HTML_SCRAPE
dc/base/EIA860_PowerPlants,EIA860_PowerPlants,https://www.eia.gov/electricity/data/eia860/,2026-02-12,"Feb 12, 2026",SUCCESS,,HTML_SCRAPE
dc/base/EIA_860,EIA_860,https://www.eia.gov/electricity/data/eia860/,2026-02-12,"Feb 12, 2026",SUCCESS,,HTML_SCRAPE
dc/base/EIA_Coal,EIA_Coal,https://www.eia.gov/opendata/qb.php?category=717234,2026-02-12,"Feb 12, 2026",SUCCESS,,HTML_SCRAPE
dc/base/The_Sequence_Ontology,The_Sequence_Ontology,http://www.sequenceontology.org/,,,ERROR,CONNECTION_ERROR,
dc/base/India_UPIStatistics,India_UPIStatistics,https://www.npci.org.in/statistics,,,ERROR,CONNECTION_ERROR,
