id,prov_id,name,curator,source,provenance_url,provenance_description,mcf_url,template_mcf,timestamp_secs,duration_secs,stats,status,mcf_proto_url,is_part_of
dc/base/MSTEP_3-8Grades,dc/base/MSTEP_3-8Grades,MSTEP_3-8Grades,dc/cjj7vp,,https://www.mischooldata.org,,/v3_resolved_mcf/mstep/*.mcf,,1770491513,,,,,
dc/base/INPE_Fire_Event_Count,dc/base/INPE_Fire_Event_Count,INPE_Fire_Event_Count,dc/cjj7vp,dc/s/BrazilInpe-NationalInstituteForSpaceResearch,https://terrabrasilis.dpi.inpe.br/queimadas/situacao-atual/estatisticas/estatisticas_estados/,This dataset represents count of occurrence of fire event in Brazil.Data available for Country and state level.,,,1770491320,,,,/v3_resolved_mcf/country/brazil/INPE_Fire/latest/graph.tfrecord@1.gz,dc/d/BrazilInpe-NationalInstituteForSpaceResearch_BrazilInpeFireEventCount
dc/base/Brazil_SIDRA_IBGE,dc/base/Brazil_SIDRA_IBGE,Brazil_SIDRA_IBGE,dc/cjj7vp,dc/s/BrazilianInstituteOfGeographyAndStatisticsIbge,https://sidra.ibge.gov.br/home/pnadct,Population Census on Economy Statistics for Brazil at country and state level.,,,1770491286,,,,"/v3_resolved_mcf/country/brazil/Brazil_SDG/sidra_ibge/graph.tfrecord@1.gz,/v3_resolved_mcf/country/brazil/Brazil_SDG/sidra_ibge/latest/graph.tfrecord@1.gz",dc/d/BrazilianInstituteOfGeographyAndStatisticsIbge_BrazilBankOfStatisticalTables
dc/base/CaliforniaSchoolPerformance,dc/base/CaliforniaSchoolPerformance,CaliforniaSchoolPerformance,dc/cjj7vp,dc/s/CaliforniaAssessmentOfStudentPerformanceAndProgress,https://caaspp-elpac.ets.org/elpac/,"California schools performance data across different grade and sub-groups(Like race, disability etc).",,,1770491480,,,,/v3_resolved_mcf/us_nces/performance/california_school/graph.tfrecord@8.gz,dc/d/CaliforniaAssessmentOfStudentPerformanceAndProgress_CaliforniaSchoolPerformance
dc/base/crdc_instructional_wifi_devices,dc/base/crdc_instructional_wifi_devices,crdc_instructional_wifi_devices,dc/cjj7vp,dc/s/Crdc_instructional_wifi_devices,https://civilrightsdata.ed.gov/data,"The Civil Rights Data Collection (CRDC) has released data concerning the total number of devices (computers, laptops, tablets, etc.) that can connect via Wi-Fi and are used by students for instructional purposes",,,1770491412,,,,/v3_resolved_mcf/country/us_education/crdc/instructional_wifi_devices/latest/output/graph.tfrecord@1.gz,dc/d/Crdc_instructional_wifi_devices_CrdcInstructionalWifiDevices
dc/base/DynamicWorld_FloodEvents_Places_AutoRefresh,dc/base/DynamicWorld_FloodEvents_Places_AutoRefresh,DynamicWorld_FloodEvents_Places_AutoRefresh,dc/cjj7vp,dc/s/DynamicWorldProject,https://developers.google.com/earth-engine/datasets/catalog/GOOGLE_DYNAMICWORLD_V1,Statistics for places with flood events inferred from areas marked with high probability of water outside the permanent water bodies.,,,1770491291,,,,/v3_resolved_mcf/floods/events/place_svobs/graph.tfrecord@10.gz,dc/d/DynamicWorldProject_InferredFloodsFromDynamicWorld
dc/base/EuroStatHealth_BodyMassIndex,dc/base/EuroStatHealth_BodyMassIndex,EuroStatHealth_BodyMassIndex,dc/cjj7vp,dc/s/EuropeanUnionEuEurostat,https://ec.europa.eu/eurostat/web/main/data/database,,,,1770491294,,,,/v3_resolved_mcf/eurostat/health_determinants/bmi/latest/graph.tfrecord@1.gz,dc/d/EuropeanUnionEuEurostat_EurostatHealth
dc/base/EuroStatHealth_SocialEnvironment,dc/base/EuroStatHealth_SocialEnvironment,EuroStatHealth_SocialEnvironment,dc/cjj7vp,dc/s/EuropeanUnionEuEurostat,https://ec.europa.eu/eurostat/web/main/data/database,Statistics gathered from the European Health Interview Survey (EHIS) related to the social environment.,,,1770491299,,,,/v3_resolved_mcf/eurostat/health_determinants/social_environment/latest/graph.tfrecord@1.gz,dc/d/EuropeanUnionEuEurostat_EurostatHealth
dc/base/EurostatHealth_Tobacco_Consumption,dc/base/EurostatHealth_Tobacco_Consumption,EurostatHealth_Tobacco_Consumption,dc/cjj7vp,dc/s/EuropeanUnionEuEurostat,https://ec.europa.eu/eurostat/web/main/data/database,,,,1770491315,,,,/v3_resolved_mcf/eurostat/health_determinants/tobacco_consumption/latest/graph.tfrecord@1.gz,dc/d/EuropeanUnionEuEurostat_EurostatHealth
dc/base/EuroStatHealth_PhysicalActivity,dc/base/EuroStatHealth_PhysicalActivity,EuroStatHealth_PhysicalActivity,dc/cjj7vp,dc/s/EuropeanUnionEuEurostat,https://ec.europa.eu/eurostat/web/health/database,,,,1770491298,,,,/v3_resolved_mcf/eurostat/health_determinants/physical_activity/latest/graph.tfrecord@1.gz,dc/d/EuropeanUnionEuEurostat_EurostatHealth
dc/base/EuroStatHealth_FruitsAndVegetables,dc/base/EuroStatHealth_FruitsAndVegetables,EuroStatHealth_FruitsAndVegetables,dc/cjj7vp,dc/s/EuropeanUnionEuEurostat,https://ec.europa.eu/eurostat/web/main/data/database,Statistics gathered from the European Health Interview Survey (EHIS) related to the fruits and vegetables.,,,1770491296,,,,/v3_resolved_mcf/eurostat/health_determinants/fruits_vegetables/latest/graph.tfrecord@1.gz,dc/d/EuropeanUnionEuEurostat_EurostatHealth
dc/base/EurostatData_Employment_Per_Sector,dc/base/EurostatData_Employment_Per_Sector,EurostatData_Employment_Per_Sector,dc/cjj7vp,dc/s/EuropeanUnionEuEurostat,https://ec.europa.eu/eurostat/databrowser/view/nama_10r_3empers/default/table?lang=en,,,,1770491306,,,,/v3_resolved_mcf/eurostat/employment_per_sector/latest/graph.tfrecord@1.gz,dc/d/EuropeanUnionEuEurostat_RegionalStatisticsByNutsClassification
dc/base/EurostatData_PopulationDensity,dc/base/EurostatData_PopulationDensity,EurostatData_PopulationDensity,dc/cjj7vp,dc/s/EuropeanUnionEuEurostat,https://ec.europa.eu/eurostat/databrowser/view/demo_r_d3dens/default/table?lang=en,,,,1770491313,,,,/v3_resolved_mcf/eurostat/population_density/latest/graph.tfrecord@1.gz,dc/d/EuropeanUnionEuEurostat_RegionalStatisticsByNutsClassification
dc/base/EurostatData_Education_Attainment,dc/base/EurostatData_Education_Attainment,EurostatData_Education_Attainment,dc/cjj7vp,dc/s/EuropeanUnionEuEurostat,https://ec.europa.eu/eurostat/databrowser/view/edat_lfse_04/default/table?lang=en,,,,1770491303,,,,/v3_resolved_mcf/eurostat/education_attainment/latest/graph.tfrecord@1.gz,dc/d/EuropeanUnionEuEurostat_RegionalStatisticsByNutsClassification
dc/base/EurostatData_Education_Enrollment,dc/base/EurostatData_Education_Enrollment,EurostatData_Education_Enrollment,dc/cjj7vp,dc/s/EuropeanUnionEuEurostat,https://ec.europa.eu/eurostat/databrowser/view/trng_lfse_04/default/table?lang=en,,,,1770491304,,,,/v3_resolved_mcf/eurostat/education_enrollment/latest/graph.tfrecord@1.gz,dc/d/EuropeanUnionEuEurostat_RegionalStatisticsByNutsClassification
dc/base/EurostatData_Demographic_Balance_Crude_Rates,dc/base/EurostatData_Demographic_Balance_Crude_Rates,EurostatData_Demographic_Balance_Crude_Rates,dc/cjj7vp,dc/s/EuropeanUnionEuEurostat,https://ec.europa.eu/eurostat/databrowser/view/demo_r_gind3/default/table?lang=en,,,,1770491301,,,,/v3_resolved_mcf/eurostat/demographic_balance_crude_rates/latest/graph.tfrecord@1.gz,dc/d/EuropeanUnionEuEurostat_RegionalStatisticsByNutsClassification
dc/base/EurostatData_Fertility,dc/base/EurostatData_Fertility,EurostatData_Fertility,dc/cjj7vp,dc/s/EuropeanUnionEuEurostat,https://ec.europa.eu/eurostat/databrowser/view/demo_r_find3/default/table?lang=en,,,,1770491308,,,,/v3_resolved_mcf/eurostat/fertility/latest/graph.tfrecord@1.gz,dc/d/EuropeanUnionEuEurostat_RegionalStatisticsByNutsClassification
dc/base/EurostatData_LifeExpectancy,dc/base/EurostatData_LifeExpectancy,EurostatData_LifeExpectancy,dc/cjj7vp,dc/s/EuropeanUnionEuEurostat,https://ec.europa.eu/eurostat/databrowser/view/demo_r_mlifexp/default/table?lang=en,,,,1770491311,,,,/v3_resolved_mcf/eurostat/life_expectancy/latest/graph.tfrecord@1.gz,dc/d/EuropeanUnionEuEurostat_RegionalStatisticsByNutsClassification
dc/base/EurostatData_GDP,dc/base/EurostatData_GDP,EurostatData_GDP,dc/cjj7vp,dc/s/EuropeanUnionEuEurostat,https://ec.europa.eu/eurostat/databrowser/view/nama_10r_3gdp/default/table?lang=en,,,,1770491309,,,,/v3_resolved_mcf/eurostat/gdp/latest/graph.tfrecord@1.gz,dc/d/EuropeanUnionEuEurostat_RegionalStatisticsByNutsClassification
dc/base/USFEMA_FloodInsuranceClaims,dc/base/USFEMA_FloodInsuranceClaims,USFEMA_FloodInsuranceClaims,dc/cjj7vp,dc/s/FederalEmergencyManagementAgency,https://www.fema.gov/openfema-data-page/fima-nfip-redacted-claims-v2,,,,1770491553,,,,/v3_resolved_mcf/us_fema/floods/nfip_insurance_claims/latest/graph.tfrecord@2.gz,dc/d/FederalEmergencyManagementAgency_NationalFloodInsuranceProgramNfip
dc/base/USFEMA_NationalRiskIndex,dc/base/USFEMA_NationalRiskIndex,USFEMA_NationalRiskIndex,dc/cjj7vp,dc/s/FederalEmergencyManagementAgency,https://hazards.fema.gov/nri/,,,,1770491555,,,,/v3_resolved_mcf/us_fema/national_risk_index/latest/graph.tfrecord@2.gz,dc/d/FederalEmergencyManagementAgency_NationalRiskIndex
dc/base/Google_COVID19Mobility,dc/base/Google_COVID19Mobility,Google_COVID19Mobility,dc/cjj7vp,dc/s/Google,https://www.google.com/covid19/mobility/,,,,1770491510,,,,/v3_resolved_mcf/google_covid/mobility/latest/graph.tfrecord@1.gz,dc/d/Google_Covid-19CommunityMobilityReports
dc/base/Google_SustainabilityFinancialIncentives,dc/base/Google_SustainabilityFinancialIncentives,Google_SustainabilityFinancialIncentives,dc/cjj7vp,dc/s/Google,https://www.google.com,A set of energy and transportation related financial incentives offered by government and utility organizations.,/v3_resolved_mcf/google_sustainability_financial_incentives/latest/nodes.mcf@1,,1770491320,,,,,dc/d/Google_SustainabilityEnergyAndTransportFinancialIncentives
dc/base/Mongolia_Employment,dc/base/Mongolia_Employment,Mongolia_Employment,dc/cjj7vp,dc/s/MongolianStatisticalService,https://www.1212.mn/en/statcate,Mongolian data related to labour and business statistics.,,,1770491334,,,,/v3_resolved_mcf/country/mongolia/mongolia_employment/latest/graph.tfrecord@1.gz,dc/d/MongolianStatisticalService_MongoliaStatistics
dc/base/Mongolia_Demographics,dc/base/Mongolia_Demographics,Mongolia_Demographics,dc/cjj7vp,dc/s/MongolianStatisticalService,https://www.1212.mn/en/statcate,Dataset related to the Mongolia's population and households at country level.,,,1770491327,,,,/v3_resolved_mcf/country/mongolia/mongolia_demographics/latest/graph.tfrecord@1.gz,dc/d/MongolianStatisticalService_MongoliaStatistics
dc/base/Mongolia_Health,dc/base/Mongolia_Health,Mongolia_Health,dc/cjj7vp,dc/s/MongolianStatisticalService,https://www.1212.mn/en/statcate,Statistical data related to births and deaths in Mongolia.,,,1770491336,,,,/v3_resolved_mcf/country/mongolia/mongolia_health/latest/graph.tfrecord@1.gz,dc/d/MongolianStatisticalService_MongoliaStatistics
dc/base/Mongolia_Education,dc/base/Mongolia_Education,Mongolia_Education,dc/cjj7vp,dc/s/MongolianStatisticalService,https://www.1212.mn/en/statcate,Dataset related to the Mongolia's Education at country level.,,,1770491329,,,,/v3_resolved_mcf/country/mongolia/mongolia_education/latest/graph.tfrecord@1.gz,dc/d/MongolianStatisticalService_MongoliaStatistics
dc/base/NewYork_Education,dc/base/NewYork_Education,NewYork_Education,dc/cjj7vp,dc/s/NewYorkCityDepartmentOfEducationUrbanData,https://data.cityofnewyork.us/browse?category=Education,"Official public data from the NYC Department of Education, including student performance (test scores, graduation rates), school quality metrics, and student demographics across all five boroughs",,,1770491350,,,,/v3_resolved_mcf/us_edu/urban_new_york_education/latest/output/graph.tfrecord@1.gz,dc/d/NewYorkCityDepartmentOfEducationUrbanData_NewyorkEducation
dc/base/NewYorkUniversity_Diabetes,dc/base/NewYorkUniversity_Diabetes,NewYorkUniversity_Diabetes,dc/cjj7vp,dc/s/NewYorkUniversity,https://www.health.ny.gov/statistics/prevention/injury_prevention/information_for_action/,New York's county-level data on diagnosed diabetes in adults.,,,1770491345,,,,/v3_resolved_mcf/nyu_diabetes/adult_diabetes/output_files/graph.tfrecord@1.gz,dc/d/NewYorkUniversity_NewYorkUniversityDiabetes
dc/base/US_SAT_ACT_Participation,dc/base/US_SAT_ACT_Participation,US_SAT_ACT_Participation,dc/cjj7vp,dc/s/OfficeOfCivilRightsData,https://ocrdata.ed.gov/,"This dataset contains participation in Scholastic Assessment Test or American College Testing for each school by students' race and sex,  Limited English Proficiency status and sex, and disability status and sex.",,,1770491566,,,,/v3_resolved_mcf/country/us_education/us_urbaneducation_school/school_sat_and_act_participation/sat_act_school/latest/graph.tfrecord@2.gz,dc/d/OfficeOfCivilRightsData_UsDepartmentOfEducationUrbanEducationDataCensus
dc/base/US_UrbanSchool_Enrollment,dc/base/US_UrbanSchool_Enrollment,US_UrbanSchool_Enrollment,dc/cjj7vp,dc/s/OfficeOfCivilRightsData,https://ocrdata.ed.gov/,"Dataset contains student enrollment for each school by students race and sex, Limited English Proficiency status and sex, and disability status and sex.",/v3_resolved_mcf/country/us_education/us_urbaneducation_school/school_enrollment/latest/nodes.mcf@8,,1770491571,,,,,dc/d/OfficeOfCivilRightsData_UsDepartmentOfEducationUrbanEducationDataCensus
dc/base/US_Urban_MathsAndScience_Course_Enrollment,dc/base/US_Urban_MathsAndScience_Course_Enrollment,US_Urban_MathsAndScience_Course_Enrollment,dc/cjj7vp,dc/s/OfficeOfCivilRightsData,https://civilrightsdata.ed.gov/data,"This import contains data on enrollment in Biology, Chemistry, Advanced Math, Calculus, Algebra II, Physics, and Geometry courses.",/v3_resolved_mcf/country/us_education/us_urbaneducation_school/maths_and_science_course_enrollment/latest/nodes.mcf@9,,1770491573,,,,,dc/d/OfficeOfCivilRightsData_UsDepartmentOfEducationUrbanEducationDataCensus
dc/base/US_Urban_Schools_Teachers_And_Staff,dc/base/US_Urban_Schools_Teachers_And_Staff,US_Urban_Schools_Teachers_And_Staff,dc/cjj7vp,dc/s/OfficeOfCivilRightsData,https://ocrdata.ed.gov/,This import contains data on the number of FTE teachers and staff at each school in the US.,/v3_resolved_mcf/country/us_education/us_urbaneducation_school/teachers_and_staff/latest/nodes.mcf@3,,1770491575,,,,,dc/d/OfficeOfCivilRightsData_UsDepartmentOfEducationUrbanEducationDataCensus
dc/base/US_SAT_ACT_Participation_state,dc/base/US_SAT_ACT_Participation_state,US_SAT_ACT_Participation_state,dc/cjj7vp,dc/s/OfficeOfCivilRightsData,https://ocrdata.ed.gov/,"This dataset contains participation in Scholastic Assessment Test or American College Testing for each school by students' race and sex,  Limited English Proficiency status and sex, and disability status and sex at state level.",,,1770491568,,,,/v3_resolved_mcf/country/us_education/us_urbaneducation_school/school_sat_and_act_participation/sat_act_state/latest/graph.tfrecord@1.gz,dc/d/OfficeOfCivilRightsData_UsDepartmentOfEducationUrbanEducationDataCensus
dc/base/US_UrbanSchool_Finances,dc/base/US_UrbanSchool_Finances,US_UrbanSchool_Finances,dc/cjj7vp,dc/s/OfficeOfCivilRightsData,https://ocrdata.ed.gov/data,"School Finance dataset contains financial and identifying information for educational institutions, including details on salaries and expenditures for teachers.",,,1770491379,,,,/v3_resolved_mcf/country/us_education/us_urbaneducation_school/school_finance/latest/graph.tfrecord@1.gz,dc/d/OfficeOfCivilRightsData_UsSchoolFinance
dc/base/US_UrbanSchool_Retention,dc/base/US_UrbanSchool_Retention,US_UrbanSchool_Retention,dc/cjj7vp,dc/s/OfficeOfCivilRightsData,https://ocrdata.ed.gov/data,"This data provides an overview of student retention rates, categorized by gender, race/ethnicity, disability status, and language fluency, specifically for School Grades 1 to 12",,,1770491385,,,,/v3_resolved_mcf/country/us_education/us_urbaneducation_school/school_retention/latest/graph.tfrecord@5.gz,dc/d/OfficeOfCivilRightsData_UsSchoolRetention
dc/base/OECDRegionalDemography_LifeExpectancy,dc/base/OECDRegionalDemography_LifeExpectancy,OECDRegionalDemography_LifeExpectancy,dc/cjj7vp,dc/s/OrganisationForEconomicCo-operationAndDevelopmentOecd,https://data-explorer.oecd.org/vis?df[ds]=DisseminateFinalDMZ&df[id]=DSD_REG_DEMO%40DF_LIFE_EXP&df[ag]=OECD.CFE.EDS&df[vs]=2.0&dq=A.......&pd=%2C&to[TIME_PERIOD]=false&vw=tb,Life Expectancy statistics by gender measured by OECD.,,,1770491359,,,,"/v3_resolved_mcf/oecd/regional_demography/life_expectancy/latest/graph.tfrecord@1.gz,/v3_resolved_mcf/oecd/regional_demography/life_expectancy/retained/graph.tfrecord@1.gz",dc/d/OrganisationForEconomicCo-operationAndDevelopmentOecd_OecdRegionalDemographyStatisticsLifeExpectancy
dc/base/OECDRegionalDemography_Mortality,dc/base/OECDRegionalDemography_Mortality,OECDRegionalDemography_Mortality,dc/cjj7vp,dc/s/OrganisationForEconomicCo-operationAndDevelopmentOecd,https://stats.oecd.org/Index.aspx?DataSetCode=REGION_DEMOGR#,Mortality statistics measured by age and gender by OECD.,,,1770491361,,,,"/v3_resolved_mcf/oecd/regional_demography/mortality/cleaned/graph.tfrecord@1.gz,/v3_resolved_mcf/oecd/regional_demography/mortality/retained/graph.tfrecord@1.gz",dc/d/OrganisationForEconomicCo-operationAndDevelopmentOecd_OecdRegionalDemographyStatisticsMortality
dc/base/OECDRegionalDemography_Population,dc/base/OECDRegionalDemography_Population,OECDRegionalDemography_Population,dc/cjj7vp,dc/s/OrganisationForEconomicCo-operationAndDevelopmentOecd,https://data-explorer.oecd.org/vis?fs[0]=Topic%2C0%7CRegional%252C%20rural%20and%20urban%20development%23GEO%23&pg=40&fc=Topic&bp=true&snb=117&df[ds]=dsDisseminateFinalDMZ&df[id]=DSD_REG_DEMO%40DF_POP_5Y&df[ag]=OECD.CFE.EDS&df[vs]=2.0&dq=A.......&to[TIME_PERIOD]=false&vw=tb&pd=%2C,Population statistics by age and sex measured by OECD.,,,1770491361,,,,"/v3_resolved_mcf/oecd/regional_demography/population/latest/graph.tfrecord@1.gz,/v3_resolved_mcf/oecd/regional_demography/population/retained/graph.tfrecord@1.gz",dc/d/OrganisationForEconomicCo-operationAndDevelopmentOecd_OecdRegionalDemographyStatisticsPopulation
dc/base/OECDRegionalDemography_PopulationDensity,dc/base/OECDRegionalDemography_PopulationDensity,OECDRegionalDemography_PopulationDensity,dc/cjj7vp,dc/s/OrganisationForEconomicCo-operationAndDevelopmentOecd,https://data-explorer.oecd.org/vis?pg=0&snb=1&tm=pop%20density&df[ds]=dsDisseminateFinalDMZ&df[id]=DSD_REG_DEMO%40DF_DENSITY&df[ag]=OECD.CFE.EDS&df[vs]=2.0&dq=A.......&pd=%2C&to[TIME_PERIOD]=false&vw=tb,Population density statistics measured by OECD.,,,1770491363,,,,"/v3_resolved_mcf/oecd/regional_demography/pop_density/latest/graph.tfrecord@1.gz,/v3_resolved_mcf/oecd/regional_demography/pop_density/retained/graph.tfrecord@1.gz",dc/d/OrganisationForEconomicCo-operationAndDevelopmentOecd_OecdRegionalDemographyStatisticsPopulationDensity
dc/base/OECDRegionalEducation,dc/base/OECDRegionalEducation,OECDRegionalEducation,dc/cjj7vp,dc/s/OrganisationForEconomicCo-operationAndDevelopmentOecd,https://stats.oecd.org/Index.aspx?DataSetCode=REGION_EDUCAT,"OECD 2024, OECD Regional Education Statistics, url:https://stats.oecd.org/Index.aspx?DataSetCode=REGION_EDUCATaccessed on 01/17/2024.",,,1770491365,,,,/v3_resolved_mcf/oecd/oecd_education/latest/graph.tfrecord@1.gz,dc/d/OrganisationForEconomicCo-operationAndDevelopmentOecd_OecdRegionalEducationStatistics
dc/base/India_RBI_State_Statistics,dc/base/India_RBI_State_Statistics,India_RBI_State_Statistics,dc/cjj7vp,dc/s/ReserveBankOfIndia,https://rbi.org.in/,Handbook of statistics on Indian states from Reserve Bank of India.,,,1770491281,,,,/v3_resolved_mcf/india_rbi/state_statistics/latest/agriculture/graph.tfrecord@1.gz,dc/d/ReserveBankOfIndia_DatabaseOnIndianEconomy
dc/base/India_RBIStateDomesticProduct,dc/base/India_RBIStateDomesticProduct,India_RBIStateDomesticProduct,dc/cjj7vp,dc/s/ReserveBankOfIndia,https://rbi.org.in/,The total value of goods and services produced during any financial year within the geographical boundaries of a state,,,1770491279,,,,/v3_resolved_mcf/india_rbi/State_domestic_product/latest/graph.tfrecord@1.gz,dc/d/ReserveBankOfIndia_DatabaseOnIndianEconomy
dc/base/Zurich_Population_By_Origin,dc/base/Zurich_Population_By_Origin,Zurich_Population_By_Origin,dc/cjj7vp,dc/s/StadtZurichOpenData,https://www.stadt-zuerich.ch/content/dam/web/de/politik-verwaltung/statistik-und-daten/linked-open-data/datacommons/bev_3903_hel_wiki.csv,Population by origin of Zurich city contains structure and organization of the city administration,,,1770491402,,,,/v3_resolved_mcf/zurich/latest/zurich_Population_By_Origin/graph.tfrecord@1.gz,dc/d/StadtZurichOpenData_ZurichPopulation
dc/base/Zurich_Population,dc/base/Zurich_Population,Zurich_Population,dc/cjj7vp,dc/s/StadtZurichOpenData,https://www.stadt-zuerich.ch/content/dam/web/de/politik-verwaltung/statistik-und-daten/linked-open-data/datacommons/bev_3240_wiki.csv,Population of Zurich city contains structure and organization of the city administration,,,1770491399,,,,/v3_resolved_mcf/zurich/latest/zurich_population/graph.tfrecord@1.gz,dc/d/StadtZurichOpenData_ZurichPopulation
dc/base/Zurich_Population_Number_Of_Company_Workplace_Employees,dc/base/Zurich_Population_Number_Of_Company_Workplace_Employees,Zurich_Population_Number_Of_Company_Workplace_Employees,dc/cjj7vp,dc/s/StadtZurichOpenData,https://www.stadt-zuerich.ch/content/dam/web/de/politik-verwaltung/statistik-und-daten/linked-open-data/datacommons/wir_2552_wiki.csv,"Number of companys, workplaces and employees of Zurich city contains structure and organization of the city administration",,,1770491411,,,,/v3_resolved_mcf/zurich/latest/zurich_number_of_company_workplace_employees/graph.tfrecord@1.gz,dc/d/StadtZurichOpenData_ZurichPopulation
dc/base/Zurich_Population_Number_Of_Birth_By_Origin,dc/base/Zurich_Population_Number_Of_Birth_By_Origin,Zurich_Population_Number_Of_Birth_By_Origin,dc/cjj7vp,dc/s/StadtZurichOpenData,https://www.stadt-zuerich.ch/content/dam/web/de/politik-verwaltung/statistik-und-daten/linked-open-data/datacommons/bev_4031_hel_wiki.csv,Population of births by origin in Zurich city contains structure and organization of the city administration,,,1770491407,,,,/v3_resolved_mcf/zurich/latest/zurich_by_origin/graph.tfrecord@1.gz,dc/d/StadtZurichOpenData_ZurichPopulation
dc/base/Zurich_Population_By_Sex,dc/base/Zurich_Population_By_Sex,Zurich_Population_By_Sex,dc/cjj7vp,dc/s/StadtZurichOpenData,https://www.stadt-zuerich.ch/content/dam/web/de/politik-verwaltung/statistik-und-daten/linked-open-data/datacommons/bev_3903_sex_wiki.csv,Population by sex of Zurich city contains structure and organization of the city administration,,,1770491404,,,,/v3_resolved_mcf/zurich/latest/zurich_by_sex/graph.tfrecord@1.gz,dc/d/StadtZurichOpenData_ZurichPopulation
dc/base/Zurich_Population_By_Age,dc/base/Zurich_Population_By_Age,Zurich_Population_By_Age,dc/cjj7vp,dc/s/StadtZurichOpenData,https://www.stadt-zuerich.ch/content/dam/web/de/politik-verwaltung/statistik-und-daten/linked-open-data/datacommons/bev_3903_age10_wiki.csv,Population by 10 years age categories of Zurich city contains structure and organization of the city administration,,,1770491401,,,,/v3_resolved_mcf/zurich/latest/zurich_by_age/graph.tfrecord@1.gz,dc/d/StadtZurichOpenData_ZurichPopulation
dc/base/Zurich_Population_Number_Of_Birth,dc/base/Zurich_Population_Number_Of_Birth,Zurich_Population_Number_Of_Birth,dc/cjj7vp,dc/s/StadtZurichOpenData,https://www.stadt-zuerich.ch/content/dam/web/de/politik-verwaltung/statistik-und-daten/linked-open-data/datacommons/bev_4031_wiki.csv,Population of births in Zurich city contains structure and organization of the city administration,,,1770491406,,,,/v3_resolved_mcf/zurich/latest/zurich_number_of_birth/graph.tfrecord@1.gz,dc/d/StadtZurichOpenData_ZurichPopulation
dc/base/Zurich_Population_Number_Of_Birth_By_Sex,dc/base/Zurich_Population_Number_Of_Birth_By_Sex,Zurich_Population_Number_Of_Birth_By_Sex,dc/cjj7vp,dc/s/StadtZurichOpenData,https://www.stadt-zuerich.ch/content/dam/web/de/politik-verwaltung/statistik-und-daten/linked-open-data/datacommons/bev_4031_sex_wiki.csv,Population birth by sex in Zurich city contains structure and organization of the city administration,,,1770491409,,,,/v3_resolved_mcf/zurich/latest/zurich_number_of_birth_by_sex/graph.tfrecord@1.gz,dc/d/StadtZurichOpenData_ZurichPopulation
dc/base/Finland_Census,dc/base/Finland_Census,Finland_Census,dc/cjj7vp,dc/s/StatisticsFinland,https://pxdata.stat.fi/PxWeb/pxweb/en/StatFin/StatFin__vaerak/statfin_vaerak_pxt_11ra.px/table/tableViewLayout1/,Population data for Finland,,,1770491319,,,,/v3_resolved_mcf/country/finland/graph.tfrecord@1.gz,dc/d/StatisticsFinland_FinlandCensus
dc/base/New_Zealand_Census,dc/base/New_Zealand_Census,New_Zealand_Census,dc/cjj7vp,dc/s/StatisticsOfNewZealand,https://www.stats.govt.nz/,"Population census and health statistics for New Zealand at country, district and city level.",,,1770491356,,,,/v3_resolved_mcf/country/newzealand/latest/graph.tfrecord@1.gz,dc/d/StatisticsOfNewZealand_NewZealandCensus
dc/base/UNEnergy,dc/base/UNEnergy,UNEnergy,dc/cjj7vp,dc/s/UnitedNationsUn,https://unstats.un.org/unsd/energystats/data/,,,,1770491376,,,,"/v3_resolved_mcf/un/energy/historical_data/graph.tfrecord@1.gz,/v3_resolved_mcf/un/energy/latest/graph.tfrecord@1.gz",dc/d/UnitedNationsUn_EnergyStatistics
dc/base/UNData,dc/base/UNData,UNData,dc/cjj7vp,dc/s/UnitedNationsUn,https://data.un.org/Data.aspx?q=city+population&d=POP&f=tableCode%3a240,"Population data for countries, capital cities, urban and rural areas not covered by other sources. Outliers were removed from the output.
",,,1770491374,,,,/v3_resolved_mcf/UNData/latest/graph.tfrecord@1.gz,dc/d/UnitedNationsUn_Undata
dc/base/USBTS_Tract_Household_Transportation,dc/base/USBTS_Tract_Household_Transportation,USBTS_Tract_Household_Transportation,dc/cjj7vp,dc/s/UnitedStatesBureauOfTransportationStatistics,https://www.bts.dot.gov/latch/latch-data,The import brings the data for tract transport characteristics for household in US.,,,1770491430,,,,/v3_resolved_mcf/us_bts/latch/latest/gcs_output/output_files/graph.tfrecord@2.gz,dc/d/UnitedStatesBureauOfTransportationStatistics_UsTractTransportationCharacteristicsForHouseholds
dc/base/CensusSAIPE,dc/base/CensusSAIPE,CensusSAIPE,dc/cjj7vp,dc/s/UnitedStatesCensusBureau,https://www.census.gov/programs-surveys/saipe.html,"The Small Area Income and Poverty Estimates (SAIPE) program provides estimates of income and poverty statistics for states, counties, and school districts.",,,1770491427,,,,/v3_resolved_mcf/census_v2/saipe/latest/output_files/graph.tfrecord@1.gz,dc/d/UnitedStatesCensusBureau_SmallAreaIncomeAndPovertyEstimatesSaipe
dc/base/EPAAirQualityIndex,dc/base/EPAAirQualityIndex,EPAAirQualityIndex,dc/cjj7vp,dc/s/UnitedStatesEnvironmentalProtectionAgencyEpa,https://aqs.epa.gov/aqsweb/airdata/download_files.html,,,,1770491495,,,,/v3_resolved_mcf/epa/airdata/aqi/latest/graph.tfrecord@2.gz,dc/d/UnitedStatesEnvironmentalProtectionAgencyEpa_AirData
dc/base/EPA_EJSCREEN,dc/base/EPA_EJSCREEN,EPA_EJSCREEN,dc/cjj7vp,dc/s/UnitedStatesEnvironmentalProtectionAgencyEpa,https://gaftp.epa.gov/EJSCREEN/,,,,1770491499,,,,/v3_resolved_mcf/epa/ejscreen/latest/graph.tfrecord@2.gz,dc/d/UnitedStatesEnvironmentalProtectionAgencyEpa_Ejscreen
dc/base/EarthquakeUSGS,dc/base/EarthquakeUSGS,EarthquakeUSGS,dc/cjj7vp,dc/s/UnitedStatesGeologicalServiceUsgs,https://earthquake.usgs.gov/,,/v3_resolved_mcf/earthquake/usgs_comcat_1900_01_01_2022_10_06.mcf,,1770491504,,,,,dc/d/UnitedStatesGeologicalServiceUsgs_AdvancedNationalSeismicSystemComprehensiveEarthquakeCatalogComcat
dc/base/USGSWaterUse,dc/base/USGSWaterUse,USGSWaterUse,dc/cjj7vp,dc/s/UnitedStatesGeologicalServiceUsgs,https://waterdata.usgs.gov/nwis/wu,,/v3_resolved_mcf/usgs/water_use/nodes.mcf@1,,1770491559,,,,,dc/d/UnitedStatesGeologicalServiceUsgs_NationalWaterUseData
dc/base/BEA_USStatesQuarterlyGDP,dc/base/BEA_USStatesQuarterlyGDP,BEA_USStatesQuarterlyGDP,dc/cjj7vp,dc/s/UsBureauOfEconomicAnalysisBea,https://www.bea.gov/data/gdp/gdp-state,Quarterly data on inflation-adjusted GDP at a state level in the United States from the US Bureau of Economic Analysis.,,,1770491448,,,,"/v3_resolved_mcf/us_bea/states_gdp/20250509/graph.tfrecord@1.gz,/v3_resolved_mcf/us_bea/states_industries_gdp/20250509/graph.tfrecord@1.gz",dc/d/UsBureauOfEconomicAnalysisBea_GrossDomesticProduct
dc/base/USNationalPrisonerStatistics,dc/base/USNationalPrisonerStatistics,USNationalPrisonerStatistics,dc/cjj7vp,dc/s/UsBureauOfJusticeStatisticsBjs,https://www.bjs.gov/index.cfm?ty=dcdetail&iid=269,,,,1770491559,,,,/v3_resolved_mcf/us_bjs/nps/latest/graph.tfrecord@1.gz,dc/d/UsBureauOfJusticeStatisticsBjs_NationalPrisonerStatisticsNpsProgram
dc/base/US_CPI,dc/base/US_CPI,US_CPI,dc/cjj7vp,dc/s/UsBureauOfLaborStatisticsBls,https://www.bls.gov/cpi/,USA Consumer Price Index by Consumer Goods Category from Bureau Of Labour Statistics by Country level.,,,1770491562,,,,/v3_resolved_mcf/us_bls/cpi/latest/graph.tfrecord@1.gz,dc/d/UsBureauOfLaborStatisticsBls_ConsumerPriceIndex
dc/base/BLS_CPI,dc/base/BLS_CPI,BLS_CPI,dc/cjj7vp,dc/s/UsBureauOfLaborStatisticsBls,https://www.bls.gov/cpi/,U.S. Bureau of Labor Statistics Consumer Price Index.Historic data from 1913 to 1946 is retained from earlier source versions,,,1770491453,,,,"/v3_resolved_mcf/bls/cpi/latest/C_CPI_U/graph.tfrecord@1.gz,/v3_resolved_mcf/bls/cpi/latest/CPI_U/graph.tfrecord@1.gz,/v3_resolved_mcf/bls/cpi/latest/CPI_W/graph.tfrecord@1.gz,/v3_resolved_mcf/bls/cpi/HistoricalData/graph.tfrecord@1.gz",dc/d/UsBureauOfLaborStatisticsBls_ConsumerPriceIndex
dc/base/BLS_CPI_Category,dc/base/BLS_CPI_Category,BLS_CPI_Category,dc/cjj7vp,dc/s/UsBureauOfLaborStatisticsBls,https://www.bls.gov/cpi/,,,,1770491454,,,,/v3_resolved_mcf/us_bls/cpi_category/latest/graph.tfrecord@1.gz,dc/d/UsBureauOfLaborStatisticsBls_ConsumerPriceIndexByCategory
dc/base/BLS_CES_State,dc/base/BLS_CES_State,BLS_CES_State,dc/cjj7vp,dc/s/UsBureauOfLaborStatisticsBls,https://www.bls.gov/sae/overview.htm,,,,1770491451,,,,"/v3_resolved_mcf/us_bls/ces/state/latest/historical_data/graph.tfrecord@1.gz,/v3_resolved_mcf/us_bls/ces/state/latest/graph.tfrecord@1.gz",dc/d/UsBureauOfLaborStatisticsBls_CurrentEmploymentStatisticsCes
dc/base/BLS_CES,dc/base/BLS_CES,BLS_CES,dc/cjj7vp,dc/s/UsBureauOfLaborStatisticsBls,https://www.bls.gov/ces/,,,,1770491450,,,,"/v3_resolved_mcf/us_bls/ces/historical_data/graph.tfrecord@1.gz,/v3_resolved_mcf/us_bls/ces/latest/graph.tfrecord@1.gz",dc/d/UsBureauOfLaborStatisticsBls_CurrentEmploymentStatisticsCes
dc/base/BLS_JOLTS,dc/base/BLS_JOLTS,BLS_JOLTS,dc/cjj7vp,dc/s/UsBureauOfLaborStatisticsBls,https://www.bls.gov/jlt/,"U.S. Bureau of Labor Statistics data on job openings, hires, and separations.",,,1770491456,,,,/v3_resolved_mcf/us_bls/jolts/latest/graph.tfrecord@1.gz,dc/d/UsBureauOfLaborStatisticsBls_JobOpeningsAndLaborTurnoverSurvey
dc/base/BLS_CPS,dc/base/BLS_CPS,BLS_CPS,dc/cjj7vp,dc/s/UsBureauOfLaborStatisticsBls,https://www.bls.gov/cps/,,/v3_resolved_mcf/bls/cps/nodes.mcf@1,,1770491456,,,,,dc/d/UsBureauOfLaborStatisticsBls_LaborForceStatisticsFromTheCurrentPopulationSurveyCps
dc/base/CensusSuperTMCFTable_ECNBASIC2012_EC1200A1,dc/base/CensusSuperTMCFTable_ECNBASIC2012_EC1200A1,CensusSuperTMCFTable_ECNBASIC2012_EC1200A1,dc/cjj7vp,dc/s/UsCensusBureau,https://data.census.gov/api/access/table/download,The import brings U.S. Census data from table ECNBASIC2012.EC1200A1 via super TMCF format and CSV data files mappings.,/v3_resolved_mcf/census_super_tmcf/import_1/ECNBASIC2012_EC1200A1_nodes@4,,1770491428,,,,,dc/d/UsCensusBureau_EconomicCensus
dc/base/USCensusGeos_SurfaceArea,dc/base/USCensusGeos_SurfaceArea,USCensusGeos_SurfaceArea,dc/cjj7vp,dc/s/UsCensusBureau,https://www.census.gov/geographies/reference-files.html,,/v3_resolved_mcf/census/computed_area/nodes.mcf@1,,1770491432,,,,,dc/d/UsCensusBureau_GazetteerFiles
dc/base/USCensusPEP_By_SexRaceHispanicOrigin,dc/base/USCensusPEP_By_SexRaceHispanicOrigin,USCensusPEP_By_SexRaceHispanicOrigin,dc/cjj7vp,dc/s/UsCensusBureau,https://www.census.gov/programs-surveys/popest.html,,,,1770491437,,,,/v3_resolved_mcf/us_census/pep/USCensusPEP_By_SRH/latest/graph.tfrecord@1.gz,dc/d/UsCensusBureau_PopulationEstimatesProgramPep
dc/base/CensusPEP,dc/base/CensusPEP,CensusPEP,dc/cjj7vp,dc/s/UsCensusBureau,https://www.census.gov/programs-surveys/popest.html,,/v3_resolved_mcf/kg_person_counts/NewWikidata/pops_and_obs/CensusPEPSurvey/CensusPEPSurvey.mcf,,1770491425,,,,,dc/d/UsCensusBureau_PopulationEstimatesProgramPep
dc/base/USCensusPEP_Annual_Population,dc/base/USCensusPEP_Annual_Population,USCensusPEP_Annual_Population,dc/cjj7vp,dc/s/UsCensusBureau,https://www.census.gov/programs-surveys/popest.html,,,,1770491435,,,,/v3_resolved_mcf/us_census/pep/annual_population/latest/graph.tfrecord@1.gz,dc/d/UsCensusBureau_PopulationEstimatesProgramPep
dc/base/USCensusPEP_Sex,dc/base/USCensusPEP_Sex,USCensusPEP_Sex,dc/cjj7vp,dc/s/UsCensusBureau,https://www.census.gov/programs-surveys/popest.html,US Census Population Estimates Program (PEP).,/v3_resolved_mcf/us_census/pep/population_estimate_by_sex/latest/nodes.mcf@1,,1770491444,,,,,dc/d/UsCensusBureau_PopulationEstimatesProgramPep
dc/base/USCensusPEP_PopulationEstimatebyRace,dc/base/USCensusPEP_PopulationEstimatebyRace,USCensusPEP_PopulationEstimatebyRace,dc/cjj7vp,dc/s/UsCensusBureau,https://www.census.gov/programs-surveys/popest.html,US Census Population Estimates Program (PEP).,,,1770491442,,,,"/v3_resolved_mcf/us_census/pep/population_estimate_by_race/latest/us_pep_before_2000_data/graph.tfrecord@1.gz,/v3_resolved_mcf/us_census/pep/population_estimate_by_race/latest/us_pep_county_after_2000_data/graph.tfrecord@1.gz,/v3_resolved_mcf/us_census/pep/population_estimate_by_race/latest/us_pep_nat_sta_2000_data/graph.tfrecord@1.gz",dc/d/UsCensusBureau_PopulationEstimatesProgramPep
dc/base/USCensusPEP_AgeSexRaceHispanicOrigin,dc/base/USCensusPEP_AgeSexRaceHispanicOrigin,USCensusPEP_AgeSexRaceHispanicOrigin,dc/cjj7vp,dc/s/UsCensusBureau,https://www2.census.gov/programs-surveys/popest/tables,The import has variables that are directly available from Census PEP source and aggregated for different year ranges,,,1770491433,,,,"/v3_resolved_mcf/us_census/pep/population_estimates_by_asrh/historical_data/graph.tfrecord@6.gz,/v3_resolved_mcf/us_census/pep/population_estimates_by_asrh/latest/graph.tfrecord@2.gz",dc/d/UsCensusBureau_PopulationEstimatesProgramPep
dc/base/USCensusPEP_AgeSexRace,dc/base/USCensusPEP_AgeSexRace,USCensusPEP_AgeSexRace,dc/cjj7vp,dc/s/UsCensusBureau,https://www2.census.gov/programs-surveys/popest/tables,,,,1770491432,,,,/v3_resolved_mcf/us_census/pep/population_estimate_by_asr/latest/graph.tfrecord@4.gz,dc/d/UsCensusBureau_PopulationEstimatesProgramPep
dc/base/USCensusPEP_MonthlyPopulation,dc/base/USCensusPEP_MonthlyPopulation,USCensusPEP_MonthlyPopulation,dc/cjj7vp,dc/s/UsCensusBureau,https://www.census.gov/programs-surveys/popest.html,US Census Population Estimates Program (PEP).,,,1770491440,,,,/v3_resolved_mcf/us_census/pep/monthly_population_estimate/latest/graph.tfrecord@1.gz,dc/d/UsCensusBureau_PopulationEstimatesProgramPep
dc/base/USCensusPEP_By_Sex_Race,dc/base/USCensusPEP_By_Sex_Race,USCensusPEP_By_Sex_Race,dc/cjj7vp,dc/s/UsCensusBureau,https://www.census.gov/programs-surveys/popest.html,US Census Population Estimates Program (PEP).,,,1770491438,,,,"/v3_resolved_mcf/us_census/pep/population_estimates_by_sr/latest/sex_race_national_before_2000/graph.tfrecord@1.gz,/v3_resolved_mcf/us_census/pep/population_estimates_by_sr/latest/sex_race_aggregate_national_after_2000/graph.tfrecord@1.gz,/v3_resolved_mcf/us_census/pep/population_estimates_by_sr/latest/sex_race_aggregate_before_2000/graph.tfrecord@1.gz,/v3_resolved_mcf/us_census/pep/population_estimates_by_sr/latest/sex_race_aggregate_after_2000/graph.tfrecord@1.gz",dc/d/UsCensusBureau_PopulationEstimatesProgramPep
dc/base/CensusSAHIE,dc/base/CensusSAHIE,CensusSAHIE,dc/cjj7vp,dc/s/UsCensusBureau,https://www.census.gov/programs-surveys/sahie.html,The Small Area Health Insurance Estimates (SAHIE) program was created to develop model-based estimates of health insurance coverage for counties and states,,,1770491425,,,,"/v3_resolved_mcf/census_v2/sahie/historical/graph.tfrecord@2.gz,/v3_resolved_mcf/census_v2/sahie/latest/output/graph.tfrecord@2.gz",dc/d/UsCensusBureau_SmallAreaHealthInsuranceEstimatesSahie
dc/base/CDC_Social_Vulnerability_Index,dc/base/CDC_Social_Vulnerability_Index,CDC_Social_Vulnerability_Index,dc/cjj7vp,dc/s/UsCentersForDiseaseControlAndPreventionCdc,https://www.atsdr.cdc.gov/place-health/php/svi/svi-data-documentation-download.html?CDC_AAref_Val=https://www.atsdr.cdc.gov/placeandhealth/svi/data_documentation_download.html,"Social Vulnerability Index (CDC/ATSDR SVI or SVI) is a place-based index, database, and mapping application designed to identify and quantify communities experiencing social vulnerability",,,1770491475,,,,/v3_resolved_mcf/cdc/social_vulnerability_index/latest/graph.tfrecord@1.gz,dc/d/UsCentersForDiseaseControlAndPreventionCdc_AgencyForToxicSubstancesAndDiseaseRegistryAtsdr
dc/base/NCHS_BRFSS_Asthma,dc/base/NCHS_BRFSS_Asthma,NCHS_BRFSS_Asthma,dc/cjj7vp,dc/s/UsCentersForDiseaseControlAndPreventionCdc,https://www.cdc.gov/asthma/brfss/default.htm,"This dataset provides data tables from the year 2001 to 2021 Behavioral Risk Factor Surveillance System (BRFSS) survey, specifically focused on adult and child asthma prevalence in the United States",,,1770491536,,,,"/v3_resolved_mcf/us_cdc/nchs_brfss_asthma/historical/graph.tfrecord@1.gz,/v3_resolved_mcf/us_cdc/nchs_brfss_asthma/latest/graph.tfrecord@1.gz",dc/d/UsCentersForDiseaseControlAndPreventionCdc_Brfss-nchsAsthmaPrevalence
dc/base/CDC_StandardizedPrecipitationIndex,dc/base/CDC_StandardizedPrecipitationIndex,CDC_StandardizedPrecipitationIndex,dc/cjj7vp,dc/s/UsCentersForDiseaseControlAndPreventionCdc,https://data.cdc.gov/Environmental-Health-Toxicology/Standardized-Precipitation-Index-1895-2016/xbk2-5i4e,,,,1770491479,,,,/v3_resolved_mcf/cdc/environmental/StandardizedPrecipitationIndex/latest/graph.tfrecord@1.gz,dc/d/UsCentersForDiseaseControlAndPreventionCdc_EnvironmentalHealthToxicology
dc/base/CDC_OzoneCensusTract,dc/base/CDC_OzoneCensusTract,CDC_OzoneCensusTract,dc/cjj7vp,dc/s/UsCentersForDiseaseControlAndPreventionCdc,https://data.cdc.gov/browse?category=Environmental+Health+%26+Toxicology,"The air quality data comes from the CDC and the EPA. The datasets contain modeled predictions of PM2.5 and ozone levels from the EPA's Downscaler model. According to the CDC, these data are used by the CDC's National Environmental Public Health Tracking Network to generate air quality measures.",,,1770491468,,,,/v3_resolved_mcf/cdc/environmental/CDC_OzoneCensusTract/latest/graph.tfrecord@74.gz,dc/d/UsCentersForDiseaseControlAndPreventionCdc_EnvironmentalHealthToxicology
dc/base/CDC_PalmerDroughtSeverityIndex,dc/base/CDC_PalmerDroughtSeverityIndex,CDC_PalmerDroughtSeverityIndex,dc/cjj7vp,dc/s/UsCentersForDiseaseControlAndPreventionCdc,https://data.cdc.gov/Environmental-Health-Toxicology/Palmer-Drought-Severity-Index-1895-2016/en5r-5ds4,,,,1770491474,,,,/v3_resolved_mcf/cdc/environmental/PalmerDroughtSeverityIndex/latest/graph.tfrecord@1.gz,dc/d/UsCentersForDiseaseControlAndPreventionCdc_EnvironmentalHealthToxicology
dc/base/CDC_PM25County,dc/base/CDC_PM25County,CDC_PM25County,dc/cjj7vp,dc/s/UsCentersForDiseaseControlAndPreventionCdc,https://data.cdc.gov/Environmental-Health-Toxicology/Daily-County-Level-PM2-5-Concentrations-2001-2019/dqwm-pbi7/about_data,,,,1770491471,,,,"/v3_resolved_mcf/cdc/environmental/PM25County/historical/graph.tfrecord@5.gz,/v3_resolved_mcf/cdc/environmental/PM25County/latest/graph.tfrecord@3.gz",dc/d/UsCentersForDiseaseControlAndPreventionCdc_EnvironmentalHealthToxicology
dc/base/CDC_StandardizedPrecipitationEvapotranspirationIndex,dc/base/CDC_StandardizedPrecipitationEvapotranspirationIndex,CDC_StandardizedPrecipitationEvapotranspirationIndex,dc/cjj7vp,dc/s/UsCentersForDiseaseControlAndPreventionCdc,https://data.cdc.gov/Environmental-Health-Toxicology/Standardized-Precipitation-Evapotranspiration-Inde/6nbv-ifib,,,,1770491477,,,,/v3_resolved_mcf/cdc/environmental/StandardizedPrecipitationEvapotranspirationIndex/latest/graph.tfrecord@1.gz,dc/d/UsCentersForDiseaseControlAndPreventionCdc_EnvironmentalHealthToxicology
dc/base/CDC_PM25CensusTract,dc/base/CDC_PM25CensusTract,CDC_PM25CensusTract,dc/cjj7vp,dc/s/UsCentersForDiseaseControlAndPreventionCdc,https://data.cdc.gov/browse?category=Environmental+Health+%26+Toxicology,,,,1770491469,,,,/v3_resolved_mcf/cdc/environmental/PM25CensusTract/latest/graph.tfrecord@41.gz,dc/d/UsCentersForDiseaseControlAndPreventionCdc_EnvironmentalHealthToxicology
dc/base/CDC_OzoneCounty,dc/base/CDC_OzoneCounty,CDC_OzoneCounty,dc/cjj7vp,dc/s/UsCentersForDiseaseControlAndPreventionCdc,https://data.cdc.gov/browse?category=Environmental+Health+%26+Toxicology&sortBy=last_modified&page=1,,,,1770491468,,,,"/v3_resolved_mcf/cdc/environmental/OzoneCounty/historical/graph.tfrecord@2.gz,/v3_resolved_mcf/cdc/environmental/OzoneCounty/latest/graph.tfrecord@2.gz",dc/d/UsCentersForDiseaseControlAndPreventionCdc_EnvironmentalHealthToxicology
dc/base/EPHHeatRelatedIllness,dc/base/EPHHeatRelatedIllness,EPHHeatRelatedIllness,dc/cjj7vp,dc/s/UsCentersForDiseaseControlAndPreventionCdc,https://ephtracking.cdc.gov/qrlist/35,,,,1770491502,,,,/v3_resolved_mcf/cdc/environmental_public_health/heat_stress/latest/graph.tfrecord@1.gz,dc/d/UsCentersForDiseaseControlAndPreventionCdc_HeatHeat-relatedIllnessHri
dc/base/CDCWonder_NNDSS_InfectiousWeekly,dc/base/CDCWonder_NNDSS_InfectiousWeekly,CDCWonder_NNDSS_InfectiousWeekly,dc/cjj7vp,dc/s/UsCentersForDiseaseControlAndPreventionCdc,https://wonder.cdc.gov/nndss/nndss_weekly_tables_menu.asp,"Notifiable Infectious Diseases Data: Weekly tables from CDC WONDER which has the incident counts of different infectious diseases per week that are reported by the 50 states, New York City, the District of Columbia, and the U.S. territories. ",,,1770491463,,,,/v3_resolved_mcf/cdc/nndss_infectious_diseases_weekly/20250206/graph.tfrecord@1.gz,dc/d/UsCentersForDiseaseControlAndPreventionCdc_NationalNotifiableDiseasesSurveillanceSystemNndss
dc/base/CDCWonder_NNDSS_Infectious_Weekly,dc/base/CDCWonder_NNDSS_Infectious_Weekly,CDCWonder_NNDSS_Infectious_Weekly,dc/cjj7vp,dc/s/UsCentersForDiseaseControlAndPreventionCdc,https://data.cdc.gov/api/views/x9gk-5huc/rows.csv?accessType=DOWNLOAD&api_foundry=true,"Notifiable Infectious Diseases Data: Weekly tables from CDC WONDER which has the incident counts of different infectious diseases per week that are reported by the 50 states, New York City, the District of Columbia, and the U.S. territories. ",,,1770491463,,,,/v3_resolved_mcf/cdc/nndss_infectious_diseases_weekly/latest/graph.tfrecord@1.gz,dc/d/UsCentersForDiseaseControlAndPreventionCdc_NationalNotifiableDiseasesSurveillanceSystemNndss
dc/base/CDC_NORS_NonInfectious,dc/base/CDC_NORS_NonInfectious,CDC_NORS_NonInfectious,dc/cjj7vp,dc/s/UsCentersForDiseaseControlAndPreventionCdc,https://wwwn.cdc.gov/norsdashboard/,"Reports of foodborne, waterborne disease outbreaks and disease outbreaks spread by contact with environmental sources, infected people or animals, and other means. StatVars are created for the count of disease outbreaks making aggregations by transmission modes, etiology and etiology status only. Current import has statvars with at most one etiology.",,,1770491466,,,,/v3_resolved_mcf/cdc/nors_non_infectious_diseases/latest/graph.tfrecord@1.gz,dc/d/UsCentersForDiseaseControlAndPreventionCdc_NationalOutbreakReportingSystemNors
dc/base/CDC500_States,dc/base/CDC500_States,CDC500_States,dc/cjj7vp,dc/s/UsCentersForDiseaseControlAndPreventionCdc,https://www.cdc.gov/places/index.html,,,,1770491459,,,,/v3_resolved_mcf/cdc/places/cdc500_states/latest/graph.tfrecord@1.gz,dc/d/UsCentersForDiseaseControlAndPreventionCdc_PlacesLocalDataForBetterHealth
dc/base/US_CDC_PRAMS,dc/base/US_CDC_PRAMS,US_CDC_PRAMS,dc/cjj7vp,dc/s/UsCentersForDiseaseControlAndPreventionCdc,https://www.cdc.gov/prams/prams-data/,"It is a population-based surveillance system designed to identify groups of women and infants at high risk for health problems, to monitor changes in health status, and to measure progress towards goals in improving the health of mothers and infants for USA.",,,1770491562,,,,/v3_resolved_mcf/cdc/prams/20231228/graph.tfrecord@1.gz,dc/d/UsCentersForDiseaseControlAndPreventionCdc_PregnancyRiskAssessmentMonitoringSystemPrams
dc/base/usa_child_birth,dc/base/usa_child_birth,usa_child_birth,dc/cjj7vp,dc/s/UsCentersForDiseaseControlAndPreventionCdc,https://www.cdc.gov/nchs/nvss/vsrr/provisional-tables.htm,State and National Provisional Birth Counts.,,,1770491414,,,,/v3_resolved_mcf/country/usa_child_birth/graph.tfrecord@1.gz,dc/d/UsCentersForDiseaseControlAndPreventionCdc_StateAndNationalProvisionalBirthCounts
dc/base/CDC_Mortality_UnderlyingCause_SingleRace,dc/base/CDC_Mortality_UnderlyingCause_SingleRace,CDC_Mortality_UnderlyingCause_SingleRace,dc/cjj7vp,dc/s/UsCentersForDiseaseControlAndPreventionCdc,https://wonder.cdc.gov/ucd-icd10-expanded.html,"Mortality statistics by the underlying cause of death, demographics, and location (State level) for single races.",,,1770491464,,,,/v3_resolved_mcf/cdc/UnderlyingCause/Single_Race/latest/graph.tfrecord@1.gz,dc/d/UsCentersForDiseaseControlAndPreventionCdc_UnderlyingCauseOfDeath
dc/base/CDC_Mortality_UnderlyingCause,dc/base/CDC_Mortality_UnderlyingCause,CDC_Mortality_UnderlyingCause,dc/cjj7vp,dc/s/UsCentersForDiseaseControlAndPreventionCdc,https://wonder.cdc.gov/ucd-icd10.html,,/v3_resolved_mcf/cdc/mortality/ucd_states/20230728/nodes.mcf@28,,1770491464,,,,/v3_resolved_mcf/cdc/mortality/ucd_county/20231005/graph.tfrecord@3.gz,dc/d/UsCentersForDiseaseControlAndPreventionCdc_WonderMortalityUnderlyingCauseOfDeath
dc/base/Commerce_EDA,dc/base/Commerce_EDA,Commerce_EDA,dc/cjj7vp,dc/s/UsCommerceDataHub,https://www.commerce.gov/bureaus-and-offices/eda,,,,1770491428,,,,/v3_resolved_mcf/us_eda/latest/graph.tfrecord@1.gz,dc/d/UsCommerceDataHub_EconomicDevelopmentAdministrationEda
dc/base/Commerce_NTIA,dc/base/Commerce_NTIA,Commerce_NTIA,dc/cjj7vp,dc/s/UsCommerceDataHub,https://www.ntia.gov/other-publication/2022/digital-nation-data-explorer#sel=homeEverOnline&demo=race&pc=count&disp=both,"NTIA programs and policymaking focus largely on expanding broadband Internet access and adoption in America, expanding the use of spectrum by all users.",,,1770491480,,,,/v3_resolved_mcf/us_ntia/latest/graph.tfrecord@1.gz,dc/d/UsCommerceDataHub_NtiaInternetUseSurvey
dc/base/US_ITA_Economic_Activity,dc/base/US_ITA_Economic_Activity,US_ITA_Economic_Activity,dc/cjj7vp,dc/s/UsCommerceDataHub,https://www.trade.gov/report/tradestats-express-national-and-state-trade-data?anchor=content-tradestats-express---national-1,This dataset represents the revenue from export and amount spent on import activities of all goods annually to different countries/geographical regions for different years.,,,1770491566,,,,/v3_resolved_mcf/us_ita/US_ITA/graph.tfrecord@1.gz,dc/d/UsCommerceDataHub_UsItaEconomicActivity
dc/base/USDA_AgricultureSurvey,dc/base/USDA_AgricultureSurvey,USDA_AgricultureSurvey,dc/cjj7vp,dc/s/UsDepartmentOfAgricultureUsda,https://quickstats.nass.usda.gov/,,,,1770491551,,,,"/v3_resolved_mcf/us_usda/ag_survey/latest/graph.tfrecord@1.gz,/v3_resolved_mcf/us_usda/ag_survey/historical_data/graph.tfrecord@1.gz",dc/d/UsDepartmentOfAgricultureUsda_AgriculturalSurvey
dc/base/USDA_AgricultureCensus,dc/base/USDA_AgricultureCensus,USDA_AgricultureCensus,dc/cjj7vp,dc/s/UsDepartmentOfAgricultureUsda,https://www.nass.usda.gov/AgCensus/,,,,1770491549,,,,"/v3_resolved_mcf/us_usda/ag_census/latest/graph.tfrecord@1.gz,/v3_resolved_mcf/us_usda/ag_census/historical_data_1997/graph.tfrecord@1.gz",dc/d/UsDepartmentOfAgricultureUsda_CensusOfAgriculture
dc/base/HUD_IncomeLimits,dc/base/HUD_IncomeLimits,HUD_IncomeLimits,dc/cjj7vp,dc/s/UsDepartmentOfHousingAndUrbanDevelopmentHud,https://www.huduser.gov/portal/datasets/il.html,,,,1770491512,,,,/v3_resolved_mcf/hud/income_limits/section_8/latest/graph.tfrecord@1.gz,dc/d/UsDepartmentOfHousingAndUrbanDevelopmentHud_IncomeLimits
dc/base/USDOL_ETA539,dc/base/USDOL_ETA539,USDOL_ETA539,dc/cjj7vp,dc/s/UsDepartmentOfLaborDol,https://oui.doleta.gov/unemploy/,The Department of Labor publishes raw data collected from the Employment & Training Administration (ETA)'s 539 reports. Please see https://datacommons.org/disclaimers for disclaimers about this data.,/v3_resolved_mcf/us_dol/eta539*.mcf,,1770491553,,,,,dc/d/UsDepartmentOfLaborDol_WeeklyClaimsAndExtendedBenefitsTriggerData
dc/base/EIA_SEDS,dc/base/EIA_SEDS,EIA_SEDS,dc/cjj7vp,dc/s/UsEnergyInformationAdministrationEia,https://www.eia.gov/opendata/qb.php?category=40203,,,,1770491492,,,,/v3_resolved_mcf/us_eia/seds/latest/graph.tfrecord@1.gz,dc/d/UsEnergyInformationAdministrationEia_OpenData
dc/base/EIA_NuclearOutages,dc/base/EIA_NuclearOutages,EIA_NuclearOutages,dc/cjj7vp,dc/s/UsEnergyInformationAdministrationEia,https://www.eia.gov/opendata/qb.php?category=2889994,,,,1770491489,,,,/v3_resolved_mcf/us_eia/nuc_status/latest/graph.tfrecord@1.gz,dc/d/UsEnergyInformationAdministrationEia_OpenData
dc/base/EIA_International,dc/base/EIA_International,EIA_International,dc/cjj7vp,dc/s/UsEnergyInformationAdministrationEia,https://www.eia.gov/opendata/qb.php?category=2134384,,,,1770491485,,,,/v3_resolved_mcf/us_eia/international/latest/graph.tfrecord@1.gz,dc/d/UsEnergyInformationAdministrationEia_OpenData
dc/base/EIA_NaturalGas,dc/base/EIA_NaturalGas,EIA_NaturalGas,dc/cjj7vp,dc/s/UsEnergyInformationAdministrationEia,https://www.eia.gov/opendata/qb.php?category=714804,,,,1770491487,,,,/v3_resolved_mcf/us_eia/natural_gas/latest/graph.tfrecord@1.gz,dc/d/UsEnergyInformationAdministrationEia_OpenData
dc/base/EIA_Electricity,dc/base/EIA_Electricity,EIA_Electricity,dc/cjj7vp,dc/s/UsEnergyInformationAdministrationEia,https://www.eia.gov/opendata/browser/electricity,,,,1770491484,,,,/v3_resolved_mcf/us_eia/electricity/latest/graph.tfrecord@1.gz,dc/d/UsEnergyInformationAdministrationEia_OpenData
dc/base/EIA_TotalEnergy,dc/base/EIA_TotalEnergy,EIA_TotalEnergy,dc/cjj7vp,dc/s/UsEnergyInformationAdministrationEia,https://www.eia.gov/opendata/qb.php?category=711224,,,,1770491493,,,,/v3_resolved_mcf/us_eia/total_energy/latest/graph.tfrecord@1.gz,dc/d/UsEnergyInformationAdministrationEia_OpenData
dc/base/EIA_Petroleum,dc/base/EIA_Petroleum,EIA_Petroleum,dc/cjj7vp,dc/s/UsEnergyInformationAdministrationEia,https://www.eia.gov/opendata/qb.php?category=714755,,,,1770491490,,,,/v3_resolved_mcf/us_eia/petroleum/latest/graph.tfrecord@1.gz,dc/d/UsEnergyInformationAdministrationEia_OpenData
dc/base/FBIGovCrime,dc/base/FBIGovCrime,FBIGovCrime,dc/cjj7vp,dc/s/UsFederalBureauOfInvestigationFbi,http://www.fbi.gov/services/cjis/ucr,,,,1770491506,,,,"/v3_resolved_mcf/fbi/historical/graph.tfrecord@1.gz,/v3_resolved_mcf/fbi/city/latest/graph.tfrecord@1.gz",dc/d/UsFederalBureauOfInvestigationFbi_UniformCrimeReportingUcrProgram
dc/base/USFed_ConstantMaturityRates,dc/base/USFed_ConstantMaturityRates,USFed_ConstantMaturityRates,dc/cjj7vp,dc/s/UsFederalReserve,https://www.federalreserve.gov/releases/h15/,U.S. Federal Reserve Constant Maturity Rates,/v3_resolved_mcf/us_fed/treasury_constant_maturity_rates/treasury_constant_maturity_rates_20230906/nodes.mcf@1,,1770491557,,,,,dc/d/UsFederalReserve_TreasuryNominalAndInflation-indexedConstantMaturitySeries
dc/base/US_Federal_Rates,dc/base/US_Federal_Rates,US_Federal_Rates,dc/cjj7vp,dc/s/UsFederalReserve,https://www.federalreserve.gov/DataDownload/Choose.aspx?rel=H15,Federal Reserve System H.15 Selected Interest Rates,,,1770491564,,,,/v3_resolved_mcf/us_fed/federal_funds/latest/graph.tfrecord@1.gz,dc/d/UsFederalReserve_UsFederalReserveH15InterestRates
dc/base/NCES_NationsReportCard,dc/base/NCES_NationsReportCard,NCES_NationsReportCard,dc/cjj7vp,dc/s/UsNationalCenterForEducationStatisticsNces,https://nces.ed.gov/nationsreportcard/,"National educational performance - Assessement score data across different grades, subjects and student categories (such as race, disability, etc).",,,1770491517,,,,/v3_resolved_mcf/us_nces/performance/nces_naep/output/graph.tfrecord@1.gz,dc/d/UsNationalCenterForEducationStatisticsNces_NationsReportCard
dc/base/NCES_SchoolDistrictStats,dc/base/NCES_SchoolDistrictStats,NCES_SchoolDistrictStats,dc/cjj7vp,dc/s/UsNationalCenterForEducationStatisticsNces,https://nces.ed.gov/ccd/elsi/tableGenerator.aspx,Schools District Demographics in US consisting of count of teacher and count of student across different grade and race.,,,1770491530,,,,/v3_resolved_mcf/us_nces/demographics/school_district/latest/graph.tfrecord@5.gz,dc/d/UsNationalCenterForEducationStatisticsNces_PublicSchoolAndSchoolDistrictData
dc/base/NCES_PublicSchoolStats,dc/base/NCES_PublicSchoolStats,NCES_PublicSchoolStats,dc/cjj7vp,dc/s/UsNationalCenterForEducationStatisticsNces,https://nces.ed.gov/ccd/elsi/tableGenerator.aspx,Demographics data for Public Schools in US consisting of count of teacher and count of student across different grade and race.,,,1770491523,,,,/v3_resolved_mcf/us_nces/demographics/public_school/latest/graph.tfrecord@18.gz,dc/d/UsNationalCenterForEducationStatisticsNces_PublicSchoolAndSchoolDistrictData
dc/base/NCES_SchoolDistrict,dc/base/NCES_SchoolDistrict,NCES_SchoolDistrict,dc/cjj7vp,dc/s/UsNationalCenterForEducationStatisticsNces,https://nces.ed.gov/ccd/elsi/tableGenerator.aspx,School Districts in US from National Center of Educationa Statistics.,/v3_resolved_mcf/us_nces/demographics/school_district/district_place/latest/nodes.mcf@1,,1770491262,,,,,dc/d/UsNationalCenterForEducationStatisticsNces_PublicSchoolAndSchoolDistrictData
dc/base/NCES_PublicSchool,dc/base/NCES_PublicSchool,NCES_PublicSchool,dc/cjj7vp,dc/s/UsNationalCenterForEducationStatisticsNces,https://nces.ed.gov/ccd/elsi/tableGenerator.aspx,Public Schools place addition in US.,"/v3_resolved_mcf/us_nces/demographics/public_school/public_place/latest/nodes.mcf@1,/v3_resolved_mcf/us_nces/demographics/public_school/city_containment/nodes.mcf@1,/v3_resolved_mcf/us_nces/demographics/public_school/additional_school_types/nodes.mcf@1",,1770491260,,,,,dc/d/UsNationalCenterForEducationStatisticsNces_PublicSchoolAndSchoolDistrictData
dc/base/NCES_Bachelors_Degree_By_Field_Import,dc/base/NCES_Bachelors_Degree_By_Field_Import,NCES_Bachelors_Degree_By_Field_Import,dc/cjj7vp,dc/s/UsNationalCenterForEducationStatisticsNces,https://nces.ed.gov,"Bachelor's degrees conferred to (fe)males by postsecondary institutions, by race/ethnicity and field of study",,,1770491513,,,,/v3_resolved_mcf/country/nces/nces_bachelors_degree_by_field/latest/graph.tfrecord@1.gz,dc/d/UsNationalCenterForEducationStatisticsNces_UsBachelorsDegreesData
dc/base/NCES_HBCU_Enrollment_Import,dc/base/NCES_HBCU_Enrollment_Import,NCES_HBCU_Enrollment_Import,dc/cjj7vp,dc/s/UsNationalCenterForEducationStatisticsNces,https://nces.ed.gov/programs/digest/d22/tables/dt22_313.30.asp,"Statistics on degree-granting historically Black colleges and universities, by control and level of institution",,,1770491515,,,,"/v3_resolved_mcf/country/nces/nces_hbcu_enrollment/historical/graph.tfrecord@1.gz,/v3_resolved_mcf/country/nces/nces_hbcu_enrollment/latest/graph.tfrecord@1.gz",dc/d/UsNationalCenterForEducationStatisticsNces_UsHbcuData
dc/base/NCES_PrivateSchoolStats,dc/base/NCES_PrivateSchoolStats,NCES_PrivateSchoolStats,dc/cjj7vp,dc/s/UsNationalCenterForEducationStatisticsNces,https://nces.ed.gov/ccd/elsi/tableGenerator.aspx,Private School Demographics in US consisting of count of teacher and count of student across different grade and race.,,,1770491517,,,,/v3_resolved_mcf/us_nces/demographics/private_school/latest/graph.tfrecord@1.gz,dc/d/UsNationalCenterForEducationStatisticsNces_UsPrivateSchoolData
dc/base/NCES_STEM_Degrees_Import,dc/base/NCES_STEM_Degrees_Import,NCES_STEM_Degrees_Import,dc/cjj7vp,dc/s/UsNationalCenterForEducationStatisticsNces,https://nces.ed.gov/programs/digest/d22/tables/dt22_318.45.asp,"Number and percentage distribution of science, technology, engineering, and mathematics (STEM) degrees/certificates conferred by postsecondary institutions, by race/ ethnicity, level of degree/certificate, and sex of student",,,1770491528,,,,"/v3_resolved_mcf/ncses/nces_stem_degrees_import/latest/history/graph.tfrecord@1.gz,/v3_resolved_mcf/ncses/nces_stem_degrees_import/latest/graph.tfrecord@1.gz",dc/d/UsNationalCenterForEducationStatisticsNces_UsStemDegreesData
dc/base/US_CCD_Enrollment,dc/base/US_CCD_Enrollment,US_CCD_Enrollment,dc/cjj7vp,dc/s/UsNationalCenterForEducationStatisticsNces,https://nces.ed.gov/programs/digest/d24/tables/dt24_203.65.asp,"Enrollment in public elementary and secondary schools, by level, grade, and race/ethnicity.",,,1770491560,,,,/v3_resolved_mcf/ccd/enrollment/latest/graph.tfrecord@1.gz,dc/d/UsNationalCenterForEducationStatisticsNces_UsStudentEnrollmentData
dc/base/FARS_CrashNodes,dc/base/FARS_CrashNodes,FARS_CrashNodes,dc/cjj7vp,dc/s/UsNationalHighwayTrafficSafetyAdministrationNhtsa,https://www.nhtsa.gov/file-downloads?p=nhtsa/downloads/FARS/,Data on fatal motor vehicle crashes in the US.,/v3_resolved_mcf/us_crash/crash_nodes/20250610/nodes.mcf@23,,1770491506,,,,,dc/d/UsNationalHighwayTrafficSafetyAdministrationNhtsa_FatalityAnalysisReportingSystemFarsCrashData
dc/base/FARS_CrashData,dc/base/FARS_CrashData,FARS_CrashData,dc/cjj7vp,dc/s/UsNationalHighwayTrafficSafetyAdministrationNhtsa,https://www.nhtsa.gov/file-downloads?p=nhtsa/downloads/FARS/,Data on fatal motor vehicle crashes in the US.,,,1770491504,,,,"/v3_resolved_mcf/us_crash/fars_crashdata/historical/graph.tfrecord@5.gz,/v3_resolved_mcf/us_crash/fars_crashdata/latest/graph.tfrecord@1.gz",dc/d/UsNationalHighwayTrafficSafetyAdministrationNhtsa_FatalityAnalysisReportingSystemFarsCrashData
dc/base/NOAA_GPCC_StandardardizedPrecipitationIndex_Event_Places,dc/base/NOAA_GPCC_StandardardizedPrecipitationIndex_Event_Places,NOAA_GPCC_StandardardizedPrecipitationIndex_Event_Places,dc/cjj7vp,dc/s/UsNationalOceanicAndAtmosphericAdministrationNoaa,https://www.drought.gov/data-maps-tools/global-precipitation-climatology-centre-gpcc-standardized-precipitation-index-spi,Count and area of drought events across places for drough events generated with SPI for 1 degree grids calculated from 9 month precipitation data using the Pearson distribution.,,,1770491343,,,,"/v3_resolved_mcf/noaa/gpcc_spi/events_spi_9m_polygon/latest/events_place/graph.tfrecord@1.gz,/v3_resolved_mcf/noaa/gpcc_spi/events_spi_9m_polygon/retained_1900_2010/events_place/graph.tfrecord@1.gz",dc/d/UsNationalOceanicAndAtmosphericAdministrationNoaa_GpccMonthlySpiData
dc/base/NOAA_GPCC_StandardardizedPrecipitationIndex_Event,dc/base/NOAA_GPCC_StandardardizedPrecipitationIndex_Event,NOAA_GPCC_StandardardizedPrecipitationIndex_Event,dc/cjj7vp,dc/s/UsNationalOceanicAndAtmosphericAdministrationNoaa,https://www.drought.gov/data-maps-tools/global-precipitation-climatology-centre-gpcc-standardized-precipitation-index-spi,Events using SPI for 1 degree grids calculated from 9 month precipitation data using the Pearson distribution.,"/v3_resolved_mcf/noaa/gpcc_spi/events_spi_9m_polygon/latest/events/nodes.mcf@1,/v3_resolved_mcf/noaa/gpcc_spi/events_spi_9m_polygon/retained_1900_2010/events/nodes.mcf@3",,1770491340,,,,,dc/d/UsNationalOceanicAndAtmosphericAdministrationNoaa_GpccMonthlySpiData
dc/base/NOAA_GPCC_StandardardizedPrecipitationIndex_Event_Observations,dc/base/NOAA_GPCC_StandardardizedPrecipitationIndex_Event_Observations,NOAA_GPCC_StandardardizedPrecipitationIndex_Event_Observations,dc/cjj7vp,dc/s/UsNationalOceanicAndAtmosphericAdministrationNoaa,https://www.drought.gov/data-maps-tools/global-precipitation-climatology-centre-gpcc-standardized-precipitation-index-spi,Area of drought events over time generated from SPI for 1 degree grids calculated from 9 month precipitation data using the Pearson distribution.,,,1770491342,,,,"/v3_resolved_mcf/noaa/gpcc_spi/events_spi_9m_polygon/latest/events_observation/graph.tfrecord@1.gz,/v3_resolved_mcf/noaa/gpcc_spi/events_spi_9m_polygon/retained_1900_2010/events_observation/graph.tfrecord@1.gz",dc/d/UsNationalOceanicAndAtmosphericAdministrationNoaa_GpccMonthlySpiData
dc/base/NOAA_GlobalForecastSystem,dc/base/NOAA_GlobalForecastSystem,NOAA_GlobalForecastSystem,dc/cjj7vp,dc/s/UsNationalOceanicAndAtmosphericAdministrationNoaa,https://nomads.ncep.noaa.gov/pub/data/nccf/com/gfs/prod/,NOAA Global Forecast System (GFS) data,,,1770491345,,,,/v3_resolved_mcf/noaa_gfs/graph.tfrecord@72.gz,dc/d/UsNationalOceanicAndAtmosphericAdministrationNoaa_Noaa-gfsWeatherForecast
dc/base/NCSES_DoctorateDegreeEmployment,dc/base/NCSES_DoctorateDegreeEmployment,NCSES_DoctorateDegreeEmployment,dc/cjj7vp,dc/s/UsNationalScienceFoundation,https://ncses.nsf.gov/pubs/nsf19304/data,"Science,engineering and health doctorate holders employed in universities and 4-year colleges by broad occupation,sex,race,ethnicity and tenure status",,,1770491539,,,,/v3_resolved_mcf/ncses/NCSES_DoctorateDegreeEmployment/latest/graph.tfrecord@1.gz,dc/d/UsNationalScienceFoundation_NationalCenterForScienceAndEngineeringStatistics
dc/base/NCSES_Employed_College_Grads_Import,dc/base/NCSES_Employed_College_Grads_Import,NCSES_Employed_College_Grads_Import,dc/cjj7vp,dc/s/UsNationalScienceFoundation,https://ncsesdata.nsf.gov/explorer/datatables?term=race&exactMatch=no&page=1&filterSuperTopic=Demographics&filterTopic=Sex&datatablespage=2,"Employed college graduates, by sex, ethnicity, race, and major occupation",,,1770491541,,,,/v3_resolved_mcf/ncses/employed_grads/latest/graph.tfrecord@1.gz,dc/d/UsNationalScienceFoundation_NationalCenterForScienceAndEngineeringStatistics
dc/base/NCSES_Research_Doctorate_Recipients_Import,dc/base/NCSES_Research_Doctorate_Recipients_Import,NCSES_Research_Doctorate_Recipients_Import,dc/cjj7vp,dc/s/UsNationalScienceFoundation,https://ncses.nsf.gov/pubs/nsf23300/data-tables,"Research doctorate recipients by ethnicity, race and citizenship status",,,1770491544,,,,/v3_resolved_mcf/country/ncses/ncses_research_doctorate_recipients/latest/graph.tfrecord@1.gz,dc/d/UsNationalScienceFoundation_NationalCenterForScienceAndEngineeringStatistics
dc/base/NCSES_Demographics_SEH_Import,dc/base/NCSES_Demographics_SEH_Import,NCSES_Demographics_SEH_Import,dc/cjj7vp,dc/s/UsNationalScienceFoundation,https://ncses.nsf.gov/pubs/nsf25316,"Demographic characteristics of graduate students, postdoctoral appointees, and doctorate-holding nonfaculty researchers in science, engineering, and health",,,1770491537,,,,"/v3_resolved_mcf/country/ncses/ncses_demographics_seh/latest/graph.tfrecord@1.gz,/v3_resolved_mcf/country/ncses/ncses_demographics_seh/historical/graph.tfrecord@1.gz",dc/d/UsNationalScienceFoundation_NationalCenterForScienceAndEngineeringStatistics
dc/base/NCSES_Median_Annual_Salary_Import,dc/base/NCSES_Median_Annual_Salary_Import,NCSES_Median_Annual_Salary_Import,dc/cjj7vp,dc/s/UsNationalScienceFoundation,https://ncses.nsf.gov/pubs/nsf23306#section13069,"Median salary of full-time employed college graduates, by sex, major occupation, age, ethnicity, race, disability status, and citizenship status",,,1770491542,,,,"/v3_resolved_mcf/country/ncses/ncses_median_annual_salary/latest/graph.tfrecord@1.gz,/v3_resolved_mcf/country/ncses/ncses_median_annual_salary/historical/graph.tfrecord@1.gz",dc/d/UsNationalScienceFoundation_NationalCenterForScienceAndEngineeringStatistics
dc/base/WorldBank_CommodityMarket,dc/base/WorldBank_CommodityMarket,WorldBank_CommodityMarket,dc/cjj7vp,dc/s/WorldBank, https://www.worldbank.org/en/research/commodity-markets,World Bank Commodity Markets Annual And Monthly Data ,,,1770491394,,,,/v3_resolved_mcf/world_bank/commodity_market/latest/graph.tfrecord@1.gz,dc/d/WorldBank_WorldBankCommodityMarkets
dc/base/WorldBank_IDS,dc/base/WorldBank_IDS,WorldBank_IDS,dc/cjj7vp,dc/s/WorldBank,https://databank.worldbank.org/source/international-debt-statistics,"World Bank principal, currency composition, interest and disbursed and outstanding of debt for different countries.",,,1770491396,,,,"/v3_resolved_mcf/world_bank/world_bank_ids/Currency/latest/graph.tfrecord@1.gz,/v3_resolved_mcf/world_bank/world_bank_ids/Interest/latest/graph.tfrecord@1.gz,/v3_resolved_mcf/world_bank/world_bank_ids/Principal/latest/graph.tfrecord@1.gz,/v3_resolved_mcf/world_bank/world_bank_ids/Disbursed_Outstanding/latest/graph.tfrecord@1.gz",dc/d/WorldBank_WorldBankInternationalDebtStatistics
dc/base/WorldDevelopmentIndicators,dc/base/WorldDevelopmentIndicators,WorldDevelopmentIndicators,dc/cjj7vp,dc/s/WorldBank,https://datatopics.worldbank.org/world-development-indicators/,,,,1770491397,,,,"/v3_resolved_mcf/wdi/github/latest/graph.tfrecord@1.gz,/v3_resolved_mcf/wdi/historical/graph.tfrecord@1.gz",dc/d/WorldBank_WorldDevelopmentIndicators
dc/base/MidDcidMappings,dc/base/MidDcidMappings,MidDcidMappings,dc/cjj7vp,,https://www.google.com,,/v3_resolved_mcf/geos/MidDcidMappings/*.mcf,,1770491256,,,,,
dc/base/IndiaGeoCoordinates_Simplified,dc/base/IndiaGeoCoordinates_Simplified,IndiaGeoCoordinates_Simplified,dc/cjj7vp,,http://projects.datameet.org/maps,,/v3_resolved_mcf/india_geojson/simplified/*.mcf,,1770491256,,,,,
dc/base/FloodsS2Cells,dc/base/FloodsS2Cells,FloodsS2Cells,dc/cjj7vp,,https://s2geometry.io/resources/s2cell_statistics.html,S2Cells from levels 10 to 13 that have data on floods.,/v3_resolved_mcf/floods/places/nodes.mcf@1,,1770491256,,,,,
dc/base/FiresS2Cells,dc/base/FiresS2Cells,FiresS2Cells,dc/cjj7vp,,https://s2geometry.io/resources/s2cell_statistics.html,S2Cells from levels 10 to 13 that have data on fires.,/v3_resolved_mcf/fires/firms/2022-11-23/place/nodes.mcf@1,,1770491256,,,,,
dc/base/AustraliaGeoCoordinates,dc/base/AustraliaGeoCoordinates,AustraliaGeoCoordinates,dc/cjj7vp,dc/s/AustralianBureauOfStatistics,https://www.abs.gov.au/statistics/standards/australian-statistical-geography-standard-asgs-edition-3/jul2021-jun2026/access-and-downloads/digital-boundary-files,,"/v3_resolved_mcf/aus/geodata/*.mcf,/v3_resolved_mcf/aus/geodata/simplified/*.mcf",,1770491256,,,,,dc/d/AustralianBureauOfStatistics_AustraliaSubnationalAdministrativeBoundaries
dc/base/ExperimentalStatVars,dc/base/ExperimentalStatVars,ExperimentalStatVars,dc/cjj7vp,dc/s/DataCommons,https://datacommons.org,,"/v3_resolved_mcf/experimental_stat_vars/*/*.mcf,/v3_resolved_mcf/experimental_stat_vars/*/*/*.mcf",,1770491256,,,,,dc/d/DataCommons_DataCommonsSchema
dc/base/AutoGeneratedStatVars,dc/base/AutoGeneratedStatVars,AutoGeneratedStatVars,dc/cjj7vp,dc/s/DataCommons,https://datacommons.org/,,"/v3_resolved_mcf/pop_obs_auto_gen_sv/pop_obs_auto_gen_sv.mcf@10,/v3_resolved_mcf/derived_graph/20230809/CensusACS5YearSurvey_SuperEnum/stat_var.mcf@1,/v3_resolved_mcf/derived_graph/20230809/CensusACS5YearSurvey_AggCountry_SuperEnum/stat_var.mcf@1,/v3_resolved_mcf/derived_graph/NCES_PublicSchoolStats_SuperEnum/stat_var_historical.mcf,/v3_resolved_mcf/derived_graph/NCES_SchoolDistrictStats_SuperEnum/stat_var_historical.mcf,/v3_resolved_mcf/census_v6/new_stat_vars.mcf@1,/v3_resolved_mcf/bls/jolts/BLSJolts_StatisticalVariables.mcf,/v3_resolved_mcf/bls/qcew_20200922/*part_*.mcf,/v3_resolved_mcf/bls/qcew/statvars/1900_2024_statvars.mcf",,1770491256,,,,,dc/d/DataCommons_DataCommonsSchema
dc/base/HumanReadableStatVars,dc/base/HumanReadableStatVars,HumanReadableStatVars,dc/cjj7vp,dc/s/DataCommons,https://datacommons.org,,/memfile/resolved_mcfs_memfile/schema/stat_vars/*.mcf,,1770491256,,,,,dc/d/DataCommons_DataCommonsSchema
dc/base/BaseSchema,dc/base/BaseSchema,BaseSchema,dc/cjj7vp,dc/s/DataCommons,https://datacommons.org,,"/memfile/resolved_mcfs_memfile/schema/core/*.mcf,/memfile/resolved_mcfs_memfile/schema/biomedical_schema/*.mcf",,1770491256,,,,,dc/d/DataCommons_DataCommonsSchema
dc/base/IndiaGeoCoordinates,dc/base/IndiaGeoCoordinates,IndiaGeoCoordinates,dc/cjj7vp,dc/s/Datameet,http://projects.datameet.org/maps,,/v3_resolved_mcf/india_geojson/*.mcf,,1770491256,,,,,dc/d/Datameet_DatameetMaps
dc/base/EurostatGeoCoodinates,dc/base/EurostatGeoCoodinates,EurostatGeoCoodinates,dc/cjj7vp,dc/s/EuropeanUnionEuEurostat,https://ec.europa.eu/eurostat/web/gisco/geodata/reference-data/administrative-units-statistical-units/nuts,,/v3_resolved_mcf/eurostat_geojson/*.mcf,,1770491256,,,,,dc/d/EuropeanUnionEuEurostat_RegionalStatisticsByNutsClassification
dc/base/EuroGeos,dc/base/EuroGeos,EuroGeos,dc/cjj7vp,dc/s/EuropeanUnionEuEurostat,https://ec.europa.eu/eurostat/web/gisco/geodata/reference-data/administrative-units-statistical-units/nuts,,/v3_resolved_mcf/geos/EuroGeos/*.mcf,,1770491256,,,,,dc/d/EuropeanUnionEuEurostat_RegionalStatisticsByNutsClassification
dc/base/GeoBoundaries_Latvia_ADM2,dc/base/GeoBoundaries_Latvia_ADM2,GeoBoundaries_Latvia_ADM2,dc/cjj7vp,dc/s/Geoboundaries,https://github.com/wmgeolab/geoBoundaries/tree/main/releaseData/gbOpen/LVA/ADM2,Includes the boundary files of the Administrative Area 2 divisions of Latvia.,/v3_resolved_mcf/geos/BaseGeos/boundaryFiles/Latvia/ADM2/*.mcf,,1770491256,,,,,dc/d/Geoboundaries_GlobalDatabaseOfPoliticalAdministrativeBoundariesDatabase
dc/base/GeoBoundaries_Albania,dc/base/GeoBoundaries_Albania,GeoBoundaries_Albania,dc/cjj7vp,dc/s/Geoboundaries,https://github.com/wmgeolab/geoBoundaries/tree/main/releaseData/gbOpen,Includes the boundary files for the Administrative Areas 1 in Albania.,/v3_resolved_mcf/geoBoundaries/gbOpen/ALB/ADM1/BoundaryFiles/*.mcf,,1770491256,,,,,dc/d/Geoboundaries_GlobalDatabaseOfPoliticalAdministrativeBoundariesDatabase
dc/base/GeoBoundaries_Guinea,dc/base/GeoBoundaries_Guinea,GeoBoundaries_Guinea,dc/cjj7vp,dc/s/Geoboundaries,https://github.com/wmgeolab/geoBoundaries/tree/main/releaseData/gbOpen,Includes the boundary files of the regions(Administrative Area 1 division) of Guinea.,/v3_resolved_mcf/geos/BaseGeos/boundaryFiles/Guinea/*.mcf,,1770491256,,,,,dc/d/Geoboundaries_GlobalDatabaseOfPoliticalAdministrativeBoundariesDatabase
dc/base/GeoBoundaries_Belarus,dc/base/GeoBoundaries_Belarus,GeoBoundaries_Belarus,dc/cjj7vp,dc/s/Geoboundaries,https://github.com/wmgeolab/geoBoundaries/tree/main/releaseData/gbOpen/BLR/ADM1,Includes the boundary files of the oblasts (Administrative Area 1 division) of Belarus.,/v3_resolved_mcf/geos/BaseGeos/boundaryFiles/Belarus/ADM1/*.mcf,,1770491256,,,,,dc/d/Geoboundaries_GlobalDatabaseOfPoliticalAdministrativeBoundariesDatabase
dc/base/GeoBoundaries_SouthKorea,dc/base/GeoBoundaries_SouthKorea,GeoBoundaries_SouthKorea,dc/cjj7vp,dc/s/Geoboundaries,https://github.com/wmgeolab/geoBoundaries/tree/main/releaseData/gbOpen,Includes Administrative Area1 places of SouthKorea.,/v3_resolved_mcf/geoBoundaries/gbOpen/KOR/ADM1/BoundaryFiles/*.mcf,,1770491256,,,,,dc/d/Geoboundaries_GlobalDatabaseOfPoliticalAdministrativeBoundariesDatabase
dc/base/GeoBoundaries_UnitedKingdom,dc/base/GeoBoundaries_UnitedKingdom,GeoBoundaries_UnitedKingdom,dc/cjj7vp,dc/s/Geoboundaries,https://github.com/wmgeolab/geoBoundaries/tree/main/releaseData/gbOpen/GBR/ADM1,Includes the boundary files for the Administrative Area 1 of United Kingdom.,/v3_resolved_mcf/geos/BaseGeos/boundaryFiles/United_Kingdom/ADM1/*.mcf,,1770491256,,,,,dc/d/Geoboundaries_GlobalDatabaseOfPoliticalAdministrativeBoundariesDatabase
dc/base/GeoBoundaries_Moldova,dc/base/GeoBoundaries_Moldova,GeoBoundaries_Moldova,dc/cjj7vp,dc/s/Geoboundaries,https://github.com/wmgeolab/geoBoundaries/tree/main/releaseData/gbOpen/MDA/ADM1,Includes the boundary files for the Administrative Areas 1 in Moldova.,/v3_resolved_mcf/geoBoundaries/gbOpen/MDA/ADM1/Boundaries_file/*.mcf,,1770491256,,,,,dc/d/Geoboundaries_GlobalDatabaseOfPoliticalAdministrativeBoundariesDatabase
dc/base/GeoBoundaries_Israel,dc/base/GeoBoundaries_Israel,GeoBoundaries_Israel,dc/cjj7vp,dc/s/Geoboundaries,https://github.com/wmgeolab/geoBoundaries/tree/main/releaseData/gbOpen,Includes Administrative Area1 places of Israel.,/v3_resolved_mcf/geoBoundaries/gbOpen/ISR/ADM1/Boundaryfiles/*.mcf,,1770491256,,,,,dc/d/Geoboundaries_GlobalDatabaseOfPoliticalAdministrativeBoundariesDatabase
dc/base/GeoBoundaries_Honduras_ADM2,dc/base/GeoBoundaries_Honduras_ADM2,GeoBoundaries_Honduras_ADM2,dc/cjj7vp,dc/s/Geoboundaries,https://github.com/wmgeolab/geoBoundaries/tree/main/releaseData/gbOpen/HND/ADM2,Includes the boundary files of the municipalities(Administrative Area 2 division) of Honduras.,/v3_resolved_mcf/geos/BaseGeos/boundaryFiles/Honduras/ADM2/*.mcf,,1770491256,,,,,dc/d/Geoboundaries_GlobalDatabaseOfPoliticalAdministrativeBoundariesDatabase
dc/base/GeoBoundaries_Latvia,dc/base/GeoBoundaries_Latvia,GeoBoundaries_Latvia,dc/cjj7vp,dc/s/Geoboundaries,https://github.com/wmgeolab/geoBoundaries/tree/main/releaseData/gbOpen/LVA/ADM1,Includes the boundary files of the municipalities(Administrative Area 1 division) of Latvia.,/v3_resolved_mcf/geos/BaseGeos/boundaryFiles/Latvia/*.mcf,,1770491256,,,,,dc/d/Geoboundaries_GlobalDatabaseOfPoliticalAdministrativeBoundariesDatabase
dc/base/GeoBoundaries_Federated_States_of_Micronesia,dc/base/GeoBoundaries_Federated_States_of_Micronesia,GeoBoundaries_Federated_States_of_Micronesia,dc/cjj7vp,dc/s/Geoboundaries,https://github.com/wmgeolab/geoBoundaries/tree/main/releaseData/gbOpen,Includes the boundary files for the Administrative Areas 1 in Solomon Islands.,/v3_resolved_mcf/geoBoundaries/gbOpen/FSM/ADM1/Boundaries_file/*.mcf,,1770491256,,,,,dc/d/Geoboundaries_GlobalDatabaseOfPoliticalAdministrativeBoundariesDatabase
dc/base/GeoBoundaries_Afghanistan_ADM2,dc/base/GeoBoundaries_Afghanistan_ADM2,GeoBoundaries_Afghanistan_ADM2,dc/cjj7vp,dc/s/Geoboundaries,https://github.com/wmgeolab/geoBoundaries/tree/main/releaseData/gbOpen/AFG/ADM2,Includes the boundary files of the districts(Administrative Area 2 division) of Afghanistan.,/v3_resolved_mcf/geos/BaseGeos/boundaryFiles/Afghanistan/ADM2/*.mcf,,1770491256,,,,,dc/d/Geoboundaries_GlobalDatabaseOfPoliticalAdministrativeBoundariesDatabase
dc/base/GeoBoundaries_Pakistan,dc/base/GeoBoundaries_Pakistan,GeoBoundaries_Pakistan,dc/cjj7vp,dc/s/Geoboundaries,https://github.com/wmgeolab/geoBoundaries/tree/main/releaseData/gbOpen,Includes the boundary files for the Administrative Areas 1 in Pakistan.,/v3_resolved_mcf/geoBoundaries/gbOpen/PAK/ADM1/Boundaries_file/*.mcf,,1770491256,,,,,dc/d/Geoboundaries_GlobalDatabaseOfPoliticalAdministrativeBoundariesDatabase
dc/base/GeoBoundaries_Ireland,dc/base/GeoBoundaries_Ireland,GeoBoundaries_Ireland,dc/cjj7vp,dc/s/Geoboundaries,https://github.com/wmgeolab/geoBoundaries/tree/main/releaseData/gbOpen,Includes the boundary files for the Administrative Areas 1(Provinces) in Ireland.,/v3_resolved_mcf/geoBoundaries/gbOpen/IRL/ADM1/Boundaryfiles/*.mcf,,1770491256,,,,,dc/d/Geoboundaries_GlobalDatabaseOfPoliticalAdministrativeBoundariesDatabase
dc/base/GeoBoundaries_Greece,dc/base/GeoBoundaries_Greece,GeoBoundaries_Greece,dc/cjj7vp,dc/s/Geoboundaries,https://github.com/wmgeolab/geoBoundaries/tree/main/releaseData/gbOpen/GRC/ADM1,Includes the Boundary files for the Administrative Area 1 divisions of Greece.,/v3_resolved_mcf/geos/BaseGeos/boundaryFiles/Greece/*.mcf,,1770491256,,,,,dc/d/Geoboundaries_GlobalDatabaseOfPoliticalAdministrativeBoundariesDatabase
dc/base/GeoBoundaries_Romania,dc/base/GeoBoundaries_Romania,GeoBoundaries_Romania,dc/cjj7vp,dc/s/Geoboundaries,https://github.com/wmgeolab/geoBoundaries/tree/main/releaseData/gbOpen/ROU/ADM1,Includes the Boundary files for the Administrative Area 1 divisions of Romania.,/v3_resolved_mcf/geos/BaseGeos/boundaryFiles/Romania/*.mcf,,1770491256,,,,,dc/d/Geoboundaries_GlobalDatabaseOfPoliticalAdministrativeBoundariesDatabase
dc/base/GeoBoundaries_Turkmenistan,dc/base/GeoBoundaries_Turkmenistan,GeoBoundaries_Turkmenistan,dc/cjj7vp,dc/s/Geoboundaries,https://github.com/wmgeolab/geoBoundaries/tree/main/releaseData/gbOpen,Includes the provinces(Administrative Area 1 division) of Turkmenistan.,/v3_resolved_mcf/geoBoundaries/gbOpen/TKM/ADM1/Boundaryfiles/*.mcf,,1770491256,,,,,dc/d/Geoboundaries_GlobalDatabaseOfPoliticalAdministrativeBoundariesDatabase
dc/base/GeoBoundaries_Niger_ADM2,dc/base/GeoBoundaries_Niger_ADM2,GeoBoundaries_Niger_ADM2,dc/cjj7vp,dc/s/Geoboundaries,https://github.com/wmgeolab/geoBoundaries/tree/main/releaseData/gbOpen/NER/ADM2,Includes the boundary files of the departments(Administrative Area 2 division) of Niger.,/v3_resolved_mcf/geos/BaseGeos/boundaryFiles/Niger/ADM2/*.mcf,,1770491256,,,,,dc/d/Geoboundaries_GlobalDatabaseOfPoliticalAdministrativeBoundariesDatabase
dc/base/GeoBoundaries_Myanmar,dc/base/GeoBoundaries_Myanmar,GeoBoundaries_Myanmar,dc/cjj7vp,dc/s/Geoboundaries,https://github.com/wmgeolab/geoBoundaries/tree/main/releaseData/gbOpen,Includes the provinces(Administrative Area 1 division) of Myanmar.,/v3_resolved_mcf/geoBoundaries/gbOpen/MMR/ADM1/Boundaryfiles/*.mcf,,1770491256,,,,,dc/d/Geoboundaries_GlobalDatabaseOfPoliticalAdministrativeBoundariesDatabase
dc/base/GeoBoundaries_Dominica,dc/base/GeoBoundaries_Dominica,GeoBoundaries_Dominica,dc/cjj7vp,dc/s/Geoboundaries,https://github.com/wmgeolab/geoBoundaries/tree/main/releaseData/gbOpen/DMA/ADM1,Includes the boundary files for the Administrative Areas 1 in Dominica.,/v3_resolved_mcf/geos/BaseGeos/boundaryFiles/Dominica/*.mcf,,1770491256,,,,,dc/d/Geoboundaries_GlobalDatabaseOfPoliticalAdministrativeBoundariesDatabase
dc/base/GeoBoundaries_NewZealand_ADM2,dc/base/GeoBoundaries_NewZealand_ADM2,GeoBoundaries_NewZealand_ADM2,dc/cjj7vp,dc/s/Geoboundaries,https://github.com/wmgeolab/geoBoundaries/tree/main/releaseData/gbOpen/NZL/ADM2,Includes the boundary files for the Administrative Areas 2 in NewZealand.,/v3_resolved_mcf/geoBoundaries/gbOpen/NZL/ADM2/Boundaries_file/*.mcf,,1770491256,,,,,dc/d/Geoboundaries_GlobalDatabaseOfPoliticalAdministrativeBoundariesDatabase
dc/base/GeoBoundaries_Brazil_AA1,dc/base/GeoBoundaries_Brazil_AA1,GeoBoundaries_Brazil_AA1,dc/cjj7vp,dc/s/Geoboundaries,https://github.com/wmgeolab/geoBoundaries/tree/main/releaseData/gbOpen/BRA/ADM1/,Includes the boundary files for Administrative Area 1 in Brazil.,/v3_resolved_mcf/geos/BaseGeos/boundaryFiles/Brazil/ADM1/*.mcf,,1770491256,,,,,dc/d/Geoboundaries_GlobalDatabaseOfPoliticalAdministrativeBoundariesDatabase
dc/base/GeoBoundaries_Brunei,dc/base/GeoBoundaries_Brunei,GeoBoundaries_Brunei,dc/cjj7vp,dc/s/Geoboundaries,https://github.com/wmgeolab/geoBoundaries/tree/main/releaseData/gbOpen/BRN/ADM1,Includes the boundary files of the districts (Administrative Area 1 division) of Brunei.,/v3_resolved_mcf/geos/BaseGeos/boundaryFiles/Brunei/*.mcf,,1770491256,,,,,dc/d/Geoboundaries_GlobalDatabaseOfPoliticalAdministrativeBoundariesDatabase
dc/base/GeoBoundaries_NorthKorea,dc/base/GeoBoundaries_NorthKorea,GeoBoundaries_NorthKorea,dc/cjj7vp,dc/s/Geoboundaries,https://github.com/wmgeolab/geoBoundaries/tree/main/releaseData/gbOpen/PRK/ADM1,Includes the boundary files of the provinces(Administrative Area 1 division) of North Korea.,/v3_resolved_mcf/geos/BaseGeos/boundaryFiles/NorthKorea/ADM1/*.mcf,,1770491256,,,,,dc/d/Geoboundaries_GlobalDatabaseOfPoliticalAdministrativeBoundariesDatabase
dc/base/GeoBoundaries_Argentina,dc/base/GeoBoundaries_Argentina,GeoBoundaries_Argentina,dc/cjj7vp,dc/s/Geoboundaries,https://github.com/wmgeolab/geoBoundaries/tree/main/releaseData/gbOpen,Includes the boundary files for the provinces(Administrative Area 1 division) in Argentina.,/v3_resolved_mcf/geoBoundaries/gbOpen/ARG/ADM1/BoundaryFiles/*.mcf,,1770491256,,,,,dc/d/Geoboundaries_GlobalDatabaseOfPoliticalAdministrativeBoundariesDatabase
dc/base/GeoBoundaries_Solomon_Islands,dc/base/GeoBoundaries_Solomon_Islands,GeoBoundaries_Solomon_Islands,dc/cjj7vp,dc/s/Geoboundaries,https://github.com/wmgeolab/geoBoundaries/tree/main/releaseData/gbOpen,Includes the boundary files for the Administrative Areas 1 in Solomon Islands.,/v3_resolved_mcf/geoBoundaries/gbOpen/SLB/ADM1/Boundaries_file/*.mcf,,1770491256,,,,,dc/d/Geoboundaries_GlobalDatabaseOfPoliticalAdministrativeBoundariesDatabase
dc/base/GeoBoundaries_Macedonia,dc/base/GeoBoundaries_Macedonia,GeoBoundaries_Macedonia,dc/cjj7vp,dc/s/Geoboundaries,https://github.com/wmgeolab/geoBoundaries/tree/main/releaseData/gbOpen/MKD/ADM1,Includes the boundary files for the Administrative Areas 1 in Macedonia.,/v3_resolved_mcf/geoBoundaries/gbOpen/MKD/ADM1/boundaries_files/*.mcf,,1770491256,,,,,dc/d/Geoboundaries_GlobalDatabaseOfPoliticalAdministrativeBoundariesDatabase
dc/base/GeoBoundaries_Fiji,dc/base/GeoBoundaries_Fiji,GeoBoundaries_Fiji,dc/cjj7vp,dc/s/Geoboundaries,https://github.com/wmgeolab/geoBoundaries/tree/main/releaseData/gbOpen,Includes the boundary files for the Administrative Areas 1 in Fiji.,/v3_resolved_mcf/geoBoundaries/gbOpen/FJI/ADM1/Boundaryfiles/*.mcf,,1770491256,,,,,dc/d/Geoboundaries_GlobalDatabaseOfPoliticalAdministrativeBoundariesDatabase
dc/base/GeoBoundaries_Madagascar_ADM2,dc/base/GeoBoundaries_Madagascar_ADM2,GeoBoundaries_Madagascar_ADM2,dc/cjj7vp,dc/s/Geoboundaries,https://github.com/wmgeolab/geoBoundaries/tree/main/releaseData/gbOpen/MDG/ADM2,Includes the boundary files of the districts(Administrative Area 2 division) of Madagascar.,/v3_resolved_mcf/geos/BaseGeos/boundaryFiles/Madagascar/ADM2/*.mcf,,1770491256,,,,,dc/d/Geoboundaries_GlobalDatabaseOfPoliticalAdministrativeBoundariesDatabase
dc/base/GeoBoundaries_NewZealand,dc/base/GeoBoundaries_NewZealand,GeoBoundaries_NewZealand,dc/cjj7vp,dc/s/Geoboundaries,https://github.com/wmgeolab/geoBoundaries/tree/main/releaseData/gbOpen,Includes the boundary files for the regions(Administrative Area 1 division) in NewZealand.,/v3_resolved_mcf/geoBoundaries/gbOpen/NZL/ADM1/BoundaryFiles/*.mcf,,1770491256,,,,,dc/d/Geoboundaries_GlobalDatabaseOfPoliticalAdministrativeBoundariesDatabase
dc/base/GeoBoundaries_Qatar,dc/base/GeoBoundaries_Qatar,GeoBoundaries_Qatar,dc/cjj7vp,dc/s/Geoboundaries,https://github.com/wmgeolab/geoBoundaries/tree/main/releaseData/gbOpen,Includes administratrive area 1 places of Qatar.,/v3_resolved_mcf/geoBoundaries/gbOpen/QAT/ADM1/BoundaryFiles/*.mcf,,1770491256,,,,,dc/d/Geoboundaries_GlobalDatabaseOfPoliticalAdministrativeBoundariesDatabase
dc/base/GeoBoundaries_Jordan,dc/base/GeoBoundaries_Jordan,GeoBoundaries_Jordan,dc/cjj7vp,dc/s/Geoboundaries,https://github.com/wmgeolab/geoBoundaries/tree/main/releaseData/gbOpen,Includes the boundary files for the Administrative Areas 1 in Jordan.,/v3_resolved_mcf/geoBoundaries/gbOpen/JOR/ADM1/Boundaryfiles/*.mcf,,1770491256,,,,,dc/d/Geoboundaries_GlobalDatabaseOfPoliticalAdministrativeBoundariesDatabase
dc/base/GeoBoundaries_Bahamas,dc/base/GeoBoundaries_Bahamas,GeoBoundaries_Bahamas,dc/cjj7vp,dc/s/Geoboundaries,https://github.com/wmgeolab/geoBoundaries/tree/main/releaseData/gbOpen,Includes the boundary files for the Administrative Areas 1 in Bahamas.,/v3_resolved_mcf/geoBoundaries/gbOpen/BHS/ADM1/Boundaries_file/*.mcf,,1770491256,,,,,dc/d/Geoboundaries_GlobalDatabaseOfPoliticalAdministrativeBoundariesDatabase
dc/base/GeoBoundaries_Federated_States_of_Micronesia_ADM2,dc/base/GeoBoundaries_Federated_States_of_Micronesia_ADM2,GeoBoundaries_Federated_States_of_Micronesia_ADM2,dc/cjj7vp,dc/s/Geoboundaries,https://github.com/wmgeolab/geoBoundaries/tree/main/releaseData/gbOpen/FSM/ADM2,Includes the boundary files of the Municipalities (Administrative Area 2 division) of Federated States of Micronesia.,/v3_resolved_mcf/geos/BaseGeos/boundaryFiles/Federated_States_of_Micronesia/ADM2/*.mcf,,1770491256,,,,,dc/d/Geoboundaries_GlobalDatabaseOfPoliticalAdministrativeBoundariesDatabase
dc/base/GeoBoundaries_BosniaAndHerzegovina_ADM2,dc/base/GeoBoundaries_BosniaAndHerzegovina_ADM2,GeoBoundaries_BosniaAndHerzegovina_ADM2,dc/cjj7vp,dc/s/Geoboundaries,https://github.com/wmgeolab/geoBoundaries/tree/main/releaseData/gbOpen/BIH/ADM2,Includes the boundary files of the cantons(Administrative Area 2 division) of Bosnia and Herzegovina.,/v3_resolved_mcf/geos/BaseGeos/boundaryFiles/Bosnia_and_Herzegovina/ADM2/*.mcf,,1770491256,,,,,dc/d/Geoboundaries_GlobalDatabaseOfPoliticalAdministrativeBoundariesDatabase
dc/base/GeoBoundaries_Afghanistan,dc/base/GeoBoundaries_Afghanistan,GeoBoundaries_Afghanistan,dc/cjj7vp,dc/s/Geoboundaries,https://github.com/wmgeolab/geoBoundaries/tree/main/releaseData/gbOpen,Includes the boundary files of the provinces(Administrative Area 1 division) of Afghanistan.,/v3_resolved_mcf/geoBoundaries/gbOpen/AFG/ADM1/BoundaryFiles/*.mcf,,1770491256,,,,,dc/d/Geoboundaries_GlobalDatabaseOfPoliticalAdministrativeBoundariesDatabase
dc/base/GeoBoundaries_Norway,dc/base/GeoBoundaries_Norway,GeoBoundaries_Norway,dc/cjj7vp,dc/s/Geoboundaries,https://github.com/wmgeolab/geoBoundaries/tree/main/releaseData/gbOpen/NOR/ADM1,Includes the boundary files of the Administrative Area 1 divisions of Norway.,/v3_resolved_mcf/geos/BaseGeos/boundaryFiles/Norway/*.mcf,,1770491256,,,,,dc/d/Geoboundaries_GlobalDatabaseOfPoliticalAdministrativeBoundariesDatabase
dc/base/GeoBoundaries_Sudan,dc/base/GeoBoundaries_Sudan,GeoBoundaries_Sudan,dc/cjj7vp,dc/s/Geoboundaries,https://github.com/wmgeolab/geoBoundaries/tree/main/releaseData/gbOpen,Includes the boundary files for the Administrative Areas 1 in Sudan.,/v3_resolved_mcf/geoBoundaries/gbOpen/SDN/ADM1/Boundaries_file/*.mcf,,1770491256,,,,,dc/d/Geoboundaries_GlobalDatabaseOfPoliticalAdministrativeBoundariesDatabase
dc/base/GeoBoundaries_CapeVerde_ADM2,dc/base/GeoBoundaries_CapeVerde_ADM2,GeoBoundaries_CapeVerde_ADM2,dc/cjj7vp,dc/s/Geoboundaries,https://github.com/wmgeolab/geoBoundaries/tree/main/releaseData/gbOpen/CPV/ADM2,Includes the boundary files of the Administrative Area 2 divisions of Cape Verde.,/v3_resolved_mcf/geos/BaseGeos/boundaryFiles/CapeVerde/ADM2/*.mcf,,1770491256,,,,,dc/d/Geoboundaries_GlobalDatabaseOfPoliticalAdministrativeBoundariesDatabase
dc/base/GoogleKGOnlyGeos,dc/base/GoogleKGOnlyGeos,GoogleKGOnlyGeos,dc/cjj7vp,dc/s/Google,https://www.google.com,,"/v3_resolved_mcf/kg_stats_v2/*/place.mcf,/v3_resolved_mcf/kg_stats_v2/20240819/*/place.mcf,/v3_resolved_mcf/kg_person_counts/NewWikidata/*.mcf",,1770491256,,,,,dc/d/Google_GooglePlaces
dc/base/IndiaUDISEGeos,dc/base/IndiaUDISEGeos,IndiaUDISEGeos,dc/cjj7vp,dc/s/IndiaMinistryOfEducation,http://pgi.seshagun.gov.in/BackEnd-master/api/report/getMasterData,Indian Unified District Information System for Education (UDISE) district and block geos.,"/v3_resolved_mcf/india_udise/udise_geography/udise_districts/nodes.mcf@1,/v3_resolved_mcf/india_udise/udise_geography/udise_blocks/nodes.mcf@1",,1770491256,,,,,dc/d/IndiaMinistryOfEducation_UnifiedDistrictInformationSystemForEducationUdise
dc/base/IndiaUDISEStateMappings,dc/base/IndiaUDISEStateMappings,IndiaUDISEStateMappings,dc/cjj7vp,dc/s/IndiaMinistryOfEducation,http://pgi.seshagun.gov.in/BackEnd-master/api/report/getMasterData,Indian Unified District Information System for Education (UDISE) codes for states.,/v3_resolved_mcf/india_udise/udise_geography/udise_states/nodes.mcf@1,,1770491256,,,,,dc/d/IndiaMinistryOfEducation_UnifiedDistrictInformationSystemForEducationUdise
dc/base/IndiaLGDCodes,dc/base/IndiaLGDCodes,IndiaLGDCodes,dc/cjj7vp,dc/s/IndiaNationalInformaticsCentre,https://lgdirectory.gov.in/downloadDirectory.do?OWASP_CSRFTOKEN=G4BW-2HK0-ZHUD-605W-VA1F-EAC8-M9J0-W4S5,"Indian local government directory codes for land regions/revenue, rural and urban local governments.","/v3_resolved_mcf/india_lgd/lgd_districts/20230831/nodes.mcf@1,/v3_resolved_mcf/india_lgd/lgd_states/20230831/nodes.mcf@1",,1770491256,,,,,dc/d/IndiaNationalInformaticsCentre_IndiaLocalGovernmentDirectory
dc/base/IndiaWaterQualityStations,dc/base/IndiaWaterQualityStations,IndiaWaterQualityStations,dc/cjj7vp,dc/s/IndiaWaterResourcesInformationSystem,https://indiawris.gov.in/wris,,"/v3_resolved_mcf/india_wris/stations/20231226/GroundWaterStation/nodes.mcf@1,/v3_resolved_mcf/india_wris/stations/20231226/SurfaceWaterStation/nodes.mcf@1",,1770491256,,,,,dc/d/IndiaWaterResourcesInformationSystem_IndiaWaterQuality
dc/base/GeoCoordinatesData_Oceans,dc/base/GeoCoordinatesData_Oceans,GeoCoordinatesData_Oceans,dc/cjj7vp,dc/s/Marineregionsorg,https://www.marineregions.org/sources.php#goas,"Flanders Marine Institute (2021). Global Oceans and Seas, version 1. Available online at https://www.marineregions.org/. https://doi.org/10.14284/542.",/v3_resolved_mcf/oceans/geo/goas/*.mcf,,1770491256,,,,,dc/d/Marineregionsorg_GlobalOceansAndSeas
dc/base/GeoGridPlace_1Deg_Contains_With_Oceans,dc/base/GeoGridPlace_1Deg_Contains_With_Oceans,GeoGridPlace_1Deg_Contains_With_Oceans,dc/cjj7vp,dc/s/Marineregionsorg,https://www.marineregions.org/sources.php#goas,containedInPlace property values for one degree lat/long grids based on the Global Oceans and Seas boundaries.,/v3_resolved_mcf/oceans/geo/grid_1_ocean_contained.mcf,,1770491256,,,,,dc/d/Marineregionsorg_GlobalOceansAndSeas
dc/base/Canada_Census_Places,dc/base/Canada_Census_Places,Canada_Census_Places,dc/cjj7vp,dc/s/StatisticsCanada,https://www12.statcan.gc.ca/census-recensement/2021/geo/sip-pis/boundary-limites/index2021-eng.cfm?year=21,"Includes census divisions,census sub-division,electoral districts and designated places of Canada.","/v3_resolved_mcf/canada_statistics/geo/20240305/nodes.mcf@5,/v3_resolved_mcf/canada_statistics/geo/20240305/geo_boundary/*.mcf,/v3_resolved_mcf/canada_statistics/geo/20240305/geo_boundary/simplified-remove-loops/*.mcf",,1770491256,,,,,dc/d/StatisticsCanada_CanadaStatistics
dc/base/GeoCoordinatesData_UK,dc/base/GeoCoordinatesData_UK,GeoCoordinatesData_UK,dc/cjj7vp,dc/s/UkOfficeForNationalStatistics,https://geoportal.statistics.gov.uk/datasets/ons::lsoa-dec-2011-boundaries-generalised-clipped-bgc-ew-v3-2/explore,,/v3_resolved_mcf/geo_coordinates/uk/lsoa/*.mcf,,1770491256,,,,,dc/d/UkOfficeForNationalStatistics_UkOpenGeographyPortal
dc/base/EPA_Superfund_Sites,dc/base/EPA_Superfund_Sites,EPA_Superfund_Sites,dc/cjj7vp,dc/s/UnitedStatesEnvironmentalProtectionAgencyEpa,https://epa.maps.arcgis.com/apps/webappviewer/index.html?id=33cebcdfdd1b4c3a8b51d416956c41f1,EPA Superfund National Priorities List (NPL) Sites with Status Information rendered on a map,/v3_resolved_mcf/us_epa/superfund/sites/nodes.mcf@1,,1770491256,,,,,dc/d/UnitedStatesEnvironmentalProtectionAgencyEpa_SuperfundSites
dc/base/EPA_Superfund_Measurement_Sites,dc/base/EPA_Superfund_Measurement_Sites,EPA_Superfund_Measurement_Sites,dc/cjj7vp,dc/s/UnitedStatesEnvironmentalProtectionAgencyEpa,https://cumulis.epa.gov/supercpad/SiteProfiles/index.cfm?fuseaction=second.scs&id=0601269&doc=Y&colid=33990&region=06&type=SC,Measurement sites within and across EPA Superfund sites that are used to measure levels of contamination.,/v3_resolved_mcf/us_epa/superfund/measurement_sites/nodes.mcf,,1770491256,,,,,dc/d/UnitedStatesEnvironmentalProtectionAgencyEpa_SuperfundSites
dc/base/GeoCoordinatesData,dc/base/GeoCoordinatesData,GeoCoordinatesData,dc/cjj7vp,dc/s/UsCensusBureau,https://www.census.gov/geographies/reference-files/time-series/geo/gazetteer-files.2018.html,,/v3_resolved_mcf/geo_coordinates_data/*.mcf,,1770491256,,,,,dc/d/UsCensusBureau_CartographicBoundaryFiles
dc/base/GeoCoordinatesData_Simplified,dc/base/GeoCoordinatesData_Simplified,GeoCoordinatesData_Simplified,dc/cjj7vp,dc/s/UsCensusBureau,https://www.census.gov/geographies/reference-files/time-series/geo/gazetteer-files.2018.html,Lower resolution GeoJSONs derived from the US Census Gazetteer files.,/v3_resolved_mcf/geojson_simplified/*.mcf,,1770491256,,,,,dc/d/UsCensusBureau_CartographicBoundaryFiles
dc/base/BaseGeos,dc/base/BaseGeos,BaseGeos,dc/cjj7vp,dc/s/UsCensusBureau,https://www.census.gov/geographies/reference-files.html,,/v3_resolved_mcf/geos/BaseGeos/*/*.mcf,,1770491256,,,,,dc/d/UsCensusBureau_GazetteerFiles
dc/base/IPCCPlaces_GeoCoordinates,dc/base/IPCCPlaces_GeoCoordinates,IPCCPlaces_GeoCoordinates,dc/cjj7vp,dc/s/UsNationalAeronauticsAndSpaceAdministrationNasa,https://www.nccs.nasa.gov/services/data-collections/land-based-products/nex-gddp,Computed GeoJSON boundaries of IPCC places.,/v3_resolved_mcf/nasa/geos_coordinates/ipcc_places_geojson.mcf@10,,1770491256,,,,,dc/d/UsNationalAeronauticsAndSpaceAdministrationNasa_Nex-GlobalDownscaledClimateProjectionsFromIpccCmip5
dc/base/IPCCPlaces,dc/base/IPCCPlaces,IPCCPlaces,dc/cjj7vp,dc/s/UsNationalAeronauticsAndSpaceAdministrationNasa,https://www.nccs.nasa.gov/services/data-collections/land-based-products/nex-gddp,Places corresponding to grids on Earth to attach IPCC Climate observations.,/v3_resolved_mcf/nasa/geos/ipcc_places.mcf@10,,1770491256,,,,,dc/d/UsNationalAeronauticsAndSpaceAdministrationNasa_Nex-GlobalDownscaledClimateProjectionsFromIpccCmip5
dc/base/NCES_PrivateSchool,dc/base/NCES_PrivateSchool,NCES_PrivateSchool,dc/cjj7vp,dc/s/UsNationalCenterForEducationStatisticsNces,https://nces.ed.gov/ccd/elsi/tableGenerator.aspx,Private Schools in US from National Center of Educationa Statistics.,/v3_resolved_mcf/us_nces/demographics/private_school/place_resolution/latest/nodes.mcf@1,,1770491256,,,,,dc/d/UsNationalCenterForEducationStatisticsNces_UsPrivateSchoolData
dc/base/ABCDAntibodyAtlas,dc/base/ABCDAntibodyAtlas,ABCDAntibodyAtlas,dc/cjj7vp,,https://web.expasy.org/abcd/,"The ABCD (AntiBodies Chemically Defined) database is a repository of sequenced antibodies, integrating curated information about the antibody and its antigen with cross-links to standardized databases of chemical and protein entities.",/v3_resolved_mcf/abcd_antibody_atlas/AntibodyABCDData.mcf,,1770491264,,,,,
dc/base/RFFGridGeos,dc/base/RFFGridGeos,RFFGridGeos,dc/cjj7vp,,https://www.rff.org/publications/data-tools/,Includes GeoGridPlace_0.25Degree and GeoGridPlace_4KM entities for the US associated with weather variability statistics. Each entity is mapped to be contained in one or more US counties.,"/v3_resolved_mcf/rff/grids_0.25deg/nodes.mcf@1,/v3_resolved_mcf/rff/grids_4km/nodes.mcf@1",,1770491264,,,,,
dc/base/TideGaugeStations,dc/base/TideGaugeStations,TideGaugeStations,dc/cjj7vp,,https://podaac.jpl.nasa.gov/,Includes TideGaugeStation and GeoGridPlace_1Deg entities containing sea-level projection data.,/v3_resolved_mcf/nasa/cmip6_sealevel/places/nodes.mcf@1,,1770491264,,,,,
dc/base/S2Cells,dc/base/S2Cells,S2Cells,dc/cjj7vp,,https://s2geometry.io/resources/s2cell_statistics.html,,"/v3_resolved_mcf/s2cells/partial/*.mcf,/v3_resolved_mcf/s2cells/level10/nodes.mcf@10,/v3_resolved_mcf/s2cells/level10_containment/nodes.mcf@13",,1770491264,,,,,
dc/base/Climate_StatVarCalculation,dc/base/Climate_StatVarCalculation,Climate_StatVarCalculation,dc/cjj7vp,dc/s/DataCommons,https://datacommons.org/,Aggregated by DataCommons for climate with stat var calculation.,,,1770491264,,,,/v3_resolved_mcf/derived_graph/Climate_StatVarCalculation/graph.tfrecord@1151.gz,dc/d/DataCommons_DataCommonsAggregations
dc/base/DataCommons_CoverageStats,dc/base/DataCommons_CoverageStats,DataCommons_CoverageStats,dc/cjj7vp,dc/s/DataCommons,https://datacommons.org,,"/v3_resolved_mcf/datacommons/coverage_stats/202303/nodes.mcf@1,/v3_resolved_mcf/datacommons/coverage_stats/202308/nodes.mcf@1,/v3_resolved_mcf/datacommons/coverage_stats/202402/nodes.mcf@1,/v3_resolved_mcf/datacommons/coverage_stats/202404/nodes.mcf@1,/v3_resolved_mcf/datacommons/coverage_stats/202405/nodes.mcf@1,/v3_resolved_mcf/datacommons/coverage_stats/202406/nodes.mcf@1,/v3_resolved_mcf/datacommons/coverage_stats/202407/nodes.mcf@1,/v3_resolved_mcf/datacommons/coverage_stats/202408/nodes.mcf@1,/v3_resolved_mcf/datacommons/coverage_stats/202409/nodes.mcf@1,/v3_resolved_mcf/datacommons/coverage_stats/202410/nodes.mcf@1,/v3_resolved_mcf/datacommons/coverage_stats/202411/nodes.mcf@1",,1770491264,,,,,dc/d/DataCommons_DataCommonsAggregations
dc/base/Energy_StatVarCalculation,dc/base/Energy_StatVarCalculation,Energy_StatVarCalculation,dc/cjj7vp,dc/s/DataCommons,https://datacommons.org/,Aggregated by DataCommons for energy with stat var calculation.,,,1770491264,,,,/v3_resolved_mcf/derived_graph/Energy_StatVarCalculation/graph.tfrecord@1.gz,dc/d/DataCommons_DataCommonsAggregations
dc/base/NearbyGeos,dc/base/NearbyGeos,NearbyGeos,dc/cjj7vp,dc/s/DataCommons,https://datacommons.org,Nearby places computed for common place types by Data Commons.,/v3_resolved_mcf/geos/NearbyGeos/*.mcf,,1770491264,,,,,dc/d/DataCommons_DataCommonsSchema
dc/base/RawStatVars,dc/base/RawStatVars,RawStatVars,dc/cjj7vp,dc/s/DataCommons,https://datacommons.org,,"/v3_resolved_mcf/raw_stat_vars/*/*.mcf,/v3_resolved_mcf/raw_stat_vars/*/*/*.mcf",,1770491264,,,,,dc/d/DataCommons_DataCommonsSchema
dc/base/MolecularINTeractionDatabase,dc/base/MolecularINTeractionDatabase,MolecularINTeractionDatabase,dc/cjj7vp,dc/s/ElixirCoreDataResources,https://mint.bio.uniroma2.it/,Curated protein-protein interactions collected from the literature.,/v3_resolved_mcf/bio/chemicalCompound/MINT/*.mcf,,1770491264,,,,,dc/d/ElixirCoreDataResources_TheMolecularInteractionMintDatabase
dc/base/ENCODE,dc/base/ENCODE,ENCODE,dc/cjj7vp,dc/s/EncyclopediaOfDnaElementsEncode,https://www.encodeproject.org/,,/v3_resolved_mcf/bio/encode/*.mcf,,1770491264,,,,,dc/d/EncyclopediaOfDnaElementsEncode_ExperimentalData
dc/base/UniProt,dc/base/UniProt,UniProt,dc/cjj7vp,dc/s/EuropeanMolecularBiologyLaboratory-EuropeanBioinformaticsInstituteEmbl-ebi,https://www.uniprot.org/,,/v3_resolved_mcf/bio/chemicalCompound/protein/*.mcf,,1770491264,,,,,dc/d/EuropeanMolecularBiologyLaboratory-EuropeanBioinformaticsInstituteEmbl-ebi_Uniprot
dc/base/The_Sequence_Ontology,dc/base/The_Sequence_Ontology,The_Sequence_Ontology,dc/cjj7vp,dc/s/GeneOntologyConsortium,http://www.sequenceontology.org/,,/v3_resolved_mcf/bio/genomeAnnotation/The_Sequence_Ontology/nodes.mcf@1,,1770491264,,,,,dc/d/GeneOntologyConsortium_TheSequenceOntology
dc/base/OCHAGeoCoordinates_Monaco,dc/base/OCHAGeoCoordinates_Monaco,OCHAGeoCoordinates_Monaco,dc/cjj7vp,dc/s/Geoboundaries,https://data.humdata.org/dataset/whosonfirst-data-admin-mco,Includes the boundary files for the Administrative Areas 1 in Monaco.,/v3_resolved_mcf/ocha/geodata/Monaco/BoundaryFiles/*.mcf,,1770491264,,,,,dc/d/Geoboundaries_GlobalDatabaseOfPoliticalAdministrativeBoundariesDatabase
dc/base/OCHAGeoCoordinates_Liechtenstein,dc/base/OCHAGeoCoordinates_Liechtenstein,OCHAGeoCoordinates_Liechtenstein,dc/cjj7vp,dc/s/Geoboundaries,https://data.humdata.org/dataset/whosonfirst-data-admin-lie,Includes the boundary files for the Administrative Areas 1 in Liechtenstein.,/v3_resolved_mcf/ocha/geodata/Liechtenstein/BoundaryFiles/*.mcf,,1770491264,,,,,dc/d/Geoboundaries_GlobalDatabaseOfPoliticalAdministrativeBoundariesDatabase
dc/base/OCHAGeoCoordinates_Portugal,dc/base/OCHAGeoCoordinates_Portugal,OCHAGeoCoordinates_Portugal,dc/cjj7vp,dc/s/Geoboundaries,https://data.humdata.org/dataset/whosonfirst-data-admin-prt,Includes the boundary files for the Administrative Areas 1 in Portugal.,/v3_resolved_mcf/ocha/geodata/Portugal/BoundaryFiles/*.mcf,,1770491264,,,,,dc/d/Geoboundaries_GlobalDatabaseOfPoliticalAdministrativeBoundariesDatabase
dc/base/RandolphGlacierInventory,dc/base/RandolphGlacierInventory,RandolphGlacierInventory,dc/cjj7vp,dc/s/GlobalLandIceMeasurementsFromSpaceGlims,https://www.glims.org/RGI/rgi60_dl.html,,/v3_resolved_mcf/glims/rgi/place/nodes.mcf@1,,1770491264,,,,,dc/d/GlobalLandIceMeasurementsFromSpaceGlims_RandolphGlacierInventory
dc/base/PlaceIdDcidMappings,dc/base/PlaceIdDcidMappings,PlaceIdDcidMappings,dc/cjj7vp,dc/s/Google,https://www.google.com,,/v3_resolved_mcf/geos/PlaceIdDcidMappings/*.mcf,,1770491264,,,,,dc/d/Google_GooglePlaces
dc/base/IndiaNSS_HealthAilments_StatVarAgg,dc/base/IndiaNSS_HealthAilments_StatVarAgg,IndiaNSS_HealthAilments_StatVarAgg,dc/cjj7vp,dc/s/IndiaNationalSampleSurvey,https://ndap.niti.gov.in/dataset/7300,,,,1770491264,,,,/v3_resolved_mcf/derived_graph/IndiaNSS_HealthAilments_StatVarAgg/graph.tfrecord@1.gz,dc/d/IndiaNationalSampleSurvey_IndiaNationalSampleSurvey-Health
dc/base/ICTV_MasterSpeciesList,dc/base/ICTV_MasterSpeciesList,ICTV_MasterSpeciesList,dc/cjj7vp,dc/s/InternationalCommitteeOnTaxonomyOfVirusesIctv,https://ictv.global/msl,,/v3_resolved_mcf/bio/taxonomy/ictv3/VirusSpecies/nodes.mcf@1,,1770491264,,,,,dc/d/InternationalCommitteeOnTaxonomyOfVirusesIctv_MasterSpeciesList
dc/base/ICTV_VirusMetadataResource,dc/base/ICTV_VirusMetadataResource,ICTV_VirusMetadataResource,dc/cjj7vp,dc/s/InternationalCommitteeOnTaxonomyOfVirusesIctv,https://ictv.global/vmr,,"/v3_resolved_mcf/bio/taxonomy/ictv3/VirusIsolates/nodes.mcf@1,/v3_resolved_mcf/bio/taxonomy/ictv3/VirusGenomeSegments/nodes.mcf@1",,1770491264,,,,,dc/d/InternationalCommitteeOnTaxonomyOfVirusesIctv_VirusMetadataResource
dc/base/DiseasesJensenLab_Experiment,dc/base/DiseasesJensenLab_Experiment,DiseasesJensenLab_Experiment,dc/cjj7vp,dc/s/JensenLabUniversityOfCopenhagen,https://download.jensenlab.org/human_disease_experiments_full.tsv,,/v3_resolved_mcf/bio/jensen_lab/DISEASES_241101/experiment/nodes.mcf@1,,1770491264,,,,,dc/d/JensenLabUniversityOfCopenhagen_DiseasesExperiment
dc/base/DiseasesJensenLab_Knowledge,dc/base/DiseasesJensenLab_Knowledge,DiseasesJensenLab_Knowledge,dc/cjj7vp,dc/s/JensenLabUniversityOfCopenhagen,https://download.jensenlab.org/human_disease_knowledge_full.tsv,,"/v3_resolved_mcf/bio/jensen_lab/DISEASES_241101/codingGenes-knowledge/nodes.mcf@1,/v3_resolved_mcf/bio/jensen_lab/DISEASES_241101/nonCodingGenes-knowledge/nodes.mcf@1",,1770491264,,,,,dc/d/JensenLabUniversityOfCopenhagen_DiseasesKnowledge
dc/base/DiseasesJensenLab_Textmining,dc/base/DiseasesJensenLab_Textmining,DiseasesJensenLab_Textmining,dc/cjj7vp,dc/s/JensenLabUniversityOfCopenhagen,https://download.jensenlab.org/human_disease_textmining_full.tsv,,"/v3_resolved_mcf/bio/jensen_lab/DISEASES_241101/codingGenes-textmining/nodes.mcf@28,/v3_resolved_mcf/bio/jensen_lab/DISEASES_241101/nonCodingGenes-textmining/nodes.mcf@2",,1770491264,,,,,dc/d/JensenLabUniversityOfCopenhagen_DiseasesTextmining
dc/base/SIDER,dc/base/SIDER,SIDER,dc/cjj7vp,dc/s/JensenLabUniversityOfCopenhagen,http://sideeffects.embl.de/,,/v3_resolved_mcf/bio/jensen_lab/sider/nodes.mcf@1,,1770491264,,,,,dc/d/JensenLabUniversityOfCopenhagen_SideEffectResourceSider41
dc/base/NYBG,dc/base/NYBG,NYBG,dc/cjj7vp,dc/s/NewYorkBotanicalGardenNybg,https://nybg.org,,/v3_resolved_mcf/nybg/*.mcf,,1770491264,,,,,dc/d/NewYorkBotanicalGardenNybg_CVStarrVirtualHerbariumCollaboration
dc/base/US_CRDC_Schools_Directory,dc/base/US_CRDC_Schools_Directory,US_CRDC_Schools_Directory,dc/cjj7vp,dc/s/OfficeOfCivilRightsData,https://ocrdata.ed.gov/data,Public school directory data from the US Department of Education Office for Civil Rights (CRDC),/v3_resolved_mcf/country/us_education/us_urbaneducation_school/ccd_crdc_schools_directory/crdc_ncesid/nodes.mcf@1,,1770491264,,,,,dc/d/OfficeOfCivilRightsData_CivilRightsDataCollectionCrdcSchoolDirectory
dc/base/PharmGKB_Primary_Data,dc/base/PharmGKB_Primary_Data,PharmGKB_Primary_Data,dc/cjj7vp,dc/s/Pharmgkb,https://www.pharmgkb.org/,,"/v3_resolved_mcf/bio/pharmGKB_3/primary_data/chemicals/nodes.mcf@1,/v3_resolved_mcf/bio/pharmGKB_3/primary_data/drugs/nodes.mcf@1,/v3_resolved_mcf/bio/pharmGKB_3/primary_data/genes/nodes.mcf@1,/v3_resolved_mcf/bio/pharmGKB_3/primary_data/phenotypes/nodes.mcf@1,/v3_resolved_mcf/bio/pharmGKB_3/primary_data/phenotypes_mesh_qualifier/nodes.mcf@1,/v3_resolved_mcf/bio/pharmGKB_3/primary_data/phenotypes_mesh_supplementary_concept_record/nodes.mcf@1,/v3_resolved_mcf/bio/pharmGKB_3/primary_data/variants/nodes.mcf@1",,1770491264,,,,,dc/d/Pharmgkb_PharmgkbPrimaryData
dc/base/PharmGKB_Relationships,dc/base/PharmGKB_Relationships,PharmGKB_Relationships,dc/cjj7vp,dc/s/Pharmgkb,https://www.pharmgkb.org/,,"/v3_resolved_mcf/bio/pharmGKB_3/relationships_data/chem_chem/nodes.mcf@1,/v3_resolved_mcf/bio/pharmGKB_3/relationships_data/chem_gene/nodes.mcf@1,/v3_resolved_mcf/bio/pharmGKB_3/relationships_data/chem_var/nodes.mcf@1,/v3_resolved_mcf/bio/pharmGKB_3/relationships_data/disease_disease/nodes.mcf@1,/v3_resolved_mcf/bio/pharmGKB_3/relationships_data/disease_gene/nodes.mcf@1,/v3_resolved_mcf/bio/pharmGKB_3/relationships_data/disease_var/nodes.mcf@1,/v3_resolved_mcf/bio/pharmGKB_3/relationships_data/gene_gene/nodes.mcf@1,/v3_resolved_mcf/bio/pharmGKB_3/relationships_data/gene_var/nodes.mcf@1,/v3_resolved_mcf/bio/pharmGKB_3/relationships_data/var_var/nodes.mcf@1",,1770491264,,,,,dc/d/Pharmgkb_PharmgkbRelationshipsData
dc/base/India_RBIStateDomesticProduct_StatVarAgg_AggCountry,dc/base/India_RBIStateDomesticProduct_StatVarAgg_AggCountry,India_RBIStateDomesticProduct_StatVarAgg_AggCountry,dc/cjj7vp,dc/s/ReserveBankOfIndia,https://rbi.org.in/,,,,1770491264,,,,/v3_resolved_mcf/derived_graph/India_RBIStateDomesticProduct_StatVarAgg_AggCountry/graph.tfrecord@1.gz,dc/d/ReserveBankOfIndia_DatabaseOnIndianEconomy
dc/base/India_RBIStateDomesticProduct_AggCountry,dc/base/India_RBIStateDomesticProduct_AggCountry,India_RBIStateDomesticProduct_AggCountry,dc/cjj7vp,dc/s/ReserveBankOfIndia,https://rbi.org.in/,,,,1770491264,,,,/v3_resolved_mcf/derived_graph/India_RBIStateDomesticProduct_AggCountry/graph.tfrecord@1.gz,dc/d/ReserveBankOfIndia_DatabaseOnIndianEconomy
dc/base/India_RBIStateDomesticProduct_StatVarAgg,dc/base/India_RBIStateDomesticProduct_StatVarAgg,India_RBIStateDomesticProduct_StatVarAgg,dc/cjj7vp,dc/s/ReserveBankOfIndia,https://rbi.org.in/,,,,1770491264,,,,/v3_resolved_mcf/derived_graph/India_RBIStateDomesticProduct_StatVarAgg/graph.tfrecord@1.gz,dc/d/ReserveBankOfIndia_DatabaseOnIndianEconomy
dc/base/ZurichGeoImport_ADM2,dc/base/ZurichGeoImport_ADM2,ZurichGeoImport_ADM2,dc/cjj7vp,dc/s/StadtZurichOpenData,https://data.stadt-zuerich.ch/dataset/geo_stadtkreise,Includes the boundary files for the Administrative Area 2 divisions of Zurich.,/v3_resolved_mcf/geos/BaseGeos/boundaryFiles/Zurich/ADM2/*.mcf,,1770491264,,,,,dc/d/StadtZurichOpenData_ZurichGeocoordinates
dc/base/WikidataGeo_Zurich_ADM1,dc/base/WikidataGeo_Zurich_ADM1,WikidataGeo_Zurich_ADM1,dc/cjj7vp,dc/s/StadtZurichOpenData,https://en.wikipedia.org/wiki/Subdivisions_of_Zurich,Includes the Administrative Area 1 divisions of Zurich.,/v3_resolved_mcf/geos/BaseGeos/wikidata/Zurich/ADM1/nodes.mcf@1,,1770491264,,,,,dc/d/StadtZurichOpenData_ZurichGeocoordinates
dc/base/WikidataGeo_Zurich_ADM2,dc/base/WikidataGeo_Zurich_ADM2,WikidataGeo_Zurich_ADM2,dc/cjj7vp,dc/s/StadtZurichOpenData,https://en.wikipedia.org/wiki/Subdivisions_of_Zurich,Includes the Administrative Area 2 divisions of Zurich.,/v3_resolved_mcf/geos/BaseGeos/wikidata/Zurich/ADM2/nodes.mcf@1,,1770491264,,,,,dc/d/StadtZurichOpenData_ZurichGeocoordinates
dc/base/ZurichGeoImport_ADM1,dc/base/ZurichGeoImport_ADM1,ZurichGeoImport_ADM1,dc/cjj7vp,dc/s/StadtZurichOpenData,https://data.stadt-zuerich.ch/dataset/geo_stadtkreise,Includes the boundary files for the Administrative Area 1 divisions of Zurich.,/v3_resolved_mcf/geos/BaseGeos/boundaryFiles/Zurich/ADM1/*.mcf,,1770491264,,,,,dc/d/StadtZurichOpenData_ZurichGeocoordinates
dc/base/WikidataGeo_Zurich_ADM3,dc/base/WikidataGeo_Zurich_ADM3,WikidataGeo_Zurich_ADM3,dc/cjj7vp,dc/s/StadtZurichOpenData,https://en.wikipedia.org/wiki/Subdivisions_of_Zurich,Includes the Administrative Area 3 divisions of Zurich.,/v3_resolved_mcf/geos/BaseGeos/wikidata/Zurich/ADM3/nodes.mcf@1,,1770491264,,,,,dc/d/StadtZurichOpenData_ZurichGeocoordinates
dc/base/ZurichGeoImport_ADM3,dc/base/ZurichGeoImport_ADM3,ZurichGeoImport_ADM3,dc/cjj7vp,dc/s/StadtZurichOpenData,https://data.stadt-zuerich.ch/dataset/geo_stadtkreise,Includes the boundary files for the Administrative Area 3 divisions of Zurich.,/v3_resolved_mcf/geos/BaseGeos/boundaryFiles/Zurich/ADM3/*.mcf,,1770491264,,,,,dc/d/StadtZurichOpenData_ZurichGeocoordinates
dc/base/DeepSolar_AggCensusTract_AggCounty,dc/base/DeepSolar_AggCensusTract_AggCounty,DeepSolar_AggCensusTract_AggCounty,dc/cjj7vp,dc/s/StanfordUniversity,http://web.stanford.edu/group/deepsolar/home,Aggregated by DataCommons.,/v3_resolved_mcf/dc_aggregate/Place_2021-09-20/DeepSolar_AggCensusTract_AggCounty/place_aggregation.mcf@1,,1770491264,,,,,dc/d/StanfordUniversity_Deepsolar
dc/base/DeepSolar_AggCensusTract,dc/base/DeepSolar_AggCensusTract,DeepSolar_AggCensusTract,dc/cjj7vp,dc/s/StanfordUniversity,http://web.stanford.edu/group/deepsolar/home,Aggregated by DataCommons.,/v3_resolved_mcf/dc_aggregate/Place_2021-09-20/DeepSolar_AggCensusTract/place_aggregation.mcf@2,,1770491264,,,,,dc/d/StanfordUniversity_Deepsolar
dc/base/HumanProteinAtlas,dc/base/HumanProteinAtlas,HumanProteinAtlas,dc/cjj7vp,dc/s/TheHumanProteinAtlas,https://www.proteinatlas.org,"Information about the occurrence of proteins in human cells, tissues and organs.",/v3_resolved_mcf/protein_atlas/ProteinAtlasData.mcf,,1770491264,,,,,dc/d/TheHumanProteinAtlas_TheTissueAtlas
dc/base/UNGeodataSimplified,dc/base/UNGeodataSimplified,UNGeodataSimplified,dc/cjj7vp,dc/s/UnitedNationsUn,https://geoportal.un.org/arcgis/apps/sites/#/geohub/datasets/d7caaff3ef4b4f7c82689b7c4694ad92/about,UN Geodata Simplified,/v3_resolved_mcf/un/boundaries/*.mcf,,1770491264,,,,,dc/d/UnitedNationsUn_UnGeodata
dc/base/OCHAGeoCoordinates_Tonga_ADM2,dc/base/OCHAGeoCoordinates_Tonga_ADM2,OCHAGeoCoordinates_Tonga_ADM2,dc/cjj7vp,dc/s/UnitedNationsUn,https://data.humdata.org/dataset/cod-ab-ton,Includes the boundary files for the districts(Administrative Area 2 division) in Tonga.,/v3_resolved_mcf/ocha/geodata/Tonga/BoundaryFiles_ADM2/*.mcf,,1770491264,,,,,dc/d/UnitedNationsUn_UnOchaSubnationalAdministrativeBoundaries
dc/base/OCHAGeoCoordinates_ArabEmirates,dc/base/OCHAGeoCoordinates_ArabEmirates,OCHAGeoCoordinates_ArabEmirates,dc/cjj7vp,dc/s/UnitedNationsUn,https://data.humdata.org/dataset/cod-ab-are?,Includes the boundary files for the emirates(Administrative Area 1 division) in United Arab Emirates.,/v3_resolved_mcf/ocha/geodata/UnitedArabEmirates/BoundaryFiles/*.mcf,,1770491264,,,,,dc/d/UnitedNationsUn_UnOchaSubnationalAdministrativeBoundaries
dc/base/OCHAGeoCoordinates_Simplified,dc/base/OCHAGeoCoordinates_Simplified,OCHAGeoCoordinates_Simplified,dc/cjj7vp,dc/s/UnitedNationsUn,https://data.humdata.org,,/v3_resolved_mcf/ocha/geodata/simplified/*.mcf,,1770491264,,,,,dc/d/UnitedNationsUn_UnOchaSubnationalAdministrativeBoundaries
dc/base/OCHAGeoCoordinates_Jamaica,dc/base/OCHAGeoCoordinates_Jamaica,OCHAGeoCoordinates_Jamaica,dc/cjj7vp,dc/s/UnitedNationsUn,https://data.humdata.org/dataset/cod-ab-jam,Includes the parishes(Administrative Area 1 division) of Jamaica.,/v3_resolved_mcf/ocha/geodata/Jamaica/BoundaryFiles/*.mcf,,1770491264,,,,,dc/d/UnitedNationsUn_UnOchaSubnationalAdministrativeBoundaries
dc/base/OCHAGeoCoordinates_Lithuania_ADM2,dc/base/OCHAGeoCoordinates_Lithuania_ADM2,OCHAGeoCoordinates_Lithuania_ADM2,dc/cjj7vp,dc/s/UnitedNationsUn,https://data.humdata.org/dataset/whosonfirst-data-admin-ltu,Includes the boundary files for the Administrative Area 2 divisions of Lithuania.,/v3_resolved_mcf/ocha/geodata/Lithuania/ADM2/BoundaryFiles_ADM2/*.mcf,,1770491264,,,,,dc/d/UnitedNationsUn_UnOchaSubnationalAdministrativeBoundaries
dc/base/OCHAGeoCoordinates_Bahrain,dc/base/OCHAGeoCoordinates_Bahrain,OCHAGeoCoordinates_Bahrain,dc/cjj7vp,dc/s/UnitedNationsUn,https://data.humdata.org/dataset/cod-ab-bhr,Includes the boundary files for the districts(Administrative Area 1 division) in Bahrain.,/v3_resolved_mcf/ocha/geodata/bahrain/Boundaryfiles/*.mcf,,1770491264,,,,,dc/d/UnitedNationsUn_UnOchaSubnationalAdministrativeBoundaries
dc/base/OCHAGeoCoordinates_Ukraine,dc/base/OCHAGeoCoordinates_Ukraine,OCHAGeoCoordinates_Ukraine,dc/cjj7vp,dc/s/UnitedNationsUn,https://data.humdata.org/dataset/cod-ab-ukr,Includes the boundary files for Administrative areas 1 in Ukraine.,/v3_resolved_mcf/ocha/geodata/Ukraine/Boundaryfiles/*.mcf,,1770491264,,,,,dc/d/UnitedNationsUn_UnOchaSubnationalAdministrativeBoundaries
dc/base/OCHAGeoCoordinates_SaudiArabia,dc/base/OCHAGeoCoordinates_SaudiArabia,OCHAGeoCoordinates_SaudiArabia,dc/cjj7vp,dc/s/UnitedNationsUn,https://data.humdata.org/dataset/whosonfirst-data-admin-sau,Includes the boundary files for the Administrative Area 1 divisions of Saudi Arabia.,/v3_resolved_mcf/ocha/geodata/SaudiArabia/ADM1/BoundaryFiles/*.mcf,,1770491264,,,,,dc/d/UnitedNationsUn_UnOchaSubnationalAdministrativeBoundaries
dc/base/OCHAGeoCoordinates_HongKong,dc/base/OCHAGeoCoordinates_HongKong,OCHAGeoCoordinates_HongKong,dc/cjj7vp,dc/s/UnitedNationsUn,https://data.humdata.org/dataset/whosonfirst-data-admin-hkg,Includes the boundary files for Administrative areas 1 in Hong Kong.,/v3_resolved_mcf/ocha/geodata/HongKong/Boundaries_file/*.mcf,,1770491264,,,,,dc/d/UnitedNationsUn_UnOchaSubnationalAdministrativeBoundaries
dc/base/OCHAGeoCoordinates_Somalia,dc/base/OCHAGeoCoordinates_Somalia,OCHAGeoCoordinates_Somalia,dc/cjj7vp,dc/s/UnitedNationsUn,https://data.humdata.org/dataset/cod-ab-som,Includes the boundary files for Administrative Area 1 in Somalia.,/v3_resolved_mcf/ocha/geodata/Somalia/Boundaryfiles_ADM1/*.mcf,,1770491264,,,,,dc/d/UnitedNationsUn_UnOchaSubnationalAdministrativeBoundaries
dc/base/OCHAGeoCoordinates_Kiribati,dc/base/OCHAGeoCoordinates_Kiribati,OCHAGeoCoordinates_Kiribati,dc/cjj7vp,dc/s/UnitedNationsUn,https://data.humdata.org/dataset/cod-ab-kir,Includes the boundary files for the districts(Administrative Area 1 division in Kiribati.,/v3_resolved_mcf/ocha/geodata/Kiribati/boundary_files/*.mcf,,1770491264,,,,,dc/d/UnitedNationsUn_UnOchaSubnationalAdministrativeBoundaries
dc/base/OCHAGeoCoordinates_Slovenia,dc/base/OCHAGeoCoordinates_Slovenia,OCHAGeoCoordinates_Slovenia,dc/cjj7vp,dc/s/UnitedNationsUn,https://data.humdata.org/dataset/whosonfirst-data-admin-svn,Includes Administrative Area1 places of Slovenia.,/v3_resolved_mcf/ocha/geodata/Slovenia/boundaryFiles/*.mcf,,1770491264,,,,,dc/d/UnitedNationsUn_UnOchaSubnationalAdministrativeBoundaries
dc/base/OCHAGeoCoordinates_CapeVerde,dc/base/OCHAGeoCoordinates_CapeVerde,OCHAGeoCoordinates_CapeVerde,dc/cjj7vp,dc/s/UnitedNationsUn,https://data.humdata.org/dataset/cod-ab-cpv,Includes the boundary files for Administrative areas 1 in CapeVerde.,/v3_resolved_mcf/ocha/geodata/CapeVerde/Boundaryfiles/*.mcf,,1770491264,,,,,dc/d/UnitedNationsUn_UnOchaSubnationalAdministrativeBoundaries
dc/base/OCHAGeoCoordinates_Congo,dc/base/OCHAGeoCoordinates_Congo,OCHAGeoCoordinates_Congo,dc/cjj7vp,dc/s/UnitedNationsUn,https://data.humdata.org/dataset/whosonfirst-data-admin-cod,Includes the boundary files of the provinces(Administrative Area 1 division) of Congo.,/v3_resolved_mcf/ocha/geodata/Congo/BoundaryFiles/*.mcf,,1770491264,,,,,dc/d/UnitedNationsUn_UnOchaSubnationalAdministrativeBoundaries
dc/base/OCHAGeoCoordinates_Finland,dc/base/OCHAGeoCoordinates_Finland,OCHAGeoCoordinates_Finland,dc/cjj7vp,dc/s/UnitedNationsUn,https://data.humdata.org/dataset/whosonfirst-data-admin-fin,Includes administratrive area 1 place boundaries for Finland,/v3_resolved_mcf/ocha/geodata/Finland/BoundaryFiles/*.mcf,,1770491264,,,,,dc/d/UnitedNationsUn_UnOchaSubnationalAdministrativeBoundaries
dc/base/OCHAGeoCoordinates_Somalia_ADM2,dc/base/OCHAGeoCoordinates_Somalia_ADM2,OCHAGeoCoordinates_Somalia_ADM2,dc/cjj7vp,dc/s/UnitedNationsUn,https://data.humdata.org/dataset/cod-ab-som,Includes the boundary files for Administrative Area 2 in Somalia.,/v3_resolved_mcf/ocha/geodata/Somalia/Boundaryfiles_ADM2/*.mcf,,1770491264,,,,,dc/d/UnitedNationsUn_UnOchaSubnationalAdministrativeBoundaries
dc/base/OCHAGeoCoordinates_Gabon,dc/base/OCHAGeoCoordinates_Gabon,OCHAGeoCoordinates_Gabon,dc/cjj7vp,dc/s/UnitedNationsUn,https://data.humdata.org/dataset/whosonfirst-data-admin-gab,Includes administratrive area 1 places of Gabon.,/v3_resolved_mcf/ocha/geodata/Gabon/BoundaryFiles/*.mcf,,1770491264,,,,,dc/d/UnitedNationsUn_UnOchaSubnationalAdministrativeBoundaries
dc/base/OCHAGeoCoordinates_Japan,dc/base/OCHAGeoCoordinates_Japan,OCHAGeoCoordinates_Japan,dc/cjj7vp,dc/s/UnitedNationsUn,https://data.humdata.org/dataset/cod-xa-jpn,Includes the boundary files of the prefectures(Administrative Area 1 division) of Japan.,/v3_resolved_mcf/ocha/geodata/Japan/BoundaryFiles/*.mcf,,1770491264,,,,,dc/d/UnitedNationsUn_UnOchaSubnationalAdministrativeBoundaries
dc/base/OCHAGeoCoordinates_Ireland,dc/base/OCHAGeoCoordinates_Ireland,OCHAGeoCoordinates_Ireland,dc/cjj7vp,dc/s/UnitedNationsUn,https://data.humdata.org/dataset/whosonfirst-data-admin-irl,Includes the boundary files for the counties(Administrative Area 1 division) in Ireland.,/v3_resolved_mcf/ocha/geodata/Ireland/Boundaryfiles/*.mcf,,1770491264,,,,,dc/d/UnitedNationsUn_UnOchaSubnationalAdministrativeBoundaries
dc/base/OCHAGeoCoordinates_Gambia,dc/base/OCHAGeoCoordinates_Gambia,OCHAGeoCoordinates_Gambia,dc/cjj7vp,dc/s/UnitedNationsUn,https://data.humdata.org/dataset/cod-ab-gmb,Includes the boundary files for the regions(Administrative Area 1 division) in Gambia.,/v3_resolved_mcf/ocha/geodata/Gambia/BoundaryFiles/*.mcf,,1770491264,,,,,dc/d/UnitedNationsUn_UnOchaSubnationalAdministrativeBoundaries
dc/base/OCHAGeoCoordinates_Tonga,dc/base/OCHAGeoCoordinates_Tonga,OCHAGeoCoordinates_Tonga,dc/cjj7vp,dc/s/UnitedNationsUn,https://data.humdata.org/dataset/cod-ab-ton,Includes the boundary files for the provinces(Administrative Area 1 division) in Tonga.,/v3_resolved_mcf/ocha/geodata/Tonga/BoundaryFiles/*.mcf,,1770491264,,,,,dc/d/UnitedNationsUn_UnOchaSubnationalAdministrativeBoundaries
dc/base/OCHAGeoCoordinates_Madagascar,dc/base/OCHAGeoCoordinates_Madagascar,OCHAGeoCoordinates_Madagascar,dc/cjj7vp,dc/s/UnitedNationsUn,https://data.humdata.org/dataset/whosonfirst-data-admin-mdg,Includes administratrive area 1 place boundaries for Madagascar,/v3_resolved_mcf/ocha/geodata/madagascar/BoundaryFiles/*.mcf,,1770491264,,,,,dc/d/UnitedNationsUn_UnOchaSubnationalAdministrativeBoundaries
dc/base/OCHAGeoCoordinates_Singapore,dc/base/OCHAGeoCoordinates_Singapore,OCHAGeoCoordinates_Singapore,dc/cjj7vp,dc/s/UnitedNationsUn,https://data.humdata.org/dataset/whosonfirst-data-admin-sgp,Includes the boundary files for the Administrative Area 1 divisions of Singapore.,/v3_resolved_mcf/ocha/geodata/Singapore/ADM1/BoundaryFiles/*.mcf,,1770491264,,,,,dc/d/UnitedNationsUn_UnOchaSubnationalAdministrativeBoundaries
dc/base/OCHAGeoCoordinatesExtended,dc/base/OCHAGeoCoordinatesExtended,OCHAGeoCoordinatesExtended,dc/cjj7vp,dc/s/UnitedNationsUn,https://data.humdata.org,,/v3_resolved_mcf/ocha/global_new/*/*.mcf,,1770491264,,,,,dc/d/UnitedNationsUn_UnOchaSubnationalAdministrativeBoundaries
dc/base/OCHAGeoCoordinates_Estonia,dc/base/OCHAGeoCoordinates_Estonia,OCHAGeoCoordinates_Estonia,dc/cjj7vp,dc/s/UnitedNationsUn,https://data.humdata.org/dataset/whosonfirst-data-admin-est,Includes administratrive area 1 place boundaries for Estonia,/v3_resolved_mcf/ocha/geodata/Estonia/BoundaryFiles/*.mcf,,1770491264,,,,,dc/d/UnitedNationsUn_UnOchaSubnationalAdministrativeBoundaries
dc/base/OCHAGeoCoordinates_Singapore_ADM2,dc/base/OCHAGeoCoordinates_Singapore_ADM2,OCHAGeoCoordinates_Singapore_ADM2,dc/cjj7vp,dc/s/UnitedNationsUn,https://data.humdata.org/dataset/whosonfirst-data-admin-sgp,Includes the boundary files for the Administrative Area 2 divisions of Singapore.,/v3_resolved_mcf/ocha/geodata/Singapore/ADM2/BoundaryFiles/*.mcf,,1770491264,,,,,dc/d/UnitedNationsUn_UnOchaSubnationalAdministrativeBoundaries
dc/base/OCHAGeoCoordinates_Niger,dc/base/OCHAGeoCoordinates_Niger,OCHAGeoCoordinates_Niger,dc/cjj7vp,dc/s/UnitedNationsUn,https://data.humdata.org/dataset/whosonfirst-data-admin-ner,Includes the boundary files of the regions(Administrative Area 1 division) of Niger.,/v3_resolved_mcf/ocha/geodata/Niger/BoundaryFiles/*.mcf,,1770491264,,,,,dc/d/UnitedNationsUn_UnOchaSubnationalAdministrativeBoundaries
dc/base/OCHAGeoCoordinates_Luxembourg,dc/base/OCHAGeoCoordinates_Luxembourg,OCHAGeoCoordinates_Luxembourg,dc/cjj7vp,dc/s/UnitedNationsUn,https://data.humdata.org/dataset/whosonfirst-data-admin-lux,Includes the boundary files for the districts(Administrative Area 1 division) in Luxembourg.,/v3_resolved_mcf/ocha/geodata/Luxembourg/boundary_files/*.mcf,,1770491264,,,,,dc/d/UnitedNationsUn_UnOchaSubnationalAdministrativeBoundaries
dc/base/OCHAGeoCoordinates_TrinidadAndTobago,dc/base/OCHAGeoCoordinates_TrinidadAndTobago,OCHAGeoCoordinates_TrinidadAndTobago,dc/cjj7vp,dc/s/UnitedNationsUn,https://data.humdata.org/dataset/cod-ab-tto,Includes the boundary files for the Administrative Area 1 divisions of Trinidad and Tobago.,/v3_resolved_mcf/ocha/geodata/TrinidadAndTobago/BoundaryFiles/*.mcf,,1770491264,,,,,dc/d/UnitedNationsUn_UnOchaSubnationalAdministrativeBoundaries
dc/base/OCHAGeoCoordinates,dc/base/OCHAGeoCoordinates,OCHAGeoCoordinates,dc/cjj7vp,dc/s/UnitedNationsUn,https://data.humdata.org,,/v3_resolved_mcf/ocha/geodata/*.mcf,,1770491264,,,,,dc/d/UnitedNationsUn_UnOchaSubnationalAdministrativeBoundaries
dc/base/OCHAGeoCoordinates_Lithuania,dc/base/OCHAGeoCoordinates_Lithuania,OCHAGeoCoordinates_Lithuania,dc/cjj7vp,dc/s/UnitedNationsUn,https://data.humdata.org/dataset/whosonfirst-data-admin-ltu,Includes the boundary files for the districts(Administrative Area 1 division) in Lithuania.,/v3_resolved_mcf/ocha/geodata/Lithuania/boundary_files/*.mcf,,1770491264,,,,,dc/d/UnitedNationsUn_UnOchaSubnationalAdministrativeBoundaries
dc/base/OCHAGeoCoordinates_Ghana,dc/base/OCHAGeoCoordinates_Ghana,OCHAGeoCoordinates_Ghana,dc/cjj7vp,dc/s/UnitedNationsUn,https://data.humdata.org/dataset/cod-ab-gha,Includes the boundary files for Administrative areas 1 in Ghana.,/v3_resolved_mcf/ocha/geodata/Ghana/boundaryFiles/*.mcf,,1770491264,,,,,dc/d/UnitedNationsUn_UnOchaSubnationalAdministrativeBoundaries
dc/base/OCHAGeoCoordinates_Croatia,dc/base/OCHAGeoCoordinates_Croatia,OCHAGeoCoordinates_Croatia,dc/cjj7vp,dc/s/UnitedNationsUn,https://data.humdata.org/dataset/whosonfirst-data-admin-hrv,Includes the boundary files for the counties(Administrative Area 1 division) in Croatia.,/v3_resolved_mcf/ocha/geodata/Croatia/Boundaryfiles/*.mcf,,1770491264,,,,,dc/d/UnitedNationsUn_UnOchaSubnationalAdministrativeBoundaries
dc/base/OCHAGeoCoordinates_Cyprus,dc/base/OCHAGeoCoordinates_Cyprus,OCHAGeoCoordinates_Cyprus,dc/cjj7vp,dc/s/UnitedNationsUn,https://data.humdata.org/dataset/whosonfirst-data-admin-cyp,Includes the boundary files for the districts(Administrative Area 1 division) in Cyprus.,/v3_resolved_mcf/ocha/geodata/cyprus/BoundaryFiles/*.mcf,,1770491264,,,,,dc/d/UnitedNationsUn_UnOchaSubnationalAdministrativeBoundaries
dc/base/OCHAGeoCoordinates_Switzerland_ADM2,dc/base/OCHAGeoCoordinates_Switzerland_ADM2,OCHAGeoCoordinates_Switzerland_ADM2,dc/cjj7vp,dc/s/UnitedNationsUn,https://data.humdata.org/dataset/whosonfirst-data-admin-che,Includes the boundary files for the Administrative Area 2 divisions of Switzerland.,/v3_resolved_mcf/ocha/geodata/Switzerland/BoundaryFiles_ADM2/*.mcf,,1770491264,,,,,dc/d/UnitedNationsUn_UnOchaSubnationalAdministrativeBoundaries
dc/base/OCHAGeoCoordinates_France,dc/base/OCHAGeoCoordinates_France,OCHAGeoCoordinates_France,dc/cjj7vp,dc/s/UnitedNationsUn,https://data.humdata.org/dataset/whosonfirst-data-admin-fra,Includes the boundary files for the Administrative Area 1 divisions of France.,/v3_resolved_mcf/ocha/geodata/France/ADM1/BoundaryFiles/*.mcf,,1770491264,,,,,dc/d/UnitedNationsUn_UnOchaSubnationalAdministrativeBoundaries
dc/base/OCHAGeoCoordinates_Greenland,dc/base/OCHAGeoCoordinates_Greenland,OCHAGeoCoordinates_Greenland,dc/cjj7vp,dc/s/UnitedNationsUn,https://data.humdata.org/dataset/whosonfirst-data-admin-grl,Includes the boundary files for the municipalities(Administrative Area 1 division) in Greenland.,/v3_resolved_mcf/ocha/geodata/Greenland/BoundaryFiles/*.mcf,,1770491264,,,,,dc/d/UnitedNationsUn_UnOchaSubnationalAdministrativeBoundaries
dc/base/OCHAGeoCoordinates_Guinea_Bissau,dc/base/OCHAGeoCoordinates_Guinea_Bissau,OCHAGeoCoordinates_Guinea_Bissau,dc/cjj7vp,dc/s/UnitedNationsUn,https://data.humdata.org/dataset/cod-ab-gnb,Includes the boundary files for the regions(Administrative Area 1 division) in Guinea-Bissau.,/v3_resolved_mcf/ocha/geodata/guinea-bissau/BoundaryFiles/*.mcf,,1770491264,,,,,dc/d/UnitedNationsUn_UnOchaSubnationalAdministrativeBoundaries
dc/base/OCHAGeoCoordinates_Iceland,dc/base/OCHAGeoCoordinates_Iceland,OCHAGeoCoordinates_Iceland,dc/cjj7vp,dc/s/UnitedNationsUn,https://data.humdata.org/dataset/whosonfirst-data-admin-isl,Includes the boundary files for the Administrative Areas 1 in Iceland.,/v3_resolved_mcf/ocha/geodata/Iceland/BoundaryFiles/*.mcf,,1770491264,,,,,dc/d/UnitedNationsUn_UnOchaSubnationalAdministrativeBoundaries
dc/base/OCHAGeoCoordinates_Guinea_Bissau_ADM2,dc/base/OCHAGeoCoordinates_Guinea_Bissau_ADM2,OCHAGeoCoordinates_Guinea_Bissau_ADM2,dc/cjj7vp,dc/s/UnitedNationsUn,https://data.humdata.org/dataset/cod-ab-gnb,Includes the boundary files for the Administrative Area 2 divisions of Guinea-Bissau.,/v3_resolved_mcf/ocha/geodata/guinea-bissau/BoundaryFiles_ADM2/*.mcf,,1770491264,,,,,dc/d/UnitedNationsUn_UnOchaSubnationalAdministrativeBoundaries
dc/base/USAN_Stems,dc/base/USAN_Stems,USAN_Stems,dc/cjj7vp,dc/s/UnitedStatesAdoptedNamesUsanCouncil,https://www.ama-assn.org/about/united-states-adopted-names/united-states-adopted-names-approved-stems,,/v3_resolved_mcf/bio/usan/usan_stems_3/nodes.mcf@1,,1770491264,,,,,dc/d/UnitedStatesAdoptedNamesUsanCouncil_UsanStems
dc/base/DEA_ARCOS_AggState_AggCountry,dc/base/DEA_ARCOS_AggState_AggCountry,DEA_ARCOS_AggState_AggCountry,dc/cjj7vp,dc/s/UnitedStatesDrugEnforcementAgencyDea,https://www.deadiversion.usdoj.gov/arcos/retail_drug_summary/,"Aggregated by DataCommons, from State to Country.",/v3_resolved_mcf/dc_aggregate/Place_2021-09-20/DEA_ARCOS_AggState_AggCountry/place_aggregation.mcf@1,,1770491264,,,,,dc/d/UnitedStatesDrugEnforcementAgencyDea_ArcosRetailDrugSummaryReports
dc/base/DEA_ARCOS_AggState,dc/base/DEA_ARCOS_AggState,DEA_ARCOS_AggState,dc/cjj7vp,dc/s/UnitedStatesDrugEnforcementAgencyDea,https://www.deadiversion.usdoj.gov/arcos/retail_drug_summary/,"Aggregated by DataCommons, from County to State.",/v3_resolved_mcf/dc_aggregate/Place_2021-09-20/DEA_ARCOS_AggState/place_aggregation.mcf@11,,1770491264,,,,,dc/d/UnitedStatesDrugEnforcementAgencyDea_ArcosRetailDrugSummaryReports
dc/base/EPA_EJSCREEN_AggCensusTract,dc/base/EPA_EJSCREEN_AggCensusTract,EPA_EJSCREEN_AggCensusTract,dc/cjj7vp,dc/s/UnitedStatesEnvironmentalProtectionAgencyEpa,https://gaftp.epa.gov/EJSCREEN/,Aggregated by DataCommons.,,,1770491264,,,,/v3_resolved_mcf/derived_graph/EPA_EJSCREEN_AggCensusTract/graph.tfrecord@1.gz,dc/d/UnitedStatesEnvironmentalProtectionAgencyEpa_Ejscreen
dc/base/EPA_EJSCREEN_AggCensusTract_AggCounty,dc/base/EPA_EJSCREEN_AggCensusTract_AggCounty,EPA_EJSCREEN_AggCensusTract_AggCounty,dc/cjj7vp,dc/s/UnitedStatesEnvironmentalProtectionAgencyEpa,https://gaftp.epa.gov/EJSCREEN/,Aggregated by DataCommons.,,,1770491264,,,,/v3_resolved_mcf/derived_graph/EPA_EJSCREEN_AggCensusTract_AggCounty/graph.tfrecord@1.gz,dc/d/UnitedStatesEnvironmentalProtectionAgencyEpa_Ejscreen
dc/base/EPA_GHGRP_AggCounty_AggState,dc/base/EPA_GHGRP_AggCounty_AggState,EPA_GHGRP_AggCounty_AggState,dc/cjj7vp,dc/s/UnitedStatesEnvironmentalProtectionAgencyEpa,https://www.epa.gov/ghgreporting,Aggregated by DataCommons from EpaReportingFacility to State.,,,1770491264,,,,/v3_resolved_mcf/derived_graph/EPA_GHGRP_AggCounty_AggState/graph.tfrecord@1.gz,dc/d/UnitedStatesEnvironmentalProtectionAgencyEpa_GreenhouseGasReportingProgram
dc/base/EPA_GHGRP_AggCounty,dc/base/EPA_GHGRP_AggCounty,EPA_GHGRP_AggCounty,dc/cjj7vp,dc/s/UnitedStatesEnvironmentalProtectionAgencyEpa,https://www.epa.gov/ghgreporting,Aggregated by DataCommons from EpaReportingFacility to County.,,,1770491264,,,,/v3_resolved_mcf/derived_graph/EPA_GHGRP_AggCounty/graph.tfrecord@1.gz,dc/d/UnitedStatesEnvironmentalProtectionAgencyEpa_GreenhouseGasReportingProgram
dc/base/EPA_GHGRP_AggCensusZipCodeTabulationArea,dc/base/EPA_GHGRP_AggCensusZipCodeTabulationArea,EPA_GHGRP_AggCensusZipCodeTabulationArea,dc/cjj7vp,dc/s/UnitedStatesEnvironmentalProtectionAgencyEpa,https://www.epa.gov/ghgreporting,Aggregated by DataCommons from EpaReportingFacility to CensusZipCodeTabulationArea.,,,1770491264,,,,/v3_resolved_mcf/derived_graph/EPA_GHGRP_AggCensusZipCodeTabulationArea/graph.tfrecord@1.gz,dc/d/UnitedStatesEnvironmentalProtectionAgencyEpa_GreenhouseGasReportingProgram
dc/base/EarthquakeUSGS_Agg,dc/base/EarthquakeUSGS_Agg,EarthquakeUSGS_Agg,dc/cjj7vp,dc/s/UnitedStatesGeologicalServiceUsgs,https://earthquake.usgs.gov/,,,,1770491264,,,,/v3_resolved_mcf/dc_aggregate/Entity_2022-10-06/EarthquakeAgg/graph.tfrecord@1.gz,dc/d/UnitedStatesGeologicalServiceUsgs_AdvancedNationalSeismicSystemComprehensiveEarthquakeCatalogComcat
dc/base/DiseaseOntology,dc/base/DiseaseOntology,DiseaseOntology,dc/cjj7vp,dc/s/UniversityOfMarylandSchoolOfMedicineInstituteOfGenomeSciences,https://disease-ontology.org,,/v3_resolved_mcf/bio/disease/diseaseOntology3/nodes.mcf@1,,1770491264,,,,,dc/d/UniversityOfMarylandSchoolOfMedicineInstituteOfGenomeSciences_DiseaseOntology
dc/base/US_UrbanOrg_Colleges_Directory_IPEDS,dc/base/US_UrbanOrg_Colleges_Directory_IPEDS,US_UrbanOrg_Colleges_Directory_IPEDS,dc/cjj7vp,dc/s/UrbanInstitute,https://educationdata.urban.org/documentation/colleges.html#ipeds_directory,Data on US colleges and universities from the Urban Institute Education Data Explorer,/v3_resolved_mcf/IPEDS/directory_ipeds_colleges/nodes.mcf@1,,1770491264,,,,,dc/d/UrbanInstitute_UsUrbanEducationDataCensus
dc/base/US_UrbanOrg_Schools_Directory,dc/base/US_UrbanOrg_Schools_Directory,US_UrbanOrg_Schools_Directory,dc/cjj7vp,dc/s/UrbanInstitute,"https://educationdata.urban.org/documentation/schools.html#ccd_directory,https://www.census.gov/programs-surveys/ccd/tables/ccd-crdc-schools-directory",US Urban Education School data from US Census Bureau,/v3_resolved_mcf/country/us_education/us_urbaneducation_school/ccd_crdc_schools_directory/new_school_ids/nodes.mcf@1,,1770491264,,,,,dc/d/UrbanInstitute_UsUrbanEducationDataCensus
dc/base/CensusACS5YearSurvey_Demographics_StatVarAgg,dc/base/CensusACS5YearSurvey_Demographics_StatVarAgg,CensusACS5YearSurvey_Demographics_StatVarAgg,dc/cjj7vp,dc/s/UsCensusBureau,https://www.census.gov/,Includes StatisticalVariable aggregations computed on the CensusACS5YearSurvey import by Data Commons.,,,1770491264,,,,/v3_resolved_mcf/derived_graph/CensusACS5YearSurvey/20250127/CensusACS5YearSurvey_Demographics_StatVarAgg/graph.tfrecord*.gz,dc/d/UsCensusBureau_AmericanCommunitySurveyAcs
dc/base/CensusACS5YearSurvey_Person_Age_StatVarAgg,dc/base/CensusACS5YearSurvey_Person_Age_StatVarAgg,CensusACS5YearSurvey_Person_Age_StatVarAgg,dc/cjj7vp,dc/s/UsCensusBureau,https://www.census.gov/,Aggregated by DataCommons.,,,1770491264,,,,/v3_resolved_mcf/derived_graph/CensusACS5YearSurvey/20250127/CensusACS5YearSurvey_Person_Age_StatVarAgg/graph.tfrecord*.gz,dc/d/UsCensusBureau_AmericanCommunitySurveyAcs
dc/base/CensusACS5YearSurvey_HousingUnit_HomeValue_StatVarAgg,dc/base/CensusACS5YearSurvey_HousingUnit_HomeValue_StatVarAgg,CensusACS5YearSurvey_HousingUnit_HomeValue_StatVarAgg,dc/cjj7vp,dc/s/UsCensusBureau,https://www.census.gov/,Aggregated by DataCommons.,,,1770491264,,,,/v3_resolved_mcf/derived_graph/CensusACS5YearSurvey/20250127/CensusACS5YearSurvey_HousingUnit_HomeValue_StatVarAgg/graph.tfrecord*.gz,dc/d/UsCensusBureau_AmericanCommunitySurveyAcs
dc/base/CensusACS5YearSurvey_SubjectTables_S1201_StatVarAgg,dc/base/CensusACS5YearSurvey_SubjectTables_S1201_StatVarAgg,CensusACS5YearSurvey_SubjectTables_S1201_StatVarAgg,dc/cjj7vp,dc/s/UsCensusBureau,https://data.census.gov/cedsci/table?q=S1201&tid=ACSST5Y2019.S1201,,,,1770491264,,,,/v3_resolved_mcf/derived_graph/CensusACS5YearSurvey_SubjectTables_S1201/20250228/CensusACS5YearSurvey_SubjectTables_S1201_StatVarAgg/graph.tfrecord@4.gz,dc/d/UsCensusBureau_AmericanCommunitySurveyAcs
dc/base/CensusACS5YearSurvey_InArmedForces_StatVarAgg,dc/base/CensusACS5YearSurvey_InArmedForces_StatVarAgg,CensusACS5YearSurvey_InArmedForces_StatVarAgg,dc/cjj7vp,dc/s/UsCensusBureau,https://www.census.gov/,Includes StatisticalVariable aggregations computed on the CensusACS5YearSurvey import by Data Commons.,,,1770491264,,,,/v3_resolved_mcf/derived_graph/CensusACS5YearSurvey/20250127/CensusACS5YearSurvey_InArmedForces_StatVarAgg/graph.tfrecord*.gz,dc/d/UsCensusBureau_AmericanCommunitySurveyAcs
dc/base/CensusACS5YearSurvey_SubjectTables_S0804_StatVarAgg,dc/base/CensusACS5YearSurvey_SubjectTables_S0804_StatVarAgg,CensusACS5YearSurvey_SubjectTables_S0804_StatVarAgg,dc/cjj7vp,dc/s/UsCensusBureau,https://data.census.gov/table/ACSST5Y2022.S0804,,,,1770491264,,,,/v3_resolved_mcf/derived_graph/CensusACS5YearSurvey_SubjectTables_S0804/20250219/CensusACS5YearSurvey_SubjectTables_S0804_StatVarAgg/graph.tfrecord@1.gz,dc/d/UsCensusBureau_AmericanCommunitySurveyAcs
dc/base/CensusACS5YearSurvey_SubjectTables_S1251_StatVarAgg,dc/base/CensusACS5YearSurvey_SubjectTables_S1251_StatVarAgg,CensusACS5YearSurvey_SubjectTables_S1251_StatVarAgg,dc/cjj7vp,dc/s/UsCensusBureau,https://data.census.gov/cedsci/table?q=S1251&tid=ACSST5Y2023.S1251,,,,1770491264,,,,/v3_resolved_mcf/derived_graph/CensusACS5YearSurvey_SubjectTables_S1251_StatVarAgg/20250218/CensusACS5YearSurvey_SubjectTables_S1251_StatVarAgg/graph.tfrecord@1.gz,dc/d/UsCensusBureau_AmericanCommunitySurveyAcs
dc/base/CensusACS5YearSurvey_AbilityToSpeakEnglish_StatVarAgg,dc/base/CensusACS5YearSurvey_AbilityToSpeakEnglish_StatVarAgg,CensusACS5YearSurvey_AbilityToSpeakEnglish_StatVarAgg,dc/cjj7vp,dc/s/UsCensusBureau,https://www.census.gov/,Includes StatisticalVariable aggregations computed on the CensusACS5YearSurvey import by Data Commons.,,,1770491264,,,,/v3_resolved_mcf/derived_graph/CensusACS5YearSurvey/20250127/CensusACS5YearSurvey_AbilityToSpeakEnglish_StatVarAgg/graph.tfrecord*.gz,dc/d/UsCensusBureau_AmericanCommunitySurveyAcs
dc/base/CensusACS5YearSurvey_SuperEnum,dc/base/CensusACS5YearSurvey_SuperEnum,CensusACS5YearSurvey_SuperEnum,dc/cjj7vp,dc/s/UsCensusBureau,https://www.census.gov/,Aggregated by DataCommons.,,,1770491264,,,,/v3_resolved_mcf/derived_graph/CensusACS5YearSurvey/20250127/CensusACS5YearSurvey_SuperEnum/graph.tfrecord*.gz,dc/d/UsCensusBureau_AmericanCommunitySurveyAcs
dc/base/CensusACS5YearSurvey_HealthInsurance_StatVarAgg,dc/base/CensusACS5YearSurvey_HealthInsurance_StatVarAgg,CensusACS5YearSurvey_HealthInsurance_StatVarAgg,dc/cjj7vp,dc/s/UsCensusBureau,https://www.census.gov/,Includes StatisticalVariable aggregations computed on the CensusACS5YearSurvey import by Data Commons.,,,1770491264,,,,/v3_resolved_mcf/derived_graph/CensusACS5YearSurvey/20250127/CensusACS5YearSurvey_HealthInsurance_StatVarAgg/graph.tfrecord*.gz,dc/d/UsCensusBureau_AmericanCommunitySurveyAcs
dc/base/CensusACS5YearSurvey_SubjectTables_S2408_StatVarAgg,dc/base/CensusACS5YearSurvey_SubjectTables_S2408_StatVarAgg,CensusACS5YearSurvey_SubjectTables_S2408_StatVarAgg,dc/cjj7vp,dc/s/UsCensusBureau,https://data.census.gov/cedsci/table?q=S2408&tid=ACSST5Y2023.S2408,,,,1770491264,,,,/v3_resolved_mcf/derived_graph/CensusACS5YearSurvey_SubjectTables_S2408_StatVarAgg/20250217/CensusACS5YearSurvey_SubjectTables_S2408_StatVarAgg/graph.tfrecord@2.gz,dc/d/UsCensusBureau_AmericanCommunitySurveyAcs
dc/base/CensusACS5YearSurvey_AggCountry_SuperEnum,dc/base/CensusACS5YearSurvey_AggCountry_SuperEnum,CensusACS5YearSurvey_AggCountry_SuperEnum,dc/cjj7vp,dc/s/UsCensusBureau,https://www.census.gov/,Aggregated by DataCommons.,,,1770491264,,,,/v3_resolved_mcf/derived_graph/CensusACS5YearSurvey/20250127/CensusACS5YearSurvey_AggCountry_SuperEnum/graph.tfrecord*.gz,dc/d/UsCensusBureau_AmericanCommunitySurveyAcs
dc/base/CensusACS5YearSurvey_Employment_StatVarAgg,dc/base/CensusACS5YearSurvey_Employment_StatVarAgg,CensusACS5YearSurvey_Employment_StatVarAgg,dc/cjj7vp,dc/s/UsCensusBureau,https://www.census.gov/,Includes StatisticalVariable aggregations computed on the CensusACS5YearSurvey import by Data Commons.,,,1770491264,,,,/v3_resolved_mcf/derived_graph/CensusACS5YearSurvey/20250127/CensusACS5YearSurvey_Employment_StatVarAgg/graph.tfrecord*.gz,dc/d/UsCensusBureau_AmericanCommunitySurveyAcs
dc/base/CensusACS5YearSurvey_Income_StatVarAgg,dc/base/CensusACS5YearSurvey_Income_StatVarAgg,CensusACS5YearSurvey_Income_StatVarAgg,dc/cjj7vp,dc/s/UsCensusBureau,https://www.census.gov/,Includes StatisticalVariable aggregations computed on the CensusACS5YearSurvey import by Data Commons.,,,1770491264,,,,/v3_resolved_mcf/derived_graph/CensusACS5YearSurvey/20250127/CensusACS5YearSurvey_Income_StatVarAgg/graph.tfrecord*.gz,dc/d/UsCensusBureau_AmericanCommunitySurveyAcs
dc/base/CensusACS5YearSurvey_SubjectTables_S0504_StatVarAgg,dc/base/CensusACS5YearSurvey_SubjectTables_S0504_StatVarAgg,CensusACS5YearSurvey_SubjectTables_S0504_StatVarAgg,dc/cjj7vp,dc/s/UsCensusBureau,https://data.census.gov/cedsci/table?q=S0504&tid=ACSST5Y2019.S0504,,,,1770491264,,,,/v3_resolved_mcf/derived_graph/CensusACS5YearSurvey_SubjectTables_S0504_StatVarAgg/20250226/CensusACS5YearSurvey_SubjectTables_S0504_StatVarAgg/graph.tfrecord@1.gz,dc/d/UsCensusBureau_AmericanCommunitySurveyAcs
dc/base/CensusACS5YearSurvey_SubjectTables_S0801_StatVarAgg,dc/base/CensusACS5YearSurvey_SubjectTables_S0801_StatVarAgg,CensusACS5YearSurvey_SubjectTables_S0801_StatVarAgg,dc/cjj7vp,dc/s/UsCensusBureau,https://data.census.gov/table/ACSST5Y2023.S0801,,,,1770491264,,,,/v3_resolved_mcf/derived_graph/CensusACS5YearSurvey_SubjectTables_S0801/20250219/CensusACS5YearSurvey_SubjectTables_S0801_StatVarAgg/graph.tfrecord@18.gz,dc/d/UsCensusBureau_AmericanCommunitySurveyAcs
dc/base/CensusACS5YearSurvey_AggCountry,dc/base/CensusACS5YearSurvey_AggCountry,CensusACS5YearSurvey_AggCountry,dc/cjj7vp,dc/s/UsCensusBureau,https://www.census.gov/,"Aggregated by DataCommons, from State to Country.",,,1770491264,,,,/v3_resolved_mcf/derived_graph/CensusACS5YearSurvey/20250127/CensusACS5YearSurvey_AggCountry/graph.tfrecord*.gz,dc/d/UsCensusBureau_AmericanCommunitySurveyAcs
dc/base/CensusACS5YearSurvey_Education_StatVarAgg,dc/base/CensusACS5YearSurvey_Education_StatVarAgg,CensusACS5YearSurvey_Education_StatVarAgg,dc/cjj7vp,dc/s/UsCensusBureau,https://www.census.gov/,Includes StatisticalVariable aggregations computed on the CensusACS5YearSurvey import by Data Commons.,,,1770491264,,,,/v3_resolved_mcf/derived_graph/CensusACS5YearSurvey/20250127/CensusACS5YearSurvey_Education_StatVarAgg/graph.tfrecord*.gz,dc/d/UsCensusBureau_AmericanCommunitySurveyAcs
dc/base/ACSED5YrSurvey_StatVarAgg,dc/base/ACSED5YrSurvey_StatVarAgg,ACSED5YrSurvey_StatVarAgg,dc/cjj7vp,dc/s/UsCensusBureau,https://nces.ed.gov/programs/edge/Demographic/ACS,,,,1770491264,,,,/v3_resolved_mcf/derived_graph/ACSED5YrSurvey_StatVarAgg/graph.tfrecord@1.gz,dc/d/UsCensusBureau_AmericanCommunitySurveyEducationTabulationAcs-ed
dc/base/CensusSAHIE_AggCountry,dc/base/CensusSAHIE_AggCountry,CensusSAHIE_AggCountry,dc/cjj7vp,dc/s/UsCensusBureau,https://www.census.gov/programs-surveys/sahie.html,"Aggregated by DataCommons, from State to Country.",,,1770491264,,,,/v3_resolved_mcf/derived_graph/CensusSAHIE_AggCountry/graph.tfrecord@1.gz,dc/d/UsCensusBureau_SmallAreaHealthInsuranceEstimatesSahie
dc/base/FBIGovCrime_AggCountry,dc/base/FBIGovCrime_AggCountry,FBIGovCrime_AggCountry,dc/cjj7vp,dc/s/UsFederalBureauOfInvestigationFbi,http://www.fbi.gov/services/cjis/ucr,"Aggregated by DataCommons, from State to Country.",,,1770491264,,,,/v3_resolved_mcf/derived_graph/FBIGovCrime/20250328/FBIGovCrime_AggCountry/graph.tfrecord@1.gz,dc/d/UsFederalBureauOfInvestigationFbi_UniformCrimeReportingUcrProgram
dc/base/NASA_VIIRSActiveFiresEvents_Agg,dc/base/NASA_VIIRSActiveFiresEvents_Agg,NASA_VIIRSActiveFiresEvents_Agg,dc/cjj7vp,dc/s/UsNationalAeronauticsAndSpaceAdministrationNasa,https://firms.modaps.eosdis.nasa.gov/active_fire/,,,,1770491264,,,,/v3_resolved_mcf/derived_graph/NASA_VIIRSActiveFiresEvents_Agg/graph.tfrecord@9.gz,dc/d/UsNationalAeronauticsAndSpaceAdministrationNasa_ViirsActiveFireData
dc/base/NCES_PublicSchoolStats_SuperEnum,dc/base/NCES_PublicSchoolStats_SuperEnum,NCES_PublicSchoolStats_SuperEnum,dc/cjj7vp,dc/s/UsNationalCenterForEducationStatisticsNces,https://datacommons.org/,Aggregated by DataCommons.,,,1770491264,,,,/v3_resolved_mcf/derived_graph/NCES_PublicSchoolStats_SuperEnum/graph.tfrecord@22.gz,dc/d/UsNationalCenterForEducationStatisticsNces_PublicSchoolAndSchoolDistrictData
dc/base/NCES_SchoolDistrictStats_SuperEnum,dc/base/NCES_SchoolDistrictStats_SuperEnum,NCES_SchoolDistrictStats_SuperEnum,dc/cjj7vp,dc/s/UsNationalCenterForEducationStatisticsNces,https://datacommons.org/,Aggregated by DataCommons.,,,1770491264,,,,/v3_resolved_mcf/derived_graph/NCES_SchoolDistrictStats_SuperEnum/graph.tfrecord@16.gz,dc/d/UsNationalCenterForEducationStatisticsNces_PublicSchoolAndSchoolDistrictData
dc/base/NCES_PrivateSchoolStats_SuperEnum,dc/base/NCES_PrivateSchoolStats_SuperEnum,NCES_PrivateSchoolStats_SuperEnum,dc/cjj7vp,dc/s/UsNationalCenterForEducationStatisticsNces,https://datacommons.org/,Aggregated by DataCommons.,,,1770491264,,,,/v3_resolved_mcf/derived_graph/NCES_PrivateSchoolStats_SuperEnum/graph.tfrecord@1.gz,dc/d/UsNationalCenterForEducationStatisticsNces_UsPrivateSchoolData
dc/base/NCBI_Assembly_Summary_Reports,dc/base/NCBI_Assembly_Summary_Reports,NCBI_Assembly_Summary_Reports,dc/cjj7vp,dc/s/UsNationalInstitutesOfHealthNationalCenterForBiotechnologyInformationNihNcbi,https://www.ncbi.nlm.nih.gov/assembly/,,/v3_resolved_mcf/bio/ncbi/assembly_summary_reports/nodes.mcf@1,,1770491264,,,,,dc/d/UsNationalInstitutesOfHealthNationalCenterForBiotechnologyInformationNihNcbi_NcbiAssembly
dc/base/NCBI_Gene,dc/base/NCBI_Gene,NCBI_Gene,dc/cjj7vp,dc/s/UsNationalInstitutesOfHealthNationalCenterForBiotechnologyInformationNihNcbi,https://www.ncbi.nlm.nih.gov/gene,,"/v3_resolved_mcf/bio/ncbi/gene/accession/nodes.mcf@428,/v3_resolved_mcf/bio/ncbi/gene/ensembl/nodes.mcf@12,/v3_resolved_mcf/bio/ncbi/gene/gene_info_db/nodes.mcf@30,/v3_resolved_mcf/bio/ncbi/gene/go/nodes.mcf@132,/v3_resolved_mcf/bio/ncbi/gene/group/nodes.mcf@1,/v3_resolved_mcf/bio/ncbi/gene/info/nodes.mcf@60,/v3_resolved_mcf/bio/ncbi/gene/neighbors/nodes.mcf@81,/v3_resolved_mcf/bio/ncbi/gene/ortholog/nodes.mcf@2,/v3_resolved_mcf/bio/ncbi/gene/phenotype_association/nodes.mcf@1,/v3_resolved_mcf/bio/ncbi/gene/pubmed/nodes.mcf@18,/v3_resolved_mcf/bio/ncbi/gene/rif/nodes.mcf@3",,1770491264,,,,,dc/d/UsNationalInstitutesOfHealthNationalCenterForBiotechnologyInformationNihNcbi_NcbiGene
dc/base/NCBI_Taxonomy,dc/base/NCBI_Taxonomy,NCBI_Taxonomy,dc/cjj7vp,dc/s/UsNationalInstitutesOfHealthNationalCenterForBiotechnologyInformationNihNcbi,https://www.ncbi.nlm.nih.gov/taxonomy/,,/v3_resolved_mcf/bio/ncbi/taxonomy/nodes.mcf@1,,1770491264,,,,,dc/d/UsNationalInstitutesOfHealthNationalCenterForBiotechnologyInformationNihNcbi_NcbiTaxonomy
dc/base/MedicalSubjectHeadings,dc/base/MedicalSubjectHeadings,MedicalSubjectHeadings,dc/cjj7vp,dc/s/UsNationalInstitutesOfHealthNationalLibraryOfMedicine,https://meshb.nlm.nih.gov/,,"/v3_resolved_mcf/bio/nlm/MeSH_2/mesh_desc_concept/nodes.mcf@1,/v3_resolved_mcf/bio/nlm/MeSH_2/mesh_desc_concept_mapping/nodes.mcf@1,/v3_resolved_mcf/bio/nlm/MeSH_2/mesh_desc_descriptor/nodes.mcf@1,/v3_resolved_mcf/bio/nlm/MeSH_2/mesh_desc_descriptor_mapping/nodes.mcf@1,/v3_resolved_mcf/bio/nlm/MeSH_2/mesh_desc_qualifier/nodes.mcf@1,/v3_resolved_mcf/bio/nlm/MeSH_2/mesh_desc_qualifier_mapping/nodes.mcf@1,/v3_resolved_mcf/bio/nlm/MeSH_2/mesh_desc_term/nodes.mcf@1,/v3_resolved_mcf/bio/nlm/MeSH_2/mesh_desc_term_mapping/nodes.mcf@1,/v3_resolved_mcf/bio/nlm/MeSH_2/mesh_pharmacological_action_descriptor/nodes.mcf@1,/v3_resolved_mcf/bio/nlm/MeSH_2/mesh_pharmacological_action_record/nodes.mcf@1,/v3_resolved_mcf/bio/nlm/MeSH_2/mesh_qual_concept/nodes.mcf@1,/v3_resolved_mcf/bio/nlm/MeSH_2/mesh_qual_concept_mapping/nodes.mcf@1,/v3_resolved_mcf/bio/nlm/MeSH_2/mesh_qual_qualifier/nodes.mcf@1,/v3_resolved_mcf/bio/nlm/MeSH_2/mesh_qual_term/nodes.mcf@1,/v3_resolved_mcf/bio/nlm/MeSH_2/mesh_record/nodes.mcf@1",,1770491264,,,,,dc/d/UsNationalInstitutesOfHealthNationalLibraryOfMedicine_MedicalSubjectHeadingsMesh
dc/base/PubChem,dc/base/PubChem,PubChem,dc/cjj7vp,dc/s/UsNationalInstitutesOfHealthNationalLibraryOfMedicine,https://pubchem.ncbi.nlm.nih.gov/,,"/v3_resolved_mcf/bio/nlm/pubChem/chembl_pubChem_mapping/nodes.mcf@1,/v3_resolved_mcf/bio/nlm/pubChem/mesh_pubchem_mapping_3/nodes.mcf@1",,1770491264,,,,,dc/d/UsNationalInstitutesOfHealthNationalLibraryOfMedicine_Pubchem
dc/base/NOAA_GPCC_StandardardizedPrecipitationIndex_AggPlace,dc/base/NOAA_GPCC_StandardardizedPrecipitationIndex_AggPlace,NOAA_GPCC_StandardardizedPrecipitationIndex_AggPlace,dc/cjj7vp,dc/s/UsNationalOceanicAndAtmosphericAdministrationNoaa,https://www.drought.gov/data-maps-tools/global-precipitation-climatology-centre-gpcc-standardized-precipitation-index-spi,Includes StatisticalVariable aggregations computed with custom script on GitHub by weighing the areas of a place in a 1 degree grid.,,,1770491264,,,,"/v3_resolved_mcf/noaa/gpcc_spi/latest/aggregations/graph.tfrecord@1.gz,/v3_resolved_mcf/noaa/gpcc_spi/retained_1900_2010/aggregations/graph.tfrecord@4.gz",dc/d/UsNationalOceanicAndAtmosphericAdministrationNoaa_GpccMonthlySpiData
dc/base/FireFAMWEB_Agg,dc/base/FireFAMWEB_Agg,FireFAMWEB_Agg,dc/cjj7vp,dc/s/UsNationalWildfireCoordinatingGroup,https://fam.nwcg.gov/fam-web/,The National Fire and Aviation Management hosts yearly releases of fire incidents reported through the SIT-209 application. Please see https://datacommons.org/disclaimers for disclaimers about the scope of this data.,,,1770491264,,,,/v3_resolved_mcf/dc_aggregate/Entity_2022-10-06/USFireAgg/graph.tfrecord@1.gz,dc/d/UsNationalWildfireCoordinatingGroup_NationalInteragencyFireCenterInteragencySituationReport-209Sit-209
dc/base/WikidataGeo_Singapore,dc/base/WikidataGeo_Singapore,WikidataGeo_Singapore,dc/cjj7vp,dc/s/WikimediaFoundation,https://en.wikipedia.org/wiki/Regions_of_Singapore,Includes the Administrative Area 1 divisions of Singapore.,/v3_resolved_mcf/ocha/geodata/Singapore/ADM1/wikidata/nodes.mcf@1,,1770491264,,,,,dc/d/WikimediaFoundation_Wikidata
dc/base/WikidataGeo_Afghanistan_ADM2,dc/base/WikidataGeo_Afghanistan_ADM2,WikidataGeo_Afghanistan_ADM2,dc/cjj7vp,dc/s/WikimediaFoundation,https://en.wikipedia.org/wiki/Districts_of_Afghanistan,Includes the Administrative Area 2 divisions of Afghanistan.,/v3_resolved_mcf/geos/BaseGeos/wikidata/Afghanistan/ADM2/nodes.mcf@1,,1770491264,,,,,dc/d/WikimediaFoundation_Wikidata
dc/base/WikidataGeo_Israel,dc/base/WikidataGeo_Israel,WikidataGeo_Israel,dc/cjj7vp,dc/s/WikimediaFoundation,https://www.wikidata.org/,Includes the provinces(Administrative Area 1 division) of Israel.,/v3_resolved_mcf/geos/BaseGeos/wikidata/Israel/nodes.mcf@1,,1770491264,,,,,dc/d/WikimediaFoundation_Wikidata
dc/base/WikidataGeo_Jordan,dc/base/WikidataGeo_Jordan,WikidataGeo_Jordan,dc/cjj7vp,dc/s/WikimediaFoundation,https://www.wikidata.org/,Includes the provinces(Administrative Area 1 division) of Jordan.,/v3_resolved_mcf/geos/BaseGeos/wikidata/Jordan/nodes.mcf@1,,1770491264,,,,,dc/d/WikimediaFoundation_Wikidata
dc/base/WikidataGeo_Latvia,dc/base/WikidataGeo_Latvia,WikidataGeo_Latvia,dc/cjj7vp,dc/s/WikimediaFoundation,https://en.wikipedia.org/wiki/Administrative_divisions_of_Latvia,Includes the Municipalities(Administrative Area 1 division) of Latvia.,/v3_resolved_mcf/geos/BaseGeos/wikidata/Latvia/nodes.mcf@1,,1770491264,,,,,dc/d/WikimediaFoundation_Wikidata
dc/base/WikidataGeo_TrinidadAndTobago,dc/base/WikidataGeo_TrinidadAndTobago,WikidataGeo_TrinidadAndTobago,dc/cjj7vp,dc/s/WikimediaFoundation,https://en.wikipedia.org/wiki/Regions_and_municipalities_of_Trinidad_and_Tobago,Includes the Administrative Area 1 division of Trinidad and Tobago.,/v3_resolved_mcf/ocha/geodata/TrinidadAndTobago/wikidata/nodes.mcf@1,,1770491264,,,,,dc/d/WikimediaFoundation_Wikidata
dc/base/WikidataOtherIdGeos,dc/base/WikidataOtherIdGeos,WikidataOtherIdGeos,dc/cjj7vp,dc/s/WikimediaFoundation,https://www.wikidata.org/,,/v3_resolved_mcf/geos/WikidataToOtherIds/*.mcf,,1770491264,,,,,dc/d/WikimediaFoundation_Wikidata
dc/base/WikidataGeo_BosniaAndHerzegovina_ADM2,dc/base/WikidataGeo_BosniaAndHerzegovina_ADM2,WikidataGeo_BosniaAndHerzegovina_ADM2,dc/cjj7vp,dc/s/WikimediaFoundation,https://en.wikipedia.org/wiki/Cantons_of_the_Federation_of_Bosnia_and_Herzegovina,Includes the Administrative Area 2 divisions of Bosnia and Herzegovina.,/v3_resolved_mcf/geos/BaseGeos/wikidata/Bosnia_and_Herzegovina/ADM2/nodes.mcf@1,,1770491264,,,,,dc/d/WikimediaFoundation_Wikidata
dc/base/WikidataGeo_Croatia,dc/base/WikidataGeo_Croatia,WikidataGeo_Croatia,dc/cjj7vp,dc/s/WikimediaFoundation,https://www.wikidata.org/,Includes the counties(Administrative Area 1 division) of Croatia.,/v3_resolved_mcf/ocha/geodata/Croatia/wikidata/nodes.mcf@1,,1770491264,,,,,dc/d/WikimediaFoundation_Wikidata
dc/base/WikidataGeo_OCHA_Ireland,dc/base/WikidataGeo_OCHA_Ireland,WikidataGeo_OCHA_Ireland,dc/cjj7vp,dc/s/WikimediaFoundation,https://www.wikidata.org/,Includes the counties(Administrative Area 1 division) of Ireland.,/v3_resolved_mcf/ocha/geodata/Ireland/wikidata/nodes.mcf@1,,1770491264,,,,,dc/d/WikimediaFoundation_Wikidata
dc/base/WikidataGeo_Madagascar,dc/base/WikidataGeo_Madagascar,WikidataGeo_Madagascar,dc/cjj7vp,dc/s/WikimediaFoundation,https://en.wikipedia.org/wiki/Regions_of_Madagascar,Includes the Administrative Area 1 of Madagascar.,/v3_resolved_mcf/geos/BaseGeos/wikidata/Madagascar/nodes.mcf@1,,1770491264,,,,,dc/d/WikimediaFoundation_Wikidata
dc/base/WikidataIdDcidMappings,dc/base/WikidataIdDcidMappings,WikidataIdDcidMappings,dc/cjj7vp,dc/s/WikimediaFoundation,https://www.google.com,,/v3_resolved_mcf/geos/WikidataIdDcidMappings/*.mcf,,1770491264,,,,,dc/d/WikimediaFoundation_Wikidata
dc/base/WikidataGeo_Japan,dc/base/WikidataGeo_Japan,WikidataGeo_Japan,dc/cjj7vp,dc/s/WikimediaFoundation,https://en.wikipedia.org/wiki/Prefectures_of_Japan,Includes the prefectures(Administrative Area 1 division) of Japan.,/v3_resolved_mcf/ocha/geodata/Japan/wikidata/nodes.mcf@1,,1770491264,,,,,dc/d/WikimediaFoundation_Wikidata
dc/base/WikidataGeo_Fiji,dc/base/WikidataGeo_Fiji,WikidataGeo_Fiji,dc/cjj7vp,dc/s/WikimediaFoundation,https://www.wikidata.org/,Includes the divisions(Administrative Area 1 division) of Fiji.,/v3_resolved_mcf/geos/BaseGeos/wikidata/Fiji/nodes.mcf@1,,1770491264,,,,,dc/d/WikimediaFoundation_Wikidata
dc/base/WikidataGeo_Slovenia,dc/base/WikidataGeo_Slovenia,WikidataGeo_Slovenia,dc/cjj7vp,dc/s/WikimediaFoundation,https://en.m.wikipedia.org/wiki/Municipalities_of_Slovenia,Includes the provinces(Administrative Area 1 division) of Slovenia.,/v3_resolved_mcf/ocha/geodata/Slovenia/wikidata/nodes.mcf@1,,1770491264,,,,,dc/d/WikimediaFoundation_Wikidata
dc/base/WikidataGeo_Bahrain,dc/base/WikidataGeo_Bahrain,WikidataGeo_Bahrain,dc/cjj7vp,dc/s/WikimediaFoundation,https://en.m.wikipedia.org/wiki/Governorates_of_Bahrain,Includes the districts(Administrative Area 1 division) of Bahrain.,/v3_resolved_mcf/ocha/geodata/bahrain/wikidata/nodes.mcf@1,,1770491264,,,,,dc/d/WikimediaFoundation_Wikidata
dc/base/WikidataGeo_France,dc/base/WikidataGeo_France,WikidataGeo_France,dc/cjj7vp,dc/s/WikimediaFoundation,https://en.wikipedia.org/wiki/Regions_of_France,Includes the Administrative Area 1 divisions of France.,/v3_resolved_mcf/ocha/geodata/France/ADM1/wikidata/nodes.mcf@1,,1770491264,,,,,dc/d/WikimediaFoundation_Wikidata
dc/base/WikidataGeo_Federated_States_of_Micronesia,dc/base/WikidataGeo_Federated_States_of_Micronesia,WikidataGeo_Federated_States_of_Micronesia,dc/cjj7vp,dc/s/WikimediaFoundation,https://www.wikidata.org/,Includes the provinces(Administrative Area 1 division) of Federated States of Micronesia.,/v3_resolved_mcf/geos/BaseGeos/wikidata/Federated_States_of_Micronesia/nodes.mcf@1,,1770491264,,,,,dc/d/WikimediaFoundation_Wikidata
dc/base/WikidataGeo_Cyprus,dc/base/WikidataGeo_Cyprus,WikidataGeo_Cyprus,dc/cjj7vp,dc/s/WikimediaFoundation,https://www.wikidata.org/,Includes the districts(Administrative Area 1 division) of Cyprus.,/v3_resolved_mcf/ocha/geodata/cyprus/wikidata/nodes.mcf@1,,1770491264,,,,,dc/d/WikimediaFoundation_Wikidata
dc/base/WikidataGeo_Guinea,dc/base/WikidataGeo_Guinea,WikidataGeo_Guinea,dc/cjj7vp,dc/s/WikimediaFoundation,https://www.wikidata.org/,Includes the regions(Administrative Area 1 division) of Guinea.,/v3_resolved_mcf/geos/BaseGeos/wikidata/Guinea/nodes.mcf@1,,1770491264,,,,,dc/d/WikimediaFoundation_Wikidata
dc/base/WikidataGeo_Somalia,dc/base/WikidataGeo_Somalia,WikidataGeo_Somalia,dc/cjj7vp,dc/s/WikimediaFoundation,https://en.wikipedia.org/wiki/States_and_regions_of_Somalia,Includes the Administrative Areas 1 of Somalia.,/v3_resolved_mcf/ocha/geodata/Somalia/wikidata_ADM1/nodes.mcf@1,,1770491264,,,,,dc/d/WikimediaFoundation_Wikidata
dc/base/WikidataGeo_Niger,dc/base/WikidataGeo_Niger,WikidataGeo_Niger,dc/cjj7vp,dc/s/WikimediaFoundation,https://www.wikidata.org/,Includes the regions(Administrative Area 1 division) of Niger.,/v3_resolved_mcf/ocha/geodata/Niger/wikidata/nodes.mcf@1,,1770491264,,,,,dc/d/WikimediaFoundation_Wikidata
dc/base/WikidataI18nNames,dc/base/WikidataI18nNames,WikidataI18nNames,dc/cjj7vp,dc/s/WikimediaFoundation,https://www.wikidata.org/,,/v3_resolved_mcf/geos/WikidataI18nNames/*.mcf,,1770491264,,,,,dc/d/WikimediaFoundation_Wikidata
dc/base/WikidataGeo_Switzerland_ADM2,dc/base/WikidataGeo_Switzerland_ADM2,WikidataGeo_Switzerland_ADM2,dc/cjj7vp,dc/s/WikimediaFoundation,https://en.wikipedia.org/wiki/Districts_of_Switzerland,Includes the Administrative Area 2 divisions of Switzerland.,/v3_resolved_mcf/ocha/geodata/Switzerland/wikidata_ADM2/nodes.mcf@1,,1770491264,,,,,dc/d/WikimediaFoundation_Wikidata
dc/base/WikidataGeo_Somalia_ADM2,dc/base/WikidataGeo_Somalia_ADM2,WikidataGeo_Somalia_ADM2,dc/cjj7vp,dc/s/WikimediaFoundation,https://en.wikipedia.org/wiki/States_and_regions_of_Somalia,Includes the Administrative Areas 2 of Somalia.,/v3_resolved_mcf/ocha/geodata/Somalia/wikidata_ADM2/nodes.mcf@1,,1770491264,,,,,dc/d/WikimediaFoundation_Wikidata
dc/base/WikidataGeo_Pakistan,dc/base/WikidataGeo_Pakistan,WikidataGeo_Pakistan,dc/cjj7vp,dc/s/WikimediaFoundation,https://www.wikidata.org/,Includes the provinces(Administrative Area 1 division) of Pakistan.,/v3_resolved_mcf/geos/BaseGeos/wikidata/Pakistan/nodes.mcf@1,,1770491264,,,,,dc/d/WikimediaFoundation_Wikidata
dc/base/WikidataGeo_Jamaica,dc/base/WikidataGeo_Jamaica,WikidataGeo_Jamaica,dc/cjj7vp,dc/s/WikimediaFoundation,https://en.wikipedia.org/wiki/Parishes_of_Jamaica,Includes the parishes(Administrative Area 1 division) of Jamaica.,/v3_resolved_mcf/ocha/geodata/Jamaica/wikidata/nodes.mcf@1,,1770491264,,,,,dc/d/WikimediaFoundation_Wikidata
dc/base/WikidataGeo_Congo,dc/base/WikidataGeo_Congo,WikidataGeo_Congo,dc/cjj7vp,dc/s/WikimediaFoundation,https://en.wikipedia.org/wiki/Provinces_of_the_Democratic_Republic_of_the_Congo,Includes the provinces(Administrative Area 1 division) of Congo.,/v3_resolved_mcf/ocha/geodata/Congo/wikidata/nodes.mcf@1,,1770491264,,,,,dc/d/WikimediaFoundation_Wikidata
dc/base/WikidataGeo_Finland,dc/base/WikidataGeo_Finland,WikidataGeo_Finland,dc/cjj7vp,dc/s/WikimediaFoundation,https://en.wikipedia.org/wiki/Counties_of_Finland,Includes the Administrative Area 1 of Finland.,/v3_resolved_mcf/geos/BaseGeos/wikidata/Finland/nodes.mcf@1,,1770491264,,,,,dc/d/WikimediaFoundation_Wikidata
dc/base/WikidataGeo_Luxembourg,dc/base/WikidataGeo_Luxembourg,WikidataGeo_Luxembourg,dc/cjj7vp,dc/s/WikimediaFoundation,https://www.wikidata.org/,Includes the districts(Administrative Area 1 division) of Luxembourg.,/v3_resolved_mcf/ocha/geodata/Luxembourg/wikidata/nodes.mcf@1,,1770491264,,,,,dc/d/WikimediaFoundation_Wikidata
dc/base/WikidataGeo_Afghanistan,dc/base/WikidataGeo_Afghanistan,WikidataGeo_Afghanistan,dc/cjj7vp,dc/s/WikimediaFoundation,https://www.wikidata.org/,Includes the provinces(Administrative Area 1 division) of Afghanistan.,/v3_resolved_mcf/geos/BaseGeos/wikidata/Afghanistan/nodes.mcf@1,,1770491264,,,,,dc/d/WikimediaFoundation_Wikidata
dc/base/WikidataGeo_Iceland,dc/base/WikidataGeo_Iceland,WikidataGeo_Iceland,dc/cjj7vp,dc/s/WikimediaFoundation,https://en.m.wikipedia.org/wiki/Regions_of_Iceland,Includes the provinces(Administrative Area 1 division) of Iceland.,/v3_resolved_mcf/ocha/geodata/Iceland/wikidata/nodes.mcf@1,,1770491264,,,,,dc/d/WikimediaFoundation_Wikidata
dc/base/WikidataGeo_Lithuania,dc/base/WikidataGeo_Lithuania,WikidataGeo_Lithuania,dc/cjj7vp,dc/s/WikimediaFoundation,https://en.m.wikipedia.org/wiki/Counties_of_Lithuania,Includes the districts(Administrative Area 1 division) of Lithuania.,/v3_resolved_mcf/ocha/geodata/Lithuania/wikidata/nodes.mcf@1,,1770491264,,,,,dc/d/WikimediaFoundation_Wikidata
dc/base/WikidataGeo_Myanmar,dc/base/WikidataGeo_Myanmar,WikidataGeo_Myanmar,dc/cjj7vp,dc/s/WikimediaFoundation,https://www.wikidata.org/,Includes the provinces(Administrative Area 1 division) of Myanmar.,/v3_resolved_mcf/geos/BaseGeos/wikidata/Myanmar/nodes.mcf@1,,1770491264,,,,,dc/d/WikimediaFoundation_Wikidata
dc/base/WikidataGeo_Ukraine,dc/base/WikidataGeo_Ukraine,WikidataGeo_Ukraine,dc/cjj7vp,dc/s/WikimediaFoundation,https://www.wikidata.org/,Includes the Administrative Areas 1 of Ukraine.,/v3_resolved_mcf/ocha/geodata/Ukraine/wikidata/nodes.mcf@1,,1770491264,,,,,dc/d/WikimediaFoundation_Wikidata
dc/base/WikidataGeo_Gabon,dc/base/WikidataGeo_Gabon,WikidataGeo_Gabon,dc/cjj7vp,dc/s/WikimediaFoundation,https://www.wikidata.org/,Includes administratrive area 1 places of Gabon.,/v3_resolved_mcf/geos/BaseGeos/wikidata/Gabon/nodes.mcf@1,,1770491264,,,,,dc/d/WikimediaFoundation_Wikidata
dc/base/WikidataGeo_Greece,dc/base/WikidataGeo_Greece,WikidataGeo_Greece,dc/cjj7vp,dc/s/WikimediaFoundation,https://en.wikipedia.org/wiki/Decentralized_administrations_of_Greece,Includes the Administrative Area 1 division of Greece.,/v3_resolved_mcf/geos/BaseGeos/wikidata/Greece/nodes.mcf@1,,1770491264,,,,,dc/d/WikimediaFoundation_Wikidata
dc/base/WikidataGeo_CapeVerde,dc/base/WikidataGeo_CapeVerde,WikidataGeo_CapeVerde,dc/cjj7vp,dc/s/WikimediaFoundation,https://en.m.wikipedia.org/wiki/Administrative_divisions_of_Cape_Verde,Includes the Administrative Areas 1 of CapeVerde.,/v3_resolved_mcf/ocha/geodata/CapeVerde/wikidata/nodes.mcf@1,,1770491264,,,,,dc/d/WikimediaFoundation_Wikidata
dc/base/WikidataGeo_Kiribati,dc/base/WikidataGeo_Kiribati,WikidataGeo_Kiribati,dc/cjj7vp,dc/s/WikimediaFoundation,https://www.wikidata.org/,Includes the districts(Administrative Area 1 division) of Kiribati.,/v3_resolved_mcf/ocha/geodata/Kiribati/wikidata/nodes.mcf@1,,1770491264,,,,,dc/d/WikimediaFoundation_Wikidata
dc/base/WikidataGeo_Niger_ADM2,dc/base/WikidataGeo_Niger_ADM2,WikidataGeo_Niger_ADM2,dc/cjj7vp,dc/s/WikimediaFoundation,https://en.wikipedia.org/wiki/Departments_of_Niger,Includes the Administrative Area 2 divisions of Niger.,/v3_resolved_mcf/geos/BaseGeos/wikidata/Niger/ADM2/nodes.mcf@1,,1770491264,,,,,dc/d/WikimediaFoundation_Wikidata
dc/base/WikidataGeo_Belarus,dc/base/WikidataGeo_Belarus,WikidataGeo_Belarus,dc/cjj7vp,dc/s/WikimediaFoundation,https://en.wikipedia.org/wiki/Regions_of_Belarus,Includes the Oblasts(Administrative Area 1 division) of Belarus.,/v3_resolved_mcf/geos/BaseGeos/wikidata/Belarus/ADM1/nodes.mcf@1,,1770491264,,,,,dc/d/WikimediaFoundation_Wikidata
dc/base/WikidataGeo_Guinea_Bissau,dc/base/WikidataGeo_Guinea_Bissau,WikidataGeo_Guinea_Bissau,dc/cjj7vp,dc/s/WikimediaFoundation,https://www.wikidata.org/,Includes the regions(Administrative Area 1 division) of Guinea-Bissau.,/v3_resolved_mcf/ocha/geodata/guinea-bissau/wikidata/nodes.mcf@1,,1770491264,,,,,dc/d/WikimediaFoundation_Wikidata
dc/base/WikidataGeo_Lithuania_ADM2,dc/base/WikidataGeo_Lithuania_ADM2,WikidataGeo_Lithuania_ADM2,dc/cjj7vp,dc/s/WikimediaFoundation,https://en.wikipedia.org/wiki/Municipalities_of_Lithuania,Includes the Administrative Area 2 divisions of Lithuania.,/v3_resolved_mcf/ocha/geodata/Lithuania/ADM2/wikidata_ADM2/nodes.mcf@1,,1770491264,,,,,dc/d/WikimediaFoundation_Wikidata
dc/base/WikidataGeo_Dominica,dc/base/WikidataGeo_Dominica,WikidataGeo_Dominica,dc/cjj7vp,dc/s/WikimediaFoundation,https://en.wikipedia.org/wiki/Parishes_of_Dominica,Includes the parishes (Administrative Area 1 division) of Dominica.,/v3_resolved_mcf/geos/BaseGeos/wikidata/Dominica/nodes.mcf@1,,1770491264,,,,,dc/d/WikimediaFoundation_Wikidata
dc/base/WikidataGeo_Honduras_ADM2,dc/base/WikidataGeo_Honduras_ADM2,WikidataGeo_Honduras_ADM2,dc/cjj7vp,dc/s/WikimediaFoundation,https://en.wikipedia.org/wiki/Municipalities_of_Honduras,Includes the Administrative Area 2 divisions of Honduras.,/v3_resolved_mcf/geos/BaseGeos/wikidata/Honduras/ADM2/nodes.mcf@1,,1770491264,,,,,dc/d/WikimediaFoundation_Wikidata
dc/base/WikidataGeo_Argentina,dc/base/WikidataGeo_Argentina,WikidataGeo_Argentina,dc/cjj7vp,dc/s/WikimediaFoundation,https://www.wikidata.org/,Includes the provinces(Administrative Area 1 division) of Argentina.,/v3_resolved_mcf/geos/BaseGeos/wikidata/Argentina/nodes.mcf@1,,1770491264,,,,,dc/d/WikimediaFoundation_Wikidata
dc/base/WikidataGeo_UnitedKingdom,dc/base/WikidataGeo_UnitedKingdom,WikidataGeo_UnitedKingdom,dc/cjj7vp,dc/s/WikimediaFoundation,https://en.wikipedia.org/wiki/Countries_of_the_United_Kingdom,Includes the Administrative Area 1 divisions of United Kingdom.,/v3_resolved_mcf/geos/BaseGeos/wikidata/United_Kingdom/ADM1/nodes.mcf@1,,1770491264,,,,,dc/d/WikimediaFoundation_Wikidata
dc/base/WikidataGeo_Liechtenstein,dc/base/WikidataGeo_Liechtenstein,WikidataGeo_Liechtenstein,dc/cjj7vp,dc/s/WikimediaFoundation,https://en.wikipedia.org/wiki/Municipalities_of_Liechtenstein,Includes the provinces(Administrative Area 1 division) of Liechtenstein.,/v3_resolved_mcf/ocha/geodata/Liechtenstein/wikidata/nodes.mcf@1,,1770491264,,,,,dc/d/WikimediaFoundation_Wikidata
dc/base/WikidataGeo_NorthKorea,dc/base/WikidataGeo_NorthKorea,WikidataGeo_NorthKorea,dc/cjj7vp,dc/s/WikimediaFoundation,https://en.wikipedia.org/wiki/Administrative_divisions_of_North_Korea,Includes the provinces(Administrative Area 1 division) of North Korea.,/v3_resolved_mcf/geos/BaseGeos/wikidata/NorthKorea/ADM1/nodes.mcf@1,,1770491264,,,,,dc/d/WikimediaFoundation_Wikidata
dc/base/WikidataGeo_NewZealand,dc/base/WikidataGeo_NewZealand,WikidataGeo_NewZealand,dc/cjj7vp,dc/s/WikimediaFoundation,https://www.wikidata.org/,Includes the regions(Administrative Area 1 division) of NewZealand.,/v3_resolved_mcf/geos/BaseGeos/wikidata/NewZealand/nodes.mcf@1,,1770491264,,,,,dc/d/WikimediaFoundation_Wikidata
dc/base/WikidataGeo_UnitedArabEmirates,dc/base/WikidataGeo_UnitedArabEmirates,WikidataGeo_UnitedArabEmirates,dc/cjj7vp,dc/s/WikimediaFoundation,https://www.wikidata.org/,Includes the emirates(Administrative Area 1 division) of Niger.,/v3_resolved_mcf/ocha/geodata/UnitedArabEmirates/wikidata/nodes.mcf@1,,1770491264,,,,,dc/d/WikimediaFoundation_Wikidata
dc/base/WikidataGeo_Latvia_ADM2,dc/base/WikidataGeo_Latvia_ADM2,WikidataGeo_Latvia_ADM2,dc/cjj7vp,dc/s/WikimediaFoundation,https://en.wikipedia.org/wiki/Administrative_divisions_of_Latvia#Municipalities_as_of_2021,Includes the Administrative Area 2 divisions of Latvia.,/v3_resolved_mcf/geos/BaseGeos/wikidata/Latvia/ADM2/nodes.mcf@1,,1770491264,,,,,dc/d/WikimediaFoundation_Wikidata
dc/base/WikidataGeo_Solomon_Islands,dc/base/WikidataGeo_Solomon_Islands,WikidataGeo_Solomon_Islands,dc/cjj7vp,dc/s/WikimediaFoundation,https://www.wikidata.org/,Includes the provinces(Administrative Area 1 division) of Solomon Islands.,/v3_resolved_mcf/geos/BaseGeos/wikidata/solomon_islands/nodes.mcf@1,,1770491264,,,,,dc/d/WikimediaFoundation_Wikidata
dc/base/WikidataGeo_Romania,dc/base/WikidataGeo_Romania,WikidataGeo_Romania,dc/cjj7vp,dc/s/WikimediaFoundation,https://en.wikipedia.org/wiki/Administrative_divisions_of_Romania,Includes the counties (Administrative Area 1 division) of Romania.,/v3_resolved_mcf/geos/BaseGeos/wikidata/Romania/nodes.mcf@1,,1770491264,,,,,dc/d/WikimediaFoundation_Wikidata
dc/base/WikidataGeo_Norway,dc/base/WikidataGeo_Norway,WikidataGeo_Norway,dc/cjj7vp,dc/s/WikimediaFoundation,https://en.wikipedia.org/wiki/Counties_of_Norway,Includes the provinces(Administrative Area 1 division) of Norway.,/v3_resolved_mcf/geos/BaseGeos/wikidata/Norway/nodes.mcf@1,,1770491264,,,,,dc/d/WikimediaFoundation_Wikidata
dc/base/WikidataGeo_SouthKorea,dc/base/WikidataGeo_SouthKorea,WikidataGeo_SouthKorea,dc/cjj7vp,dc/s/WikimediaFoundation,https://www.wikidata.org/,Includes the provinces(Administrative Area 1 division) of SouthKorea.,/v3_resolved_mcf/geos/BaseGeos/wikidata/SouthKorea/nodes.mcf@1,,1770491264,,,,,dc/d/WikimediaFoundation_Wikidata
dc/base/WikidataGeo_Guinea_Bissau_ADM2,dc/base/WikidataGeo_Guinea_Bissau_ADM2,WikidataGeo_Guinea_Bissau_ADM2,dc/cjj7vp,dc/s/WikimediaFoundation,https://en.wikipedia.org/wiki/Sectors_of_Guinea-Bissau,Includes the Administrative Area 2 divisions of Guinea-Bissau.,/v3_resolved_mcf/ocha/geodata/guinea-bissau/wikidata_ADM2/nodes.mcf@1,,1770491264,,,,,dc/d/WikimediaFoundation_Wikidata
dc/base/WikidataGeo_Qatar,dc/base/WikidataGeo_Qatar,WikidataGeo_Qatar,dc/cjj7vp,dc/s/WikimediaFoundation,https://www.wikidata.org/,Includes administratrive area 1 places of Qatar.,/v3_resolved_mcf/geos/BaseGeos/wikidata/Qatar/nodes.mcf@1,,1770491264,,,,,dc/d/WikimediaFoundation_Wikidata
dc/base/WikidataGeo_Federated_States_of_Micronesia_ADM2,dc/base/WikidataGeo_Federated_States_of_Micronesia_ADM2,WikidataGeo_Federated_States_of_Micronesia_ADM2,dc/cjj7vp,dc/s/WikimediaFoundation,https://en.wikipedia.org/wiki/Administrative_divisions_of_the_Federated_States_of_Micronesia,Includes the Administrative Area 2 divisions of Federated States of Micronesia.,/v3_resolved_mcf/geos/BaseGeos/wikidata/Federated_States_of_Micronesia/ADM2/nodes.mcf@1,,1770491264,,,,,dc/d/WikimediaFoundation_Wikidata
dc/base/WikidataGeo_Monaco,dc/base/WikidataGeo_Monaco,WikidataGeo_Monaco,dc/cjj7vp,dc/s/WikimediaFoundation,https://en.m.wikipedia.org/wiki/Municipality_of_Monaco,Includes the provinces(Administrative Area 1 division) of Monaco.,/v3_resolved_mcf/ocha/geodata/Monaco/wikidata/nodes.mcf@1,,1770491264,,,,,dc/d/WikimediaFoundation_Wikidata
dc/base/WikidataGeo_Singapore_ADM2,dc/base/WikidataGeo_Singapore_ADM2,WikidataGeo_Singapore_ADM2,dc/cjj7vp,dc/s/WikimediaFoundation,https://en.wikipedia.org/wiki/Planning_areas_of_Singapore,Includes the Administrative Area 2 divisions of Singapore.,/v3_resolved_mcf/ocha/geodata/Singapore/ADM2/wikidata/nodes.mcf@1,,1770491264,,,,,dc/d/WikimediaFoundation_Wikidata
dc/base/WikidataGeo_Macedonia,dc/base/WikidataGeo_Macedonia,WikidataGeo_Macedonia,dc/cjj7vp,dc/s/WikimediaFoundation,https://en.wikipedia.org/wiki/Governorates_of_Macedonian/,Includes the provinces(Administrative Area 1 division) of Macedonia.,/v3_resolved_mcf/geos/BaseGeos/wikidata/Macedonia/nodes.mcf@1,,1770491264,,,,,dc/d/WikimediaFoundation_Wikidata
dc/base/WikidataGeos,dc/base/WikidataGeos,WikidataGeos,dc/cjj7vp,dc/s/WikimediaFoundation,https://www.wikidata.org/,,/v3_resolved_mcf/geos/WikidataGeos/*.mcf,,1770491264,,,,,dc/d/WikimediaFoundation_Wikidata
dc/base/WikidataGeo_Greenland,dc/base/WikidataGeo_Greenland,WikidataGeo_Greenland,dc/cjj7vp,dc/s/WikimediaFoundation,https://en.wikipedia.org/wiki/Administrative_divisions_of_Greenland,Includes the municipalities (Administrative Area 1 division) of Greenland.,/v3_resolved_mcf/ocha/geodata/Greenland/wikidata/nodes.mcf@1,,1770491264,,,,,dc/d/WikimediaFoundation_Wikidata
dc/base/WikidataGeo_NewZealand_ADM2,dc/base/WikidataGeo_NewZealand_ADM2,WikidataGeo_NewZealand_ADM2,dc/cjj7vp,dc/s/WikimediaFoundation,https://en.wikipedia.org/wiki/Territorial_authorities_of_New_Zealand,Includes the provinces(Administrative Area 2 districts and cities) of NewZealand.,/v3_resolved_mcf/geos/BaseGeos/wikidata/NewZealand/ADM2/nodes.mcf@1,,1770491264,,,,,dc/d/WikimediaFoundation_Wikidata
dc/base/WikidataGeo_Estonia,dc/base/WikidataGeo_Estonia,WikidataGeo_Estonia,dc/cjj7vp,dc/s/WikimediaFoundation,https://www.wikidata.org/,Includes the Administrative Area 1 of Estonia.,/v3_resolved_mcf/geos/BaseGeos/wikidata/Estonia/nodes.mcf@1,,1770491264,,,,,dc/d/WikimediaFoundation_Wikidata
dc/base/WikidataGeo_Tonga,dc/base/WikidataGeo_Tonga,WikidataGeo_Tonga,dc/cjj7vp,dc/s/WikimediaFoundation,https://www.wikidata.org/,Includes the provinces (Administrative Area 1 division) of Tonga.,/v3_resolved_mcf/ocha/geodata/Tonga/wikidata/nodes.mcf@1,,1770491264,,,,,dc/d/WikimediaFoundation_Wikidata
dc/base/WikidataGeo_CapeVerde_ADM2,dc/base/WikidataGeo_CapeVerde_ADM2,WikidataGeo_CapeVerde_ADM2,dc/cjj7vp,dc/s/WikimediaFoundation,https://en.wikipedia.org/wiki/Administrative_divisions_of_Cape_Verde,Includes the Administrative Area 2 divisions of Cape Verde.,/v3_resolved_mcf/geos/BaseGeos/wikidata/CapeVerde/ADM2/nodes.mcf@1,,1770491264,,,,,dc/d/WikimediaFoundation_Wikidata
dc/base/WikidataGeo_Portugal,dc/base/WikidataGeo_Portugal,WikidataGeo_Portugal,dc/cjj7vp,dc/s/WikimediaFoundation,https://en.wikipedia.org/wiki/Administrative_divisions_of_Portugal,Includes the provinces(Administrative Area 1 division) of Portugal.,/v3_resolved_mcf/ocha/geodata/Portugal/wikidata/nodes.mcf@1,,1770491264,,,,,dc/d/WikimediaFoundation_Wikidata
dc/base/WikidataGeos_HongKong,dc/base/WikidataGeos_HongKong,WikidataGeos_HongKong,dc/cjj7vp,dc/s/WikimediaFoundation,https://www.wikidata.org/,Includes the Administrative Areas 1 of HongKong.,/v3_resolved_mcf/ocha/geodata/HongKong/wikidata/nodes.mcf@1,,1770491264,,,,,dc/d/WikimediaFoundation_Wikidata
dc/base/WikidataGeo_Albania,dc/base/WikidataGeo_Albania,WikidataGeo_Albania,dc/cjj7vp,dc/s/WikimediaFoundation,https://www.wikidata.org/,Includes the provinces(Administrative Area 1 division) of Albania.,/v3_resolved_mcf/geos/BaseGeos/wikidata/Albania/nodes.mcf@1,,1770491264,,,,,dc/d/WikimediaFoundation_Wikidata
dc/base/WikidataGeo_Brunei,dc/base/WikidataGeo_Brunei,WikidataGeo_Brunei,dc/cjj7vp,dc/s/WikimediaFoundation,https://en.wikipedia.org/wiki/Administrative_divisions_of_Brunei,Includes the districts(Administrative Area 1 division) of Brunei.,/v3_resolved_mcf/geos/BaseGeos/wikidata/Brunei/nodes.mcf@1,,1770491264,,,,,dc/d/WikimediaFoundation_Wikidata
dc/base/WikidataGeo_Tonga_ADM2,dc/base/WikidataGeo_Tonga_ADM2,WikidataGeo_Tonga_ADM2,dc/cjj7vp,dc/s/WikimediaFoundation,https://en.wikipedia.org/wiki/Administrative_divisions_of_Tonga,Includes the districts (Administrative Area 2 division) of Tonga.,/v3_resolved_mcf/ocha/geodata/Tonga/wikidata_ADM2/nodes.mcf@1,,1770491264,,,,,dc/d/WikimediaFoundation_Wikidata
dc/base/WikidataGeo_Brazil_AA1,dc/base/WikidataGeo_Brazil_AA1,WikidataGeo_Brazil_AA1,dc/cjj7vp,dc/s/WikimediaFoundation,https://en.m.wikipedia.org/wiki/Federative_units_of_Brazil,Includes the Administrative Area 1 divisions of Brazil.,/v3_resolved_mcf/geos/BaseGeos/wikidata/Brazil/ADM1/nodes.mcf@1,,1770491264,,,,,dc/d/WikimediaFoundation_Wikidata
dc/base/WikidataGeo_SaudiArabia,dc/base/WikidataGeo_SaudiArabia,WikidataGeo_SaudiArabia,dc/cjj7vp,dc/s/WikimediaFoundation,https://en.wikipedia.org/wiki/Provinces_of_Saudi_Arabia,Includes the Administrative Area 1 divisions of Saudi Arabia.,/v3_resolved_mcf/ocha/geodata/SaudiArabia/ADM1/wikidata/nodes.mcf@1,,1770491264,,,,,dc/d/WikimediaFoundation_Wikidata
dc/base/WikidataGeo_Sudan,dc/base/WikidataGeo_Sudan,WikidataGeo_Sudan,dc/cjj7vp,dc/s/WikimediaFoundation,https://www.wikidata.org/,Includes the provinces(Administrative Area 1 division) of Sudan.,/v3_resolved_mcf/geos/BaseGeos/wikidata/Sudan/nodes.mcf@1,,1770491264,,,,,dc/d/WikimediaFoundation_Wikidata
dc/base/WikidataGeo_Turkmenistan,dc/base/WikidataGeo_Turkmenistan,WikidataGeo_Turkmenistan,dc/cjj7vp,dc/s/WikimediaFoundation,https://www.wikidata.org/,Includes the provinces(Administrative Area 1 division) of Turkmenistan.,/v3_resolved_mcf/geos/BaseGeos/wikidata/Turkmenistan/nodes.mcf@1,,1770491264,,,,,dc/d/WikimediaFoundation_Wikidata
dc/base/WikidataGeo_Madagascar_ADM2,dc/base/WikidataGeo_Madagascar_ADM2,WikidataGeo_Madagascar_ADM2,dc/cjj7vp,dc/s/WikimediaFoundation,https://en.wikipedia.org/wiki/Districts_of_Madagascar,Includes the Administrative Area 2 divisions of Madagascar.,/v3_resolved_mcf/geos/BaseGeos/wikidata/Madagascar/ADM2/nodes.mcf@1,,1770491264,,,,,dc/d/WikimediaFoundation_Wikidata
dc/base/WikidataGeo_Ghana,dc/base/WikidataGeo_Ghana,WikidataGeo_Ghana,dc/cjj7vp,dc/s/WikimediaFoundation,https://en.m.wikipedia.org/wiki/Regions_of_Ghana,Includes the regions(Administrative Area 1 division) of Ghana.,/v3_resolved_mcf/ocha/geodata/Ghana/wikidata/nodes.mcf@1,,1770491264,,,,,dc/d/WikimediaFoundation_Wikidata
dc/base/WikidataGeo_GB_Ireland,dc/base/WikidataGeo_GB_Ireland,WikidataGeo_GB_Ireland,dc/cjj7vp,dc/s/WikimediaFoundation,https://www.wikidata.org/,Includes the provinces(Administrative Area 1 division) of Ireland.,/v3_resolved_mcf/geos/BaseGeos/wikidata/Ireland/nodes.mcf@1,,1770491264,,,,,dc/d/WikimediaFoundation_Wikidata
dc/base/WikidataGeo_Gambia,dc/base/WikidataGeo_Gambia,WikidataGeo_Gambia,dc/cjj7vp,dc/s/WikimediaFoundation,https://www.wikidata.org/,Includes the regions(Administrative Area 1 division) of Gambia.,/v3_resolved_mcf/ocha/geodata/Gambia/wikidata/nodes.mcf@1,,1770491264,,,,,dc/d/WikimediaFoundation_Wikidata
dc/base/WikidataGeo_Moldova,dc/base/WikidataGeo_Moldova,WikidataGeo_Moldova,dc/cjj7vp,dc/s/WikimediaFoundation,https://en.wikipedia.org/wiki/Administrative_divisions_of_Moldova,Includes the provinces(Administrative Area 1 division) of Moldova.,/v3_resolved_mcf/geos/BaseGeos/wikidata/Moldova/nodes.mcf@1,,1770491264,,,,,dc/d/WikimediaFoundation_Wikidata
dc/base/WikidataGeo_Bahamas,dc/base/WikidataGeo_Bahamas,WikidataGeo_Bahamas,dc/cjj7vp,dc/s/WikimediaFoundation,https://www.wikidata.org/,Includes the provinces(Administrative Area 1 division) of Bahamas.,/v3_resolved_mcf/geos/BaseGeos/wikidata/Bahamas/nodes.mcf@1,,1770491264,,,,,dc/d/WikimediaFoundation_Wikidata
dc/base/FireWFIGS_Agg,dc/base/FireWFIGS_Agg,FireWFIGS_Agg,dc/cjj7vp,dc/s/WildlandFireInteragencyGeospatialServices,https://data-nifc.opendata.arcgis.com/datasets/nifc::wfigs-wildland-fire-locations-full-history/about,Data from the Wildland Fire Interagency Geospatial Services (WFIGS) Group aggregated by Data Commons.. WFIGS provides authoritative geospatial data products under the interagency Wildland Fire Data Program.,,,1770491264,,,,/v3_resolved_mcf/derived_graph/FireWFIGS_Agg/graph.tfrecord@1.gz,dc/d/WildlandFireInteragencyGeospatialServices_WfigsWildlandFireLocations
dc/base/WorldBankCountryBoundaries,dc/base/WorldBankCountryBoundaries,WorldBankCountryBoundaries,dc/cjj7vp,dc/s/WorldBank,https://datacatalog.worldbank.org/dataset/world-bank-official-boundaries,"World Bank boundaries of Administrative Area 0 places, along with simplified boundaries at various threshold levels.",/v3_resolved_mcf/wb_boundaries/*.mcf,,1770491264,,,,,dc/d/WorldBank_WorldBankOfficialBoundaries
dc/base/ATC_Codes,dc/base/ATC_Codes,ATC_Codes,dc/cjj7vp,dc/s/WorldHealthOrganizationWho,https://www.whocc.no/atc_ddd_index/,,/v3_resolved_mcf/bio/who/atc_codes_3/nodes.mcf@1,,1770491264,,,,,dc/d/WorldHealthOrganizationWho_AtcCodes
dc/base/TemperatureEvents_Agg,dc/base/TemperatureEvents_Agg,TemperatureEvents_Agg,dc/cjj7vp,dc/s/DataCommons,https://datacommons.org,,,,1770491266,,,,/v3_resolved_mcf/derived_graph/TemperatureEvents_Agg/2023-01-27/graph.tfrecord@1.gz,dc/d/DataCommons_TemperatureEvent
dc/base/Covid19IndiaData,dc/base/Covid19IndiaData,Covid19IndiaData,dc/cjj7vp,dc/s/Datameet,http://projects.datameet.org/covid19/,"DataMeet community collected, cleaned and organized COVID-19 India datasets, sourced from various government websites.",/v3_resolved_mcf/datameet/covid19_india/nodes.mcf@1,,1770491266,,,,,dc/d/Datameet_Covid-19
dc/base/OECDRegionalDemography_Person_Age_StatVarAgg,dc/base/OECDRegionalDemography_Person_Age_StatVarAgg,OECDRegionalDemography_Person_Age_StatVarAgg,dc/cjj7vp,dc/s/OrganisationForEconomicCo-operationAndDevelopmentOecd,https://datacommons.org/,Aggregated by DataCommons.,,,1770491266,,,,/v3_resolved_mcf/derived_graph/OECDRegionalDemography_Person_Age_StatVarAgg/graph.tfrecord@1.gz,dc/d/OrganisationForEconomicCo-operationAndDevelopmentOecd_OecdRegionalDemographyStatistics
dc/base/RFF_USGridGeo_WeatherVariabilityForecast_AggCounty,dc/base/RFF_USGridGeo_WeatherVariabilityForecast_AggCounty,RFF_USGridGeo_WeatherVariabilityForecast_AggCounty,dc/cjj7vp,dc/s/ResourcesForTheFutureRff,https://www.rff.org/publications/data-tools/,,,,1770491266,,,,/v3_resolved_mcf/dc_aggregate/Place_2022_07_27/RFF_USGridGeo_WeatherVariabilityForecast_AggCounty/graph.tfrecord@8.gz,dc/d/ResourcesForTheFutureRff_UsForecastWeatherVariability-County
dc/base/USNationalPrisonerStatistics_Crime_StatVarAgg,dc/base/USNationalPrisonerStatistics_Crime_StatVarAgg,USNationalPrisonerStatistics_Crime_StatVarAgg,dc/cjj7vp,dc/s/UsBureauOfJusticeStatisticsBjs,https://www.bjs.gov/index.cfm?ty=dcdetail&iid=269,,,,1770491266,,,,/v3_resolved_mcf/derived_graph/USNationalPrisonerStatistics_Crime_StatVarAgg/graph.tfrecord@1.gz,dc/d/UsBureauOfJusticeStatisticsBjs_NationalPrisonerStatisticsNpsProgram
dc/base/USDA_AgricultureCensus_Agriculture_StatVarAgg,dc/base/USDA_AgricultureCensus_Agriculture_StatVarAgg,USDA_AgricultureCensus_Agriculture_StatVarAgg,dc/cjj7vp,dc/s/UsDepartmentOfAgricultureUsda,https://www.nass.usda.gov/AgCensus/,,,,1770491266,,,,/v3_resolved_mcf/derived_graph/USDA_AgricultureCensus_Agriculture_StatVarAgg/graph.tfrecord@1.gz,dc/d/UsDepartmentOfAgricultureUsda_CensusOfAgriculture
dc/base/StormNOAA_Agg,dc/base/StormNOAA_Agg,StormNOAA_Agg,dc/cjj7vp,dc/s/UsNationalOceanicAndAtmosphericAdministrationNoaa,https://www.ncdc.noaa.gov/,,,,1770491266,,,,/v3_resolved_mcf/derived_graph/StormNOAA/20250926/StormNOAA_Agg/graph.tfrecord@1.gz,dc/d/UsNationalOceanicAndAtmosphericAdministrationNoaa_NationalClimaticDataCenterStormEventsDatabase
dc/base/IndiaCensus_PrimaryReligion,dc/base/IndiaCensus_PrimaryReligion,IndiaCensus_PrimaryReligion,dc/cjj7vp,dc/s/CensusOfIndia,https://censusindia.gov.in/,,/v3_resolved_mcf/india_census/primary_religion/nodes.mcf@100,,1770491272,,,,,dc/d/CensusOfIndia_IndiaCensusTables
dc/base/IndiaCensus_Primary,dc/base/IndiaCensus_Primary,IndiaCensus_Primary,dc/cjj7vp,dc/s/CensusOfIndia,https://censusindia.gov.in/,,/v3_resolved_mcf/india_census/primary/nodes.mcf@1,,1770491272,,,,,dc/d/CensusOfIndia_IndiaCensusTables
dc/base/IndiaCensus_PrimarySC,dc/base/IndiaCensus_PrimarySC,IndiaCensus_PrimarySC,dc/cjj7vp,dc/s/CensusOfIndia,https://censusindia.gov.in/,,/v3_resolved_mcf/india_census/primary_sc/nodes.mcf@1,,1770491272,,,,,dc/d/CensusOfIndia_IndiaCensusTables
dc/base/IndiaCensus_PrimaryHouseless,dc/base/IndiaCensus_PrimaryHouseless,IndiaCensus_PrimaryHouseless,dc/cjj7vp,dc/s/CensusOfIndia,https://censusindia.gov.in/,,/v3_resolved_mcf/india_census/primary_houseless/nodes.mcf@1,,1770491272,,,,,dc/d/CensusOfIndia_IndiaCensusTables
dc/base/IndiaCensus_PrimaryST,dc/base/IndiaCensus_PrimaryST,IndiaCensus_PrimaryST,dc/cjj7vp,dc/s/CensusOfIndia,https://censusindia.gov.in/,,/v3_resolved_mcf/india_census/primary_st/nodes.mcf@1,,1770491272,,,,,dc/d/CensusOfIndia_IndiaCensusTables
dc/base/IndiaEnergy,dc/base/IndiaEnergy,IndiaEnergy,dc/cjj7vp,dc/s/IndiaEnergyDashboard,https://niti.gov.in/edm/,Energy data for India covering statewise and country level production and consumption of energy from different energy sources.,/v3_resolved_mcf/india_energy/nodes.mcf@1,,1770491272,,,,,dc/d/IndiaEnergyDashboard_IndiaEnergyProductionAndConsumptionByStates
dc/base/IndiaNHM,dc/base/IndiaNHM,IndiaNHM,dc/cjj7vp,dc/s/IndiaNationalHealthMission,https://hmis.nhp.gov.in/,Healthcare data for India from the Health Management Information System (HMIS) portal of the National Health Mission (NHM).,"/v3_resolved_mcf/india_nhm/states/nhm_birth_control/nodes.mcf@1,/v3_resolved_mcf/india_nhm/states/nhm_child_health/nodes.mcf@1,/v3_resolved_mcf/india_nhm/states/nhm_general_stats/nodes.mcf@1,/v3_resolved_mcf/india_nhm/states/nhm_maternal_health/nodes.mcf@1",,1770491272,,,,"/v3_resolved_mcf/india_nhm/districts/nhm_maternal_health/India_NHM_new_files/graph.tfrecord@1.gz,/v3_resolved_mcf/india_nhm/districts/nhm_birth_control/India_NHM_new_files/graph.tfrecord@1.gz,/v3_resolved_mcf/india_nhm/districts/nhm_child_health/India_NHM_new_files/graph.tfrecord@1.gz,/v3_resolved_mcf/india_nhm/districts/nhm_general_stats/India_NHM_new_files/graph.tfrecord@1.gz",dc/d/IndiaNationalHealthMission_HealthManagementInformationSystem
dc/base/IndiaNSS_HealthAilments,dc/base/IndiaNSS_HealthAilments,IndiaNSS_HealthAilments,dc/cjj7vp,dc/s/IndiaNationalSampleSurvey,https://ndap.niti.gov.in/dataset/7300,Data from the National Sample Survey (NSS) on the number of people with different health ailments by States in India published on the National Data and Analytics Platform (NDAP).,,,1770491272,,,,/v3_resolved_mcf/india_ndap/NDAP_NSS_Health/latest/graph.tfrecord@1.gz,dc/d/IndiaNationalSampleSurvey_IndiaNationalSampleSurvey-Health
dc/base/India_GeoSadak,dc/base/India_GeoSadak,India_GeoSadak,dc/cjj7vp,dc/s/GeosadakPmgsyNationalGisIndia,https://geosadak-pmgsy.nic.in/,Data about civic structure facilities for India from GeoSadak PMGSY National GIS at district level,/v3_resolved_mcf/india_geosadak/output_files/GeoSadakFiles/nodes.mcf@1,,1770491277,,,,,dc/d/GeosadakPmgsyNationalGisIndia_IndiaGeosadak
dc/base/IndiaUDISESchoolsDropoutRate,dc/base/IndiaUDISESchoolsDropoutRate,IndiaUDISESchoolsDropoutRate,dc/cjj7vp,dc/s/IndiaMinistryOfEducation,https://dashboard.udiseplus.gov.in/,,/v3_resolved_mcf/india_udise/udise_school_dropout_rate/nodes.mcf@1,,1770491277,,,,,dc/d/IndiaMinistryOfEducation_UnifiedDistrictInformationSystemForEducationUdise
dc/base/IndiaUDISESchoolsWithToilets,dc/base/IndiaUDISESchoolsWithToilets,IndiaUDISESchoolsWithToilets,dc/cjj7vp,dc/s/IndiaMinistryOfEducation,https://dashboard.udiseplus.gov.in/,,/v3_resolved_mcf/india_udise/udise_schools_with_functional_toilet/nodes.mcf@1,,1770491277,,,,,dc/d/IndiaMinistryOfEducation_UnifiedDistrictInformationSystemForEducationUdise
dc/base/IndiaUDISESchoolsWithComputer,dc/base/IndiaUDISESchoolsWithComputer,IndiaUDISESchoolsWithComputer,dc/cjj7vp,dc/s/IndiaMinistryOfEducation,https://dashboard.udiseplus.gov.in/,,/v3_resolved_mcf/india_udise/udise_schools_having_computer_available/nodes.mcf@100,,1770491277,,,,,dc/d/IndiaMinistryOfEducation_UnifiedDistrictInformationSystemForEducationUdise
dc/base/IndiaUDISESchoolsWithLibrary,dc/base/IndiaUDISESchoolsWithLibrary,IndiaUDISESchoolsWithLibrary,dc/cjj7vp,dc/s/IndiaMinistryOfEducation,https://dashboard.udiseplus.gov.in/,,/v3_resolved_mcf/india_udise/udise_schools_having_library/nodes.mcf@100,,1770491277,,,,,dc/d/IndiaMinistryOfEducation_UnifiedDistrictInformationSystemForEducationUdise
dc/base/IndiaUDISESchools,dc/base/IndiaUDISESchools,IndiaUDISESchools,dc/cjj7vp,dc/s/IndiaMinistryOfEducation,https://dashboard.udiseplus.gov.in/,,/v3_resolved_mcf/india_udise/udise_schools/nodes.mcf@1,,1770491277,,,,,dc/d/IndiaMinistryOfEducation_UnifiedDistrictInformationSystemForEducationUdise
dc/base/IndiaUDISESchoolsWithInternet,dc/base/IndiaUDISESchoolsWithInternet,IndiaUDISESchoolsWithInternet,dc/cjj7vp,dc/s/IndiaMinistryOfEducation,https://dashboard.udiseplus.gov.in/,,/v3_resolved_mcf/india_udise/udise_schools_having_internet_facility/nodes.mcf@100,,1770491277,,,,,dc/d/IndiaMinistryOfEducation_UnifiedDistrictInformationSystemForEducationUdise
dc/base/IndiaPLFS_Wages,dc/base/IndiaPLFS_Wages,IndiaPLFS_Wages,dc/cjj7vp,dc/s/IndiaMinistryOfStatisticsAndProgrammeImplementation,https://mospi.gov.in/web/plfs,,/v3_resolved_mcf/india_plfs/nodes.mcf@1,,1770491277,,,,,dc/d/IndiaMinistryOfStatisticsAndProgrammeImplementation_PeriodicLabourForceSurvey
dc/base/IndiaPLFS_DailyWages,dc/base/IndiaPLFS_DailyWages,IndiaPLFS_DailyWages,dc/cjj7vp,dc/s/IndiaMinistryOfStatisticsAndProgrammeImplementation,https://mospi.gov.in/web/plfs,,/v3_resolved_mcf/india_plfs/daily_wages/nodes.mcf@1,,1770491277,,,,,dc/d/IndiaMinistryOfStatisticsAndProgrammeImplementation_PeriodicLabourForceSurvey
dc/base/IndiaWRISWaterQuality,dc/base/IndiaWRISWaterQuality,IndiaWRISWaterQuality,dc/cjj7vp,dc/s/IndiaWaterResourcesInformationSystem,https://indiawris.gov.in/wris,,/v3_resolved_mcf/india_wris/2023-03-02/India_WRIS_Surface/nodes.mcf@1,,1770491277,,,,"/v3_resolved_mcf/india_wris/ground/20231005/graph.tfrecord@1.gz,/v3_resolved_mcf/india_wris/ground/20231005/Prod_retained/graph.tfrecord@1.gz",dc/d/IndiaWaterResourcesInformationSystem_IndiaWaterQuality
dc/base/India_LifeExpectancy,dc/base/India_LifeExpectancy,India_LifeExpectancy,dc/cjj7vp,dc/s/NationalInstitutionForTransformingIndia,https://ndap.niti.gov.in/dataset/7375,Life expectancy of a person in India based on gender at state level.,,,1770491277,,,,/v3_resolved_mcf/india_ndap/ndap/latest/graph.tfrecord@1.gz,dc/d/NationalInstitutionForTransformingIndia_IndiaLifeExpectancyByState
dc/base/IndiaPoverty,dc/base/IndiaPoverty,IndiaPoverty,dc/cjj7vp,dc/s/NationalInstitutionForTransformingIndia,https://socialjustice.gov.in/common/76672,"Percentage of population below poverty line by social groups, place of residence at country and state level.",,,1770491277,,,,/v3_resolved_mcf/india_niti/india_poverty/graph.tfrecord@1.gz,dc/d/NationalInstitutionForTransformingIndia_IndiaPovertyStatus
dc/base/IndiaRBI_Poverty,dc/base/IndiaRBI_Poverty,IndiaRBI_Poverty,dc/cjj7vp,dc/s/ReserveBankOfIndia,https://rbi.org.in/,Number and Percentage of Population Below Poverty Line,/v3_resolved_mcf/india_rbi/poverty/nodes.mcf@1,,1770491277,,,,,dc/d/ReserveBankOfIndia_DatabaseOnIndianEconomy
dc/base/IndiaRBI_UnemploymentRate,dc/base/IndiaRBI_UnemploymentRate,IndiaRBI_UnemploymentRate,dc/cjj7vp,dc/s/ReserveBankOfIndia,https://rbi.org.in/,,/v3_resolved_mcf/india_rbi/unemployment_rate/20230804/nodes.mcf@1,,1770491277,,,,,dc/d/ReserveBankOfIndia_DatabaseOnIndianEconomy
dc/base/India_Aadhaar_Statisics,dc/base/India_Aadhaar_Statisics,India_Aadhaar_Statisics,dc/cjj7vp,dc/s/UniqueIdentificationAuthorityOfIndia,https://uidai.gov.in/aadhaar_dashboard/india.php,Aadhaar enrollment status of India ar country and state level.,,,1770491277,,,,/v3_resolved_mcf/india/aadhaar/graph.tfrecord@1.gz,dc/d/UniqueIdentificationAuthorityOfIndia_IndiaAadhaarDashboard
dc/base/India_UPIStatistics,dc/base/India_UPIStatistics,India_UPIStatistics,dc/cjj7vp,,https://www.npci.org.in/statistics,"It is an organisation for operating retail payments and settlement systems in India, is an initiative of Reserve Bank of India (RBI) and Indian Banks’ Association (IBA) under the provisions of the Payment and Settlement Systems Act, 2007, for creating a robust Payment & Settlement Infrastructure in India.",,,1770491282,,,,/v3_resolved_mcf/india/upi/output_folder/graph.tfrecord@1.gz,
dc/base/AustraliaStatistics,dc/base/AustraliaStatistics,AustraliaStatistics,dc/cjj7vp,dc/s/AustralianBureauOfStatistics,https://www.abs.gov.au/statistics,"Australian Demographics, Economy, Health, Agriculture data from Australian Bureau of Statistics at Country,States and Territories level.",,,1770491282,,,,/v3_resolved_mcf/country/australia/output_files/graph.tfrecord@1.gz,dc/d/AustralianBureauOfStatistics_AustraliaStatistics
dc/base/BIS_CentralBankPolicyRate,dc/base/BIS_CentralBankPolicyRate,BIS_CentralBankPolicyRate,dc/cjj7vp,dc/s/BankForInternationalSettlementsBis,https://data.bis.org/topics/CBPOL/data,"Bank for International Settlements (2025), Central bank policy rates, BIS WS_CBPOL 1.0 (data set)",,,1770491282,,,,/v3_resolved_mcf/bis/central_bank_policy_rate/latest/graph.tfrecord@1.gz,dc/d/BankForInternationalSettlementsBis_CentralBankPolicyRate
dc/base/MOSPI_IndiaPLFS_DailyWages,dc/base/MOSPI_IndiaPLFS_DailyWages,MOSPI_IndiaPLFS_DailyWages,dc/cjj7vp,dc/s/IndiaMinistryOfStatisticsAndProgrammeImplementation,https://esankhyiki.mospi.gov.in/macroindicators?product=plfs,,/v3_resolved_mcf/india_mospi/daily_wages/nodes.mcf@1,,1770491282,,,,,dc/d/IndiaMinistryOfStatisticsAndProgrammeImplementation_PeriodicLabourForceSurvey
dc/base/MOSPI_IndiaPLFS_MonthlyWages,dc/base/MOSPI_IndiaPLFS_MonthlyWages,MOSPI_IndiaPLFS_MonthlyWages,dc/cjj7vp,dc/s/IndiaMinistryOfStatisticsAndProgrammeImplementation,https://esankhyiki.mospi.gov.in/macroindicators?product=plfs,,/v3_resolved_mcf/india_mospi/monthly_wages/nodes.mcf@1,,1770491282,,,,,dc/d/IndiaMinistryOfStatisticsAndProgrammeImplementation_PeriodicLabourForceSurvey
dc/base/WRIS_India_Rainfall,dc/base/WRIS_India_Rainfall,WRIS_India_Rainfall,dc/cjj7vp,dc/s/IndiaWaterResourcesInformationSystem,https://indiawris.gov.in/wris/#/DataDownload,WRIS India monthly rainfall data of district level.,,,1770491282,,,,/v3_resolved_mcf/india_wris/Rainfall/output/graph.tfrecord@1.gz,dc/d/IndiaWaterResourcesInformationSystem_WrisIndiaRainfall
dc/base/Argentina_Census,dc/base/Argentina_Census,Argentina_Census,dc/cjj7vp,dc/s/NationalInstituteOfStatisticsAndCensusesIndec,https://www.indec.gob.ar,Population Census and Statistics for Brazil.,,,1770491282,,,,/v3_resolved_mcf/country/argentina/output_files/graph.tfrecord@1.gz,dc/d/NationalInstituteOfStatisticsAndCensusesIndec_ArgentinaCensus
dc/base/Brazil_RuralDevelopmentProgram,dc/base/Brazil_RuralDevelopmentProgram,Brazil_RuralDevelopmentProgram,dc/cjj7vp,dc/s/BrazilMinistryOfDevelopmentAndSocialAssistanceFamilyAndFightAgainstHunger,https://aplicacoes.cidadania.gov.br/vis/data3/data-explorer.php,Different population benefiting from Rural Development Program.,,,1770491284,,,,/v3_resolved_mcf/country/brazil/VISDATA/Benefits_RuralDevelopmentProgram/latest/graph.tfrecord@1.gz,dc/d/BrazilMinistryOfDevelopmentAndSocialAssistanceFamilyAndFightAgainstHunger_BrazilVisData3
dc/base/Brazil_FoodDsitribution,dc/base/Brazil_FoodDsitribution,Brazil_FoodDsitribution,dc/cjj7vp,dc/s/BrazilMinistryOfDevelopmentAndSocialAssistanceFamilyAndFightAgainstHunger,https://aplicacoes.cidadania.gov.br/vis/data3/data-explorer.php,Food Distribution Action to Specific Population Groups in Brazil up to state geo level.,,,1770491284,,,,/v3_resolved_mcf/country/brazil/VISDATA/FoodDistribution_FoodBasket/20240520/graph.tfrecord@1.gz,dc/d/BrazilMinistryOfDevelopmentAndSocialAssistanceFamilyAndFightAgainstHunger_BrazilVisData3
dc/base/Brazil_Census,dc/base/Brazil_Census,Brazil_Census,dc/cjj7vp,dc/s/BrazilianInstituteOfGeographyAndStatisticsIbge,https://www.ibge.gov.br/en/statistics/social/population.html,Population Census and Statistics for Brazil.,/v3_resolved_mcf/country/brazil/output_files/2023-05-05/nodes.mcf@1,,1770491284,,,,,dc/d/BrazilianInstituteOfGeographyAndStatisticsIbge_BrazilCensus
dc/base/CRDC_EducationSchool_HarassmentOrBullying,dc/base/CRDC_EducationSchool_HarassmentOrBullying,CRDC_EducationSchool_HarassmentOrBullying,dc/cjj7vp,dc/s/CivilRightsDataCollectionCrdc,https://ocrdata.ed.gov/data,"This data is from the Office of the Coordinator for Data and Information (OCDATA) of the U.S. Department of Education, that describes about the harassment or bullying in the schools of the U.S.",,,1770491287,,,,/v3_resolved_mcf/country/us_education/crdc/harassment_or_bullying/graph.tfrecord@5.gz,dc/d/CivilRightsDataCollectionCrdc_Crdc_educationschool_harassmentorbullying
dc/base/CRDC_Education_Discipline_Attendance,dc/base/CRDC_Education_Discipline_Attendance,CRDC_Education_Discipline_Attendance,dc/cjj7vp,dc/s/CivilRightsDataCollectionCrdc,https://civilrightsdata.ed.gov/data,Education discipline and attendance data from the Civil Rights Data (CRDC) at school level,,,1770491287,,,,/v3_resolved_mcf/crdc/crdc_education_discipline_and_attendance/output/graph.tfrecord@5.gz,dc/d/CivilRightsDataCollectionCrdc_UsSchoolsAttendance
dc/base/Bulgaria_Census,dc/base/Bulgaria_Census,Bulgaria_Census,dc/cjj7vp,dc/s/NationalStatisticalInstituteOfBulgaria,https://www.nsi.bg/en/statistical-data/206/649,Population Census and Statistics for Bulgaria.,,,1770491287,,,,/v3_resolved_mcf/country/Bulgaria/graph.tfrecord@1.gz,dc/d/NationalStatisticalInstituteOfBulgaria_BulgariaCensus
dc/base/ClimateTrace_GreenhouseGas,dc/base/ClimateTrace_GreenhouseGas,ClimateTrace_GreenhouseGas,dc/cjj7vp,dc/s/ClimateTrace,https://api.climatetrace.org/,,,,1770491289,,,,/v3_resolved_mcf/climate_trace/gas/greenhousegas/graph.tfrecord@1.gz,dc/d/ClimateTrace_ClimateTraceGhgEmissions
dc/base/ClimateTrace_GHG_Emissions_OldAPI,dc/base/ClimateTrace_GHG_Emissions_OldAPI,ClimateTrace_GHG_Emissions_OldAPI,dc/cjj7vp,dc/s/ClimateTrace,https://climatetrace.org/inventory,,/v3_resolved_mcf/climate_trace/nodes.mcf@1,,1770491289,,,,,dc/d/ClimateTrace_ClimateTraceGhgEmissions
dc/base/ClimateTrace_GHG_Emissions,dc/base/ClimateTrace_GHG_Emissions,ClimateTrace_GHG_Emissions,dc/cjj7vp,dc/s/ClimateTrace,https://api.climatetrace.org/,,,,1770491289,,,,/v3_resolved_mcf/climate_trace/gas/graph.tfrecord@1.gz,dc/d/ClimateTrace_ClimateTraceGhgEmissions
dc/base/Colombia_Census,dc/base/Colombia_Census,Colombia_Census,dc/cjj7vp,dc/s/ColombiaDaneNationalAdministrativeDepartmentOfStatistics,https://www.dane.gov.co/index.php/en/statistics-by-topic,"Colombia Demographics, Health, Education data from National Administrative Department of Statistics at Country, Departments and Municipality of Residence.",,,1770491289,,,,/v3_resolved_mcf/country/colombia/20230719/graph.tfrecord@1.gz,dc/d/ColombiaDaneNationalAdministrativeDepartmentOfStatistics_ColombiaCensus
dc/base/DynamicWorld_FloodEvents_AutoRefresh,dc/base/DynamicWorld_FloodEvents_AutoRefresh,DynamicWorld_FloodEvents_AutoRefresh,dc/cjj7vp,dc/s/DynamicWorldProject,https://developers.google.com/earth-engine/datasets/catalog/GOOGLE_DYNAMICWORLD_V1,Flood events inferred from areas marked with high probability of water outside the permanent water bodies.,/v3_resolved_mcf/floods/events/nodes.mcf@100,,1770491289,,,,,dc/d/DynamicWorldProject_InferredFloodsFromDynamicWorld
dc/base/Copernicus_GlobalLandCoverLayers,dc/base/Copernicus_GlobalLandCoverLayers,Copernicus_GlobalLandCoverLayers,dc/cjj7vp,dc/s/EuropeanUnionEuCopernicus,https://land.copernicus.eu/global/lcviewer,,/v3_resolved_mcf/earth_engine/copernicus/land_cover/earth_engine_copernicus_land_cover@10,,1770491289,,,,,dc/d/EuropeanUnionEuCopernicus_CopernicusGlobalLandCover
dc/base/Cotedivoire_Census,dc/base/Cotedivoire_Census,Cotedivoire_Census,dc/cjj7vp,dc/s/OpenDataForAfrica,https://cotedivoire.opendataforafrica.org/,"Ivory Coast demographics, economy, education and health data from statistics Ivory Coast at country and district level.",,,1770491289,,,,/v3_resolved_mcf/country/cotedivoire/graph.tfrecord@1.gz,dc/d/OpenDataForAfrica_IvoryCoastCensus
dc/base/CanadaStatistics,dc/base/CanadaStatistics,CanadaStatistics,dc/cjj7vp,dc/s/StatisticsCanada,https://www150.statcan.gc.ca/n1/en/type/data?MM=1,"Canada Demographics, Health, Economy, Education Statistics at Country, Provenance and Territories level.",,,1770491289,,,,/v3_resolved_mcf/country/canada/20230719/graph.tfrecord@1.gz,dc/d/StatisticsCanada_CanadaStatistics
dc/base/CycloneNOAA_Entities,dc/base/CycloneNOAA_Entities,CycloneNOAA_Entities,dc/cjj7vp,dc/s/UsNationalOceanicAndAtmosphericAdministrationNoaa,https://www.ncei.noaa.gov/products/international-best-track-archive,"International cyclone data (including location, air pressure, windspeed, and classification) aggregated from multiple international weather agencies.",/v3_resolved_mcf/cyclone/entity/ibtracs_entity.mcf,,1770491289,,,,,dc/d/UsNationalOceanicAndAtmosphericAdministrationNoaa_InternationalBestTrackArchiveForClimateStewardshipIbtracs
dc/base/CycloneNOAA_Stats,dc/base/CycloneNOAA_Stats,CycloneNOAA_Stats,dc/cjj7vp,dc/s/UsNationalOceanicAndAtmosphericAdministrationNoaa,https://www.ncei.noaa.gov/products/international-best-track-archive,"International cyclone data (including location, air pressure, windspeed, and classification) aggregated from multiple international weather agencies.",,,1770491289,,,,/v3_resolved_mcf/cyclone/stats/graph.tfrecord*.gz,dc/d/UsNationalOceanicAndAtmosphericAdministrationNoaa_InternationalBestTrackArchiveForClimateStewardshipIbtracs
dc/base/CycloneNOAA_Paths,dc/base/CycloneNOAA_Paths,CycloneNOAA_Paths,dc/cjj7vp,dc/s/UsNationalOceanicAndAtmosphericAdministrationNoaa,https://www.ncei.noaa.gov/products/international-best-track-archive,International cyclone data (including shapefiles with cyclone trails) aggregated from multiple international weather agencies,/v3_resolved_mcf/cyclone/path/nodes.mcf@1,,1770491289,,,,,dc/d/UsNationalOceanicAndAtmosphericAdministrationNoaa_InternationalBestTrackArchiveForClimateStewardshipIbtracs
dc/base/DynamicWorld_Floods,dc/base/DynamicWorld_Floods,DynamicWorld_Floods,dc/cjj7vp,dc/s/DynamicWorldProject,https://developers.google.com/earth-engine/datasets/catalog/GOOGLE_DYNAMICWORLD_V1,Floods regions inferred from areas marked with high probability of water outside the permanent water bodies.,,,1770491293,,,,/v3_resolved_mcf/floods/dynamic_world/csv/graph.tfrecord@2.gz,dc/d/DynamicWorldProject_InferredFloodsFromDynamicWorld
dc/base/EuroStatHealth_AlcoholConsumption,dc/base/EuroStatHealth_AlcoholConsumption,EuroStatHealth_AlcoholConsumption,dc/cjj7vp,dc/s/EuropeanUnionEuEurostat,https://ec.europa.eu/eurostat/web/main/data/database,,,,1770491293,,,,/v3_resolved_mcf/eurostat/health_determinants/alcohol_consumption/latest/graph.tfrecord@1.gz,dc/d/EuropeanUnionEuEurostat_EurostatHealth
dc/base/EthiopiaStatistics,dc/base/EthiopiaStatistics,EthiopiaStatistics,dc/cjj7vp,dc/s/OpenDataForAfrica,https://ethiopia.opendataforafrica.org/data/#menu=topic,,,,1770491293,,,,/v3_resolved_mcf/country/ethiopia/graph.tfrecord@1.gz,dc/d/OpenDataForAfrica_EthiopiaStatistics
dc/base/Egypt_Census,dc/base/Egypt_Census,Egypt_Census,dc/cjj7vp,dc/s/StatisticsEgypt,https://egypt.opendataforafrica.org,"Egypt demographics, economy, education and health data from statistics Egypt at city and district level.",,,1770491293,,,,/v3_resolved_mcf/country/egypt/20250312/graph.tfrecord@1.gz,dc/d/StatisticsEgypt_EgyptCensus
dc/base/Eurostat_Early_Education_Training,dc/base/Eurostat_Early_Education_Training,Eurostat_Early_Education_Training,dc/cjj7vp,dc/s/EuropeanUnionEuEurostat,https://ec.europa.eu/eurostat/databrowser/view/sdg_04_30__custom_7874475/default/table?lang=en,Participation in early childhood education by sex (children aged 4 and over). The indicator measures the share of the children between the age of four and the starting age of compulsory primary education who participated in early childhood education.,,,1770491317,,,,/v3_resolved_mcf/eurostat/education_training_20231017/graph.tfrecord@1.gz,dc/d/EuropeanUnionEuEurostat_EurostatEarlyEducationAndTraining
dc/base/FAO_Currency,dc/base/FAO_Currency,FAO_Currency,dc/cjj7vp,dc/s/FoodAndAgricultureOrganizationFaoOfTheUnitedNations,https://www.fao.org/faostat/en/#data/PE/metadata,"The exchange rate of currency broken down by country, currency standardization type, and currency (using ISO 4217 Currency Code).",,,1770491317,,,,/v3_resolved_mcf/fao/20230904/graph.tfrecord@1.gz,dc/d/FoodAndAgricultureOrganizationFaoOfTheUnitedNations_FaoCurrencyAndExchangeRate
dc/base/FAO_Currency_statvar,dc/base/FAO_Currency_statvar,FAO_Currency_statvar,dc/cjj7vp,dc/s/FoodAndAgricultureOrganizationFaoOfTheUnitedNations,https://www.fao.org/faostat/en/#data/PE/metadata,"The exchange rate of currency broken down by country, currency standardization type, and currency (using ISO 4217 Currency Code).",,,1770491317,,,,/v3_resolved_mcf/fao/latest/graph.tfrecord@1.gz,dc/d/FoodAndAgricultureOrganizationFaoOfTheUnitedNations_FaoCurrencyAndExchangeRate
dc/base/India_Literacy,dc/base/India_Literacy,India_Literacy,dc/cjj7vp,dc/s/IndiaNationalSampleSurvey,https://mospi.gov.in/web/nss,Data covering the literacy status and rate for states in India.,,,1770491322,,,,/v3_resolved_mcf/india_mospi/education/mospi/graph.tfrecord@1.gz,dc/d/IndiaNationalSampleSurvey_IndiaLiteracy
dc/base/India_NFHS,dc/base/India_NFHS,India_NFHS,dc/cjj7vp,dc/s/NationalInstitutionForTransformingIndia,"https://ndap.niti.gov.in/dataset/6821, https://ndap.niti.gov.in/dataset/7034, https://ndap.niti.gov.in/dataset/6822","India National Family Health Survey - Data on population dynamics and health indicators as well as data on emerging issues in health and family welfare and associated domains in District Level. National Data and Analytics Platform (NDAP).(2022 January 02). Datasets. Retrieved October, 10 2023 from National Data and Analytics Platform (NDAP): https://ndap.niti.gov.in/",,,1770491322,,,,/v3_resolved_mcf/ind_nfhs/latest/graph.tfrecord@1.gz,dc/d/NationalInstitutionForTransformingIndia_IndiaNationalFamilyHealthSurvey
dc/base/IPEDS_StudentToFacultyRatio,dc/base/IPEDS_StudentToFacultyRatio,IPEDS_StudentToFacultyRatio,dc/cjj7vp,dc/s/UsNationalCenterForEducationStatisticsNces,https://nces.ed.gov/ipeds/datacenter/DataFiles.aspx?gotoReportId=7&fromIpeds=true&sid=859539d0-db09-4d03-a36a-eabf93d07355&rtid=1,Student to Faculty Ratio data from the US Department of Education.,,,1770491322,,,,/v3_resolved_mcf/country/us_education/us_urbaneducation_college/ipeds/student_faculty_ratio/graph.tfrecord@1.gz,dc/d/UsNationalCenterForEducationStatisticsNces_IpedsStudentToFacultyRatio
dc/base/Ireland_Census,dc/base/Ireland_Census,Ireland_Census,dc/cjj7vp,dc/s/CentralStatisticsOfficeCsoIreland,https://www.cso.ie/en/index.html,"Ireland Demographics, Health and Economy data from Central Statistics Office(CSO) by country, county and city.",,,1770491324,,,,/v3_resolved_mcf/country/ireland/latest/graph.tfrecord@1.gz,dc/d/CentralStatisticsOfficeCsoIreland_IrelandCensus
dc/base/India_aqi,dc/base/India_aqi,India_aqi,dc/cjj7vp,dc/s/IndiaCentralPollutionControlBoardCpcb,https://app.cpcbccr.com/AQI_India/,"Data covering the pollutants measured once in 4 hours along with other details like station name, state, city, and date for the period of 2012-2022.",,,1770491324,,,,/v3_resolved_mcf/india_aqi/data/graph.tfrecord@2.gz,dc/d/IndiaCentralPollutionControlBoardCpcb_IndiaAqiPollutants
dc/base/India_NationalAccountsStatistics,dc/base/India_NationalAccountsStatistics,India_NationalAccountsStatistics,dc/cjj7vp,dc/s/IndiaMinistryOfStatisticsAndProgrammeImplementation,https://esankhyiki.mospi.gov.in/macroindicators?product=nas,India economic statistics at country and state level.,/v3_resolved_mcf/india_mospi/economy/20260202/nodes.mcf@9,,1770491324,,,,,dc/d/IndiaMinistryOfStatisticsAndProgrammeImplementation_IndiaNationalAccountsStatistics
dc/base/India_SDG_Index,dc/base/India_SDG_Index,India_SDG_Index,dc/cjj7vp,dc/s/NationalInstitutionForTransformingIndia,https://sdgindiaindex.niti.gov.in/#/download,Sustainable Development Goals India Index,,,1770491324,,,,/v3_resolved_mcf/india_sdg/20231205/graph.tfrecord@1.gz,dc/d/NationalInstitutionForTransformingIndia_SdgIndiaIndex
dc/base/Indonesia_Census,dc/base/Indonesia_Census,Indonesia_Census,dc/cjj7vp,dc/s/TheCentralBureauOfStatisticsIndonesia,https://www.bps.go.id/,Population Census and Statistics for Indonesia.,,,1770491324,,,,/v3_resolved_mcf/country/indonesia/graph.tfrecord@1.gz,dc/d/TheCentralBureauOfStatisticsIndonesia_IndonesiaCensus
dc/base/Israel_Census,dc/base/Israel_Census,Israel_Census,dc/cjj7vp,dc/s/CentralBureauOfStatisticsCbsIsrael,https://www.cbs.gov.il/,"Population Census and Statistics for Israel at country, district and sub-district Level. Imported variables related to demographic based on religion, gender, age and health based on cause and count of mortality and count of employed people.",,,1770491325,,,,/v3_resolved_mcf/country/israel/graph.tfrecord@1.gz,dc/d/CentralBureauOfStatisticsCbsIsrael_IsraelCensus
dc/base/MexicoCensus,dc/base/MexicoCensus,MexicoCensus,dc/cjj7vp,dc/s/MexicoNationalInstituteOfStatisticsAndGeographyInegi,https://www.inegi.org.mx/temas/,"Mexican Demographics, Economy, Health and Education data from National Institute of Statistics and Geography (INEGI) at Country and State level.",,,1770491325,,,,/v3_resolved_mcf/country/mexico/20230719/graph.tfrecord@1.gz,dc/d/MexicoNationalInstituteOfStatisticsAndGeographyInegi_MexicoCensus
dc/base/Kenya_Census,dc/base/Kenya_Census,Kenya_Census,dc/cjj7vp,dc/s/OpenDataForAfrica,https://kenya.opendataforafrica.org/,"Kenya Demographics, Health and Education data from Kenya National Bureau Of Statistics by country, county and towns and suburbs.",,,1770491325,,,,"/v3_resolved_mcf/country/kenya/output_files_20230719/graph.tfrecord@1.gz,/v3_resolved_mcf/country/kenya/20250326/graph.tfrecord@1.gz",dc/d/OpenDataForAfrica_KenyaCensus
dc/base/Japan_Census,dc/base/Japan_Census,Japan_Census,dc/cjj7vp,dc/s/PortalSiteOfOfficialStatisticsOfJapanE-stat,https://www.e-stat.go.jp/,"Japan Demographics, Economy, Health, Education data from Portal Site of Official Statistics of Japan (e-Stat) by country, prefecture and municipality.",,,1770491325,,,,/v3_resolved_mcf/country/japan/graph.tfrecord@1.gz,dc/d/PortalSiteOfOfficialStatisticsOfJapanE-stat_JapanCensus
dc/base/MexicoCensus_AA2,dc/base/MexicoCensus_AA2,MexicoCensus_AA2,dc/cjj7vp,dc/s/UnitedNationsOfficeForTheCoordinationOfHumanitarianAffairsUnOcha,https://data.humdata.org/dataset/cod-ps-mex,Mexican Demographics data from The Humanitarian Data Exchange(HDX) at Municipal Level.,,,1770491325,,,,/v3_resolved_mcf/country/mexico/latest/graph.tfrecord@1.gz,dc/d/UnitedNationsOfficeForTheCoordinationOfHumanitarianAffairsUnOcha_MexicoSubnationalPopulationStatistics
dc/base/NITIIndiaPopulationProjection,dc/base/NITIIndiaPopulationProjection,NITIIndiaPopulationProjection,dc/cjj7vp,dc/s/NationalInstitutionForTransformingIndia,"https://ndap.niti.gov.in/dataset/7208, https://ndap.niti.gov.in/dataset/7209",Population projection at India state level.,/v3_resolved_mcf/india_ndap/india_population_projection/20250128/nodes.mcf@2,,1770491338,,,,,dc/d/NationalInstitutionForTransformingIndia_NitiIndiaPopulationProjection
dc/base/NASA_VIIRSActiveFiresEvents,dc/base/NASA_VIIRSActiveFiresEvents,NASA_VIIRSActiveFiresEvents,dc/cjj7vp,dc/s/UsNationalAeronauticsAndSpaceAdministrationNasa,https://www.earthdata.nasa.gov/learn/find-data/near-real-time/firms/vnp14imgtdlnrt,Active fire data across the world as detected by VIIRS onboard the Suomi NPP satellite at 375m resolution.,/v3_resolved_mcf/fires/firms/events/nodes.mcf@100,,1770491338,,,,,dc/d/UsNationalAeronauticsAndSpaceAdministrationNasa_ViirsActiveFireData
dc/base/NASA_VIIRSActiveFiresEvent_Observations,dc/base/NASA_VIIRSActiveFiresEvent_Observations,NASA_VIIRSActiveFiresEvent_Observations,dc/cjj7vp,dc/s/UsNationalAeronauticsAndSpaceAdministrationNasa,https://www.earthdata.nasa.gov/learn/find-data/near-real-time/firms/vnp14imgtdlnrt,Areas of fire events across the world as detected by VIIRS onboard the Suomi NPP satellite at 375m resolution.,,,1770491338,,,,/v3_resolved_mcf/fires/firms/events/event_svobs/graph.tfrecord@10.gz,dc/d/UsNationalAeronauticsAndSpaceAdministrationNasa_ViirsActiveFireData
dc/base/NOAA_GPCC_StandardardizedPrecipitationIndex,dc/base/NOAA_GPCC_StandardardizedPrecipitationIndex,NOAA_GPCC_StandardardizedPrecipitationIndex,dc/cjj7vp,dc/s/UsNationalOceanicAndAtmosphericAdministrationNoaa,https://www.drought.gov/data-maps-tools/global-precipitation-climatology-centre-gpcc-standardized-precipitation-index-spi,SPI for 1 degree grids calculated from monthly precipitation data using the Pearson distribution.,,,1770491338,,,,"/v3_resolved_mcf/noaa/gpcc_spi/latest/graph.tfrecord@3.gz,/v3_resolved_mcf/noaa/gpcc_spi/retained_1900_2010/graph.tfrecord@9.gz",dc/d/UsNationalOceanicAndAtmosphericAdministrationNoaa_GpccMonthlySpiData
dc/base/NOAA_GFS_WeatherForecast,dc/base/NOAA_GFS_WeatherForecast,NOAA_GFS_WeatherForecast,dc/cjj7vp,dc/s/UsNationalOceanicAndAtmosphericAdministrationNoaa,https://www.ncei.noaa.gov/products/weather-climate-models/global-forecast,Global weather forecast data for up to the next 16 days.,,,1770491338,,,,/v3_resolved_mcf/weather/forecast/graph.tfrecord@*.gz,dc/d/UsNationalOceanicAndAtmosphericAdministrationNoaa_Noaa-gfsWeatherForecast
dc/base/NOAA_CoastWatch_SeaSurfaceTemperature,dc/base/NOAA_CoastWatch_SeaSurfaceTemperature,NOAA_CoastWatch_SeaSurfaceTemperature,dc/cjj7vp,dc/s/UsNationalOceanicAndAtmosphericAdministrationNoaa,https://coastwatch.noaa.gov/erddap/griddap/noaacwBLENDEDsstDaily.html,,"/v3_resolved_mcf/noaa/nesdis_coastwatch/sst/nodes.mcf@8,/v3_resolved_mcf/noaa/nesdis_coastwatch/sst/l7to9/nodes.mcf@1",,1770491338,,,,,dc/d/UsNationalOceanicAndAtmosphericAdministrationNoaa_NoaaCoastwatch
dc/base/NOAA_CoastWatch_SeaSurfaceSalinity,dc/base/NOAA_CoastWatch_SeaSurfaceSalinity,NOAA_CoastWatch_SeaSurfaceSalinity,dc/cjj7vp,dc/s/UsNationalOceanicAndAtmosphericAdministrationNoaa,https://coastwatch.noaa.gov/erddap/griddap/noaacwSMAPsss3Daily.html,,"/v3_resolved_mcf/noaa/nesdis_coastwatch/sss/nodes.mcf@1,/v3_resolved_mcf/noaa/nesdis_coastwatch/sss/l7to9/nodes.mcf@1",,1770491338,,,,,dc/d/UsNationalOceanicAndAtmosphericAdministrationNoaa_NoaaCoastwatch
dc/base/NigeriaStatistics,dc/base/NigeriaStatistics,NigeriaStatistics,dc/cjj7vp,dc/s/OpenDataForAfrica,https://nigeria.opendataforafrica.org,"Nigeria Demographics, Economy, Health, Education, Agriculture data from Open Data for Africa.",,,1770491358,,,,"/v3_resolved_mcf/country/nigeria/graph.tfrecord@1.gz,/v3_resolved_mcf/country/nigeria/20250328/graph.tfrecord@1.gz",dc/d/OpenDataForAfrica_NigeriaStatistics
dc/base/OECDQuarterlyGDP,dc/base/OECDQuarterlyGDP,OECDQuarterlyGDP,dc/cjj7vp,dc/s/OrganisationForEconomicCo-operationAndDevelopmentOecd,https://data-explorer.oecd.org/vis?fs[0]=Topic%2C1%7CEconomy%23ECO%23%7CNational%20accounts%23ECO_NAD%23&fs[1]=Topic%2C3%7CEconomy%23ECO%23%7CNational%20accounts%23ECO_NAD%23%7CGDP%20and%20non-financial%20accounts%23ECO_NAD_GNF%23%7CGDP%20and%20components%23ECO_NAD_GNF_GDP%23&pg=0&fc=Topic&snb=22&vw=ov&df[ds]=dsDisseminateFinalDMZ&df[id]=DSD_NAMAIN1%40DF_QNA_EXPENDITURE_GROWTH_OECD&df[ag]=OECD.SDD.NAD&df[vs]=&dq=Q.....B1GQ......G1.&to[TIME_PERIOD]=false&ly[cl]=TIME_PERIOD&ly[rw]=REF_AREA&lb=bt&pd=%2C,Gross Domestic Product (GDP) measured by OECD (Organisation for Economic Co-operation and Development).,,,1770491358,,,,/v3_resolved_mcf/oecd/gdp/latest/graph.tfrecord@1.gz,dc/d/OrganisationForEconomicCo-operationAndDevelopmentOecd_OecdGdp
dc/base/OECDRegionalDemography_Deaths,dc/base/OECDRegionalDemography_Deaths,OECDRegionalDemography_Deaths,dc/cjj7vp,dc/s/OrganisationForEconomicCo-operationAndDevelopmentOecd,https://data-explorer.oecd.org/vis?df[ds]=DisseminateFinalDMZ&df[id]=DSD_REG_DEMO%40DF_DEATH_5Y&df[ag]=OECD.CFE.EDS&df[vs]=2.0&dq=A.......&to[TIME_PERIOD]=false&pd=%2C,Deaths statistics by age and sex measured by OECD.,,,1770491358,,,,"/v3_resolved_mcf/oecd/regional_demography/deaths/latest/graph.tfrecord@1.gz,/v3_resolved_mcf/oecd/regional_demography/deaths/retained/graph.tfrecord@1.gz",dc/d/OrganisationForEconomicCo-operationAndDevelopmentOecd_OecdRegionalDemographyStatisticsDeaths
dc/base/OECD_Air_GHG_emissions,dc/base/OECD_Air_GHG_emissions,OECD_Air_GHG_emissions,dc/cjj7vp,dc/s/OrganisationForEconomicCo-operationAndDevelopmentOecd,https://data.oecd.org/air/air-and-ghg-emissions.htm,"OECD(2024),Air and GHG emissions(indicator) ",,,1770491367,,,,/v3_resolved_mcf/oecd/oecd_air_and_ghg_emissions/graph.tfrecord@1.gz,dc/d/OrganisationForEconomicCo-operationAndDevelopmentOecd_AirAndGhgEmissions
dc/base/OECDStats,dc/base/OECDStats,OECDStats,dc/cjj7vp,dc/s/OrganisationForEconomicCo-operationAndDevelopmentOecd,https://stats.oecd.org,Regional demographic statistics measured by OECD (Organisation for Economic Co-operation and Development).,,,1770491367,,,,/v3_resolved_mcf/oecd/stats/graph.tfrecord@10.gz,dc/d/OrganisationForEconomicCo-operationAndDevelopmentOecd_OecdStatistics
dc/base/OECD_Waste_Water_Treatment,dc/base/OECD_Waste_Water_Treatment,OECD_Waste_Water_Treatment,dc/cjj7vp,dc/s/OrganisationForEconomicCo-operationAndDevelopmentOecd,https://www.oecd.org/,Population connected to the waste water treatment using different methods from the Organisation for Economic Co-operation and Development (OECD) for different countries.,,,1770491367,,,,/v3_resolved_mcf/oecd/oecd_wastewater_treatment/latest/graph.tfrecord@1.gz,dc/d/OrganisationForEconomicCo-operationAndDevelopmentOecd_OecdWasteWaterTreatment
dc/base/OneOrg_Debt,dc/base/OneOrg_Debt,OneOrg_Debt,dc/cjj7vp,dc/s/DataOneOrg,https://data.one.org/,"OneOrg principal, currency composition, interest and disbursed and outstanding of debt for different countries.",,,1770491369,,,,"/v3_resolved_mcf/oneorg/currency/currency_20230921/graph.tfrecord@1.gz,/v3_resolved_mcf/oneorg/disbursed_outstanding/disbursed_outstanding_20230922/graph.tfrecord@1.gz,/v3_resolved_mcf/oneorg/principal/principal_20230921/graph.tfrecord@1.gz,/v3_resolved_mcf/oneorg/interest/interest_20230922/graph.tfrecord@1.gz",dc/d/DataOneOrg_OneorgDebt
dc/base/Singapore_Census,dc/base/Singapore_Census,Singapore_Census,dc/cjj7vp,dc/s/DepartmentOfStatisticsSingapore,https://www.singstat.gov.sg/,"Population Census and Health Statistics for Singapore based on gender, age and ethnicity.",,,1770491369,,,,"/v3_resolved_mcf/country/singapore/latest/graph.tfrecord@1.gz,/v3_resolved_mcf/country/singapore/historical/graph.tfrecord@1.gz",dc/d/DepartmentOfStatisticsSingapore_SingaporeCensus
dc/base/RandolphGlacierInventory_Area,dc/base/RandolphGlacierInventory_Area,RandolphGlacierInventory_Area,dc/cjj7vp,dc/s/GlobalLandIceMeasurementsFromSpaceGlims,https://www.glims.org/RGI/rgi60_dl.html,,/v3_resolved_mcf/glims/rgi/area/nodes.mcf@1,,1770491369,,,,,dc/d/GlobalLandIceMeasurementsFromSpaceGlims_RandolphGlacierInventory
dc/base/Poland_Census,dc/base/Poland_Census,Poland_Census,dc/cjj7vp,dc/s/NationalStatisticalInstituteOfPoland,https://stat.gov.pl/en/databases/,Population Census and Statistics for Poland.,,,1770491369,,,,/v3_resolved_mcf/country/poland/graph.tfrecord@1.gz,dc/d/NationalStatisticalInstituteOfPoland_PolandCensus
dc/base/Rwanda_Census,dc/base/Rwanda_Census,Rwanda_Census,dc/cjj7vp,dc/s/OpenDataForAfrica,https://rwanda.opendataforafrica.org/,"Rwanda demographics, education and employment data from Rwanda data portal.",,,1770491369,,,,/v3_resolved_mcf/country/rwanda/graph.tfrecord@1.gz,dc/d/OpenDataForAfrica_RwandaCensus
dc/base/OWID_COVID19,dc/base/OWID_COVID19,OWID_COVID19,dc/cjj7vp,dc/s/OurWorldInData,https://ourworldindata.org/coronavirus,COVID-19 related data (specially vaccine) in country level from Our World In Data.,/v3_resolved_mcf/our_world_in_data/covid19/nodes.mcf@1,,1770491369,,,,,dc/d/OurWorldInData_Covid-19Vaccinations
dc/base/SouthAfrica_Census,dc/base/SouthAfrica_Census,SouthAfrica_Census,dc/cjj7vp,dc/s/OpenDataForAfrica,https://southafrica.opendataforafrica.org/,"South Africa demographics, health and education data from South Africa Data Portal by country, province and district municipality.",,,1770491371,,,,"/v3_resolved_mcf/country/southafrica/output_files_20230719/graph.tfrecord@1.gz,/v3_resolved_mcf/country/southafrica/20250317/graph.tfrecord@1.gz",dc/d/OpenDataForAfrica_SouthafricaCensus
dc/base/SouthKorea_Health,dc/base/SouthKorea_Health,SouthKorea_Health,dc/cjj7vp,dc/s/SouthKoreaStatisticsAgencyKosa,https://kosis.kr/eng/statisticsList/statisticsListIndex.do,"This data is from the South Korea Statistics Agency (KOSA), that describes about the health statistics of South Korea.",,,1770491371,,,,/v3_resolved_mcf/country/southkorea/health/graph.tfrecord@1.gz,dc/d/SouthKoreaStatisticsAgencyKosa_SouthKoreaStatistics
dc/base/SouthKorea_Employment,dc/base/SouthKorea_Employment,SouthKorea_Employment,dc/cjj7vp,dc/s/SouthKoreaStatisticsAgencyKosa,https://kosis.kr/eng/statisticsList/statisticsListIndex.do,"This data is from the South Korea Statistics Agency (KOSA), that describes about the employment statistics of South Korea.",,,1770491371,,,,/v3_resolved_mcf/country/southkorea/employment/graph.tfrecord@1.gz,dc/d/SouthKoreaStatisticsAgencyKosa_SouthKoreaStatistics
dc/base/SouthKorea_Demographics,dc/base/SouthKorea_Demographics,SouthKorea_Demographics,dc/cjj7vp,dc/s/SouthKoreaStatisticsAgencyKosa,https://kosis.kr/eng/statisticsList/statisticsListIndex.do,"This data is from the South Korea Statistics Agency (KOSA), that describes about the population of South Korea.",,,1770491371,,,,/v3_resolved_mcf/country/southkorea/demographics/graph.tfrecord@1.gz,dc/d/SouthKoreaStatisticsAgencyKosa_SouthKoreaStatistics
dc/base/SouthKorea_Education,dc/base/SouthKorea_Education,SouthKorea_Education,dc/cjj7vp,dc/s/SouthKoreaStatisticsAgencyKosa,https://kosis.kr/eng/,,,,1770491371,,,,/v3_resolved_mcf/country/southkorea/education/graph.tfrecord@1.gz,dc/d/SouthKoreaStatisticsAgencyKosa_SouthKoreaStatistics
dc/base/SouthAfrica_Budget,dc/base/SouthAfrica_Budget,SouthAfrica_Budget,dc/cjj7vp,dc/s/SouthafricaBudget,https://github.com/dsfsi/data-commons-data/tree/master/data/budget%20data/csv,Revenue and expenditure budget of South Africa at metropolitan municipality level for different economic sectors.,,,1770491371,,,,/v3_resolved_mcf/country/southafrica/Budget/graph.tfrecord@1.gz,dc/d/SouthafricaBudget_SouthAfricaBudget
dc/base/Srilanka_Census,dc/base/Srilanka_Census,Srilanka_Census,dc/cjj7vp,dc/s/UnitedNationsOfficeForTheCoordinationOfHumanitarianAffairsUnOcha,https://data.humdata.org/,"Population, Education and Agriculture Census and Statistics for Sri Lanka at country, province and district Level. Imported variables related to demographic based on gender, age and education based on cause and count of mortality and count of employed people.",,,1770491371,,,,/v3_resolved_mcf/country/srilanka/graph.tfrecord@1.gz,dc/d/UnitedNationsOfficeForTheCoordinationOfHumanitarianAffairsUnOcha_SriLankaCensus
dc/base/Subnational_Demographics_Stats,dc/base/Subnational_Demographics_Stats,Subnational_Demographics_Stats,dc/cjj7vp,dc/s/WorldBank,https://databank.worldbank.org/source/subnational-population,Sub-national Demographic data - Worldbank Population for Country and States.,,,1770491371,,,,/v3_resolved_mcf/world_bank/subnational/latest/graph.tfrecord@1.gz,dc/d/WorldBank_WorldBankSubnationalPopulation
dc/base/TemperatureEvents,dc/base/TemperatureEvents,TemperatureEvents,dc/cjj7vp,dc/s/DataCommons,https://datacommons.org/,Events for places where the observed temperature is much higher or lower than the normal minimum or maximum temperature.,"/v3_resolved_mcf/temperature_event/cold_event_places/nodes.mcf@1,/v3_resolved_mcf/temperature_event/heat_event_places/nodes.mcf@1",,1770491372,,,,,dc/d/DataCommons_TemperatureEvent
dc/base/Sweden_Census,dc/base/Sweden_Census,Sweden_Census,dc/cjj7vp,dc/s/StatisticsSweden,https://www.statistikdatabasen.scb.se/pxweb/sv/ssd/,"Sweden Demographics, Health and Education data from Statistics Sweden at country, nuts1, nuts2, nuts3 and municipality level.",,,1770491372,,,,/v3_resolved_mcf/country/sweden/graph.tfrecord@1.gz,dc/d/StatisticsSweden_SwedenCensus
dc/base/UAE_Population,dc/base/UAE_Population,UAE_Population,dc/cjj7vp,dc/s/UnitedArabEmiratesUaeBayanatOpenDataPortal,https://bayanat.ae/en/Data?query=population,,,,1770491372,,,,/v3_resolved_mcf/uae_bayanat/population/latest/graph.tfrecord@1.gz,dc/d/UnitedArabEmiratesUaeBayanatOpenDataPortal_UaePopulation
dc/base/UNSDGrossValueAdded,dc/base/UNSDGrossValueAdded,UNSDGrossValueAdded,dc/cjj7vp,,https://unstats.un.org/home/,,/v3_resolved_mcf/unsd/value_added_by_country_and_sector.mcf,,1770491377,,,,,
dc/base/UN_SDG,dc/base/UN_SDG,UN_SDG,dc/cjj7vp,dc/s/UnitedNationsUn,https://unstats.un.org/sdgs/dataportal,,,,1770491377,,,,/v3_resolved_mcf/un/sdg/20250426/graph.tfrecord@1.gz,dc/d/UnitedNationsUn_SdgIndicatorsDatabase
dc/base/USMonthlyRetailSales,dc/base/USMonthlyRetailSales,USMonthlyRetailSales,dc/cjj7vp,dc/s/UsCensusBureau,https://www.census.gov/retail/index.html,"The Advance Monthly and Monthly Retail Trade Surveys (MARTS and MRTS), the Annual Retail Trade Survey (ARTS), and the Quarterly E-Commerce Report work together to produce the most comprehensive estimates available on retail economic activity in the United States.",,,1770491377,,,,/v3_resolved_mcf/us_census/monthly_retail_sales/latest/graph.tfrecord@1.gz,dc/d/UsCensusBureau_MonthlyRetailSalesUsCensus
dc/base/UN_WHO,dc/base/UN_WHO,UN_WHO,dc/cjj7vp,dc/s/WorldHealthOrganizationWho,https://www.who.int/data,,,,1770491377,,,,/v3_resolved_mcf/un/who/2024-03-19/graph.tfrecord@1.gz,dc/d/WorldHealthOrganizationWho_WhoData
dc/base/Vietnam_Census,dc/base/Vietnam_Census,Vietnam_Census,dc/cjj7vp,dc/s/GeneralStatisticsOfficeGsoVietnam,https://www.gso.gov.vn/en/homepage/,"Vietnam Demographics, Economy, Health, Education data from Portal Site of General Statistics Office by natioanl, province and city level.",,,1770491391,,,,/v3_resolved_mcf/country/vietnam/graph.tfrecord@1.gz,dc/d/GeneralStatisticsOfficeGsoVietnam_VietnamCensus
dc/base/Uganda_Census,dc/base/Uganda_Census,Uganda_Census,dc/cjj7vp,dc/s/OpenDataForAfrica,https://uganda.opendataforafrica.org/,"Uganda Demographics, education and Health data from Uganda Bureau of Statistics (UBOS) at country ,region and district Level.",,,1770491391,,,,/v3_resolved_mcf/country/uganda/graph.tfrecord@1.gz,dc/d/OpenDataForAfrica_UgandaBureauOfStatisticsUbos
dc/base/UnitedKingdomMHCLG_IMD2019,dc/base/UnitedKingdomMHCLG_IMD2019,UnitedKingdomMHCLG_IMD2019,dc/cjj7vp,dc/s/UkMinistryOfHousingCommunitiesAndLocalGovernment,https://www.gov.uk/government/statistics/english-indices-of-deprivation-2019,,/v3_resolved_mcf/uk/mhclg/nodes.mcf@1,,1770491391,,,,,dc/d/UkMinistryOfHousingCommunitiesAndLocalGovernment_Imd2019
dc/base/WHO_COVID19,dc/base/WHO_COVID19,WHO_COVID19,dc/cjj7vp,dc/s/WorldHealthOrganizationWho,https://data.who.int/dashboards/covid19/data?n=c,"World Health Organization's (WHO) raw data and statistical releases covering global COVID-19 cases, deaths, hospitalizations, and vaccination coverage",,,1770491391,,,,/v3_resolved_mcf/who_covid19/latest/output/graph.tfrecord@1.gz,dc/d/WorldHealthOrganizationWho_CoronavirusDiseaseCovid-19Dashboard
dc/base/WikipediaStatsData,dc/base/WikipediaStatsData,WikipediaStatsData,dc/cjj7vp,,https://www.wikipedia.org,Statistical data from Wikipedia,/v3_resolved_mcf/kg_stats_v2/20250626/population-wikimapper/stats.mcf,,1770491392,,,,"/v3_resolved_mcf/kg_stats_v2/20251107/location_population_latest-wiki-freebase/graph.tfrecord@1.gz,/v3_resolved_mcf/kg_stats_v2/20251107/location_population_latest-wikimapperv3/graph.tfrecord@1.gz",
dc/base/WTO_TradeConnectivity,dc/base/WTO_TradeConnectivity,WTO_TradeConnectivity,dc/cjj7vp,,https://stats.wto.org/dashboard/tradeconnectivity_en.html,World trade Organization statistics on countrty specific Import and export across product types.,,,1770491392,,,,/v3_resolved_mcf/wto/import_export/graph.tfrecord@14.gz,
dc/base/WetBulbTemperatureEvents_AutoRefresh,dc/base/WetBulbTemperatureEvents_AutoRefresh,WetBulbTemperatureEvents_AutoRefresh,dc/cjj7vp,dc/s/DataCommons,https://datacommons.org/,Generated by Data Commons using the wet bulb temperature from the NASA's Modern-Era Retrospective analysis for Research and Applications version 2 (MERRA-2) dataset on Google Earth Engine (NASA/GSFC/MERRA/slv/2),/v3_resolved_mcf/wet_bulb/events/nodes.mcf@1,,1770491392,,,,,dc/d/DataCommons_WetbulbTemperatureEvent
dc/base/WetBulbTemperatureEventPlaces_AutoRefresh,dc/base/WetBulbTemperatureEventPlaces_AutoRefresh,WetBulbTemperatureEventPlaces_AutoRefresh,dc/cjj7vp,dc/s/DataCommons,https://datacommons.org/,Generated by Data Commons using the wet bulb temperature from the NASA's Modern-Era Retrospective analysis for Research and Applications version 2 (MERRA-2) dataset on Google Earth Engine (NASA/GSFC/MERRA/slv/2),,,1770491392,,,,/v3_resolved_mcf/wet_bulb/events/place_svobs/graph.tfrecord@1.gz,dc/d/DataCommons_WetbulbTemperatureEvent
dc/base/WikidataPopulation,dc/base/WikidataPopulation,WikidataPopulation,dc/cjj7vp,dc/s/WikimediaFoundation,https://www.wikidata.org/wiki/Wikidata:Main_Page,,,,1770491392,,,,"/v3_resolved_mcf/wikidata_population/20250619/graph.tfrecord@1.gz,/v3_resolved_mcf/wikidata_population/20250619/deleted_series/graph.tfrecord.gz",dc/d/WikimediaFoundation_Wikidata
dc/base/WorldBankDatasets,dc/base/WorldBankDatasets,WorldBankDatasets,dc/cjj7vp,dc/s/WorldBank,https://databank.worldbank.org/source/world-development-indicators,,,,1770491392,,,,"/v3_resolved_mcf/world_bank/datasets/observations/latest/graph.tfrecord@1.gz,/v3_resolved_mcf/world_bank/datasets/observations/historical_retained/graph.tfrecord@1.gz",dc/d/WorldBank_WorldBankDatasets
dc/base/WHO_GHO,dc/base/WHO_GHO,WHO_GHO,dc/cjj7vp,dc/s/WorldHealthOrganizationWho,https://www.who.int/data/gho,Data from World Health Organization's Global Health Observatory.,,,1770491392,,,,"/v3_resolved_mcf/who/gho/v1/v1_20231103/prod_data/graph.tfrecord@1.gz,/v3_resolved_mcf/who/gho/v1/v1_20231103/graph.tfrecord@1.gz",dc/d/WorldHealthOrganizationWho_GlobalHealthObservatory
dc/base/Copernicus_ECMWF_ERA5_Monthly,dc/base/Copernicus_ECMWF_ERA5_Monthly,Copernicus_ECMWF_ERA5_Monthly,dc/cjj7vp,dc/s/EuropeanUnionEuCopernicus,https://cds.climate.copernicus.eu/cdsapp#!/dataset/reanalysis-era5-single-levels,Generated using Copernicus Climate Change Service information (2022),/v3_resolved_mcf/copernicus_ecmwf/era5_monthly/nodes.mcf@499,,1770491420,,,,,dc/d/EuropeanUnionEuCopernicus_CopernicusEcmwf-Era5ClimateReanalysisData
dc/base/Copernicus_ECMWF_ERA5_Monthly_AggrYearsStats,dc/base/Copernicus_ECMWF_ERA5_Monthly_AggrYearsStats,Copernicus_ECMWF_ERA5_Monthly_AggrYearsStats,dc/cjj7vp,dc/s/EuropeanUnionEuCopernicus,https://cds.climate.copernicus.eu/cdsapp#!/dataset/reanalysis-era5-single-levels,Aggregated by DataCommons.,,,1770491420,,,,/v3_resolved_mcf/dc_aggregate/StatVarSeries/Aggregates/v2/Copernicus_ECMWF_ERA5_Monthly_AggrYearsStats/graph.tfrecord*,dc/d/EuropeanUnionEuCopernicus_CopernicusEcmwf-Era5ClimateReanalysisData
dc/base/CensusACS5YearSurvey_SubjectTables_S1901,dc/base/CensusACS5YearSurvey_SubjectTables_S1901,CensusACS5YearSurvey_SubjectTables_S1901,dc/cjj7vp,dc/s/UsCensusBureau,https://data.census.gov/cedsci/table?q=S1901&tid=ACSST5Y2023.S1901,,,,1770491420,,,,/v3_resolved_mcf/census/acs5yr/subject_tables/S1901/20241206/graph.tfrecord@15.gz,dc/d/UsCensusBureau_AmericanCommunitySurveyAcs
dc/base/CensusACS5YearSurvey_SubjectTables_S2602PR,dc/base/CensusACS5YearSurvey_SubjectTables_S2602PR,CensusACS5YearSurvey_SubjectTables_S2602PR,dc/cjj7vp,dc/s/UsCensusBureau,https://data.census.gov/cedsci/table?q=S2602PR&tid=ACSST5Y2023.S2602PR,,,,1770491420,,,,/v3_resolved_mcf/census/acs5yr/subject_tables/s2602pr/20250211/graph.tfrecord@1.gz,dc/d/UsCensusBureau_AmericanCommunitySurveyAcs
dc/base/CensusACSBtable5YearSurvey_Btable_B25031,dc/base/CensusACSBtable5YearSurvey_Btable_B25031,CensusACSBtable5YearSurvey_Btable_B25031,dc/cjj7vp,dc/s/UsCensusBureau,https://data.census.gov/table/ACSDT5Y2022.B25031,,,,1770491420,,,,/v3_resolved_mcf/us_census/b_tables/b25031/graph.tfrecord@1.gz,dc/d/UsCensusBureau_AmericanCommunitySurveyAcs
dc/base/CensusACS5YearSurvey_SubjectTables_S0701PR,dc/base/CensusACS5YearSurvey_SubjectTables_S0701PR,CensusACS5YearSurvey_SubjectTables_S0701PR,dc/cjj7vp,dc/s/UsCensusBureau,https://data.census.gov/cedsci/table?q=S0701PR&tid=ACSST5Y2023.S0701PR,,,,1770491420,,,,/v3_resolved_mcf/census/acs5yr/subject_tables/s0701pr/20250205/graph.tfrecord@2.gz,dc/d/UsCensusBureau_AmericanCommunitySurveyAcs
dc/base/CensusACS5YearSurvey_SubjectTables_S1810,dc/base/CensusACS5YearSurvey_SubjectTables_S1810,CensusACS5YearSurvey_SubjectTables_S1810,dc/cjj7vp,dc/s/UsCensusBureau,https://data.census.gov/table/ACSST5Y2023.S1810?q=S1810,,,,1770491420,,,,/v3_resolved_mcf/census/acs5yr/subject_tables/S1810/20250124/graph.tfrecord@12.gz,dc/d/UsCensusBureau_AmericanCommunitySurveyAcs
dc/base/CensusACS5YearSurvey_SubjectTables_S2704,dc/base/CensusACS5YearSurvey_SubjectTables_S2704,CensusACS5YearSurvey_SubjectTables_S2704,dc/cjj7vp,dc/s/UsCensusBureau,https://data.census.gov/cedsci/table?q=S2704&tid=ACSST5Y2023.S2704,,,,1770491420,,,,/v3_resolved_mcf/census/acs5yr/subject_tables/S2704/20250309/graph.tfrecord@14.gz,dc/d/UsCensusBureau_AmericanCommunitySurveyAcs
dc/base/CensusACS5YearSurvey_SubjectTables_S2701,dc/base/CensusACS5YearSurvey_SubjectTables_S2701,CensusACS5YearSurvey_SubjectTables_S2701,dc/cjj7vp,dc/s/UsCensusBureau,https://data.census.gov/cedsci/table?q=S2701&tid=ACSST5Y2023.S2701,,,,1770491420,,,,/v3_resolved_mcf/census/acs5yr/subject_tables/S2701/20250203/graph.tfrecord@22.gz,dc/d/UsCensusBureau_AmericanCommunitySurveyAcs
dc/base/CensusACS5YearSurvey_SubjectTables_S2409,dc/base/CensusACS5YearSurvey_SubjectTables_S2409,CensusACS5YearSurvey_SubjectTables_S2409,dc/cjj7vp,dc/s/UsCensusBureau,https://data.census.gov/cedsci/table?q=S2409&tid=ACSST1Y2023.S2409,,,,1770491420,,,,/v3_resolved_mcf/census/acs5yr/subject_tables/s2409/20250129/graph.tfrecord@8.gz,dc/d/UsCensusBureau_AmericanCommunitySurveyAcs
dc/base/CensusACS5YearSurvey_SubjectTables_S2418,dc/base/CensusACS5YearSurvey_SubjectTables_S2418,CensusACS5YearSurvey_SubjectTables_S2418,dc/cjj7vp,dc/s/UsCensusBureau,https://data.census.gov/cedsci/table?q=S2418&tid=ACSST5Y2023.S2418,,,,1770491420,,,,/v3_resolved_mcf/census/acs5yr/subject_tables/s2418/20250120/graph.tfrecord@4.gz,dc/d/UsCensusBureau_AmericanCommunitySurveyAcs
dc/base/CensusACS5YearSurvey_SubjectTables_S1251,dc/base/CensusACS5YearSurvey_SubjectTables_S1251,CensusACS5YearSurvey_SubjectTables_S1251,dc/cjj7vp,dc/s/UsCensusBureau,https://data.census.gov/cedsci/table?q=S1251&tid=ACSST5Y2023.S1251,,,,1770491420,,,,/v3_resolved_mcf/census/acs5yr/subject_tables/S1251/20250207/graph.tfrecord@1.gz,dc/d/UsCensusBureau_AmericanCommunitySurveyAcs
dc/base/CensusACS5YearSurvey,dc/base/CensusACS5YearSurvey,CensusACS5YearSurvey,dc/cjj7vp,dc/s/UsCensusBureau,https://www.census.gov/programs-surveys/acs/data/data-via-ftp.html,,,,1770491420,,,,"/v3_resolved_mcf/census_v6/observations/*/*/graph.tfrecord*,/v3_resolved_mcf/us_census/acs5y/2022/dat/graph.tfrecord@23.gz,/v3_resolved_mcf/us_census/acs5y/2023/data/graph.tfrecord@23.gz,/v3_resolved_mcf/us_census/acs5yr/handwritten_mcfs/20240213/graph.tfrecord@1.gz",dc/d/UsCensusBureau_AmericanCommunitySurveyAcs
dc/base/CensusACS5YearSurvey_SubjectTables_S2201,dc/base/CensusACS5YearSurvey_SubjectTables_S2201,CensusACS5YearSurvey_SubjectTables_S2201,dc/cjj7vp,dc/s/UsCensusBureau,https://data.census.gov/table/ACSST5Y2023.S2201?q=S2201,,,,1770491420,,,,/v3_resolved_mcf/census/acs5yr/subject_tables/s2201/20250123/graph.tfrecord@32.gz,dc/d/UsCensusBureau_AmericanCommunitySurveyAcs
dc/base/CensusACS5YearSurvey_SubjectTables_S2502,dc/base/CensusACS5YearSurvey_SubjectTables_S2502,CensusACS5YearSurvey_SubjectTables_S2502,dc/cjj7vp,dc/s/UsCensusBureau,https://data.census.gov/cedsci/table?q=S2502&tid=ACSST5Y2023.S2502,,,,1770491420,,,,/v3_resolved_mcf/census/acs5yr/subject_tables/s2502/s2502_20250213/graph.tfrecord@23.gz,dc/d/UsCensusBureau_AmericanCommunitySurveyAcs
dc/base/CensusACS5YearSurvey_SubjectTables_S1301,dc/base/CensusACS5YearSurvey_SubjectTables_S1301,CensusACS5YearSurvey_SubjectTables_S1301,dc/cjj7vp,dc/s/UsCensusBureau,https://data.census.gov/cedsci/table?q=S1301&tid=ACSST5Y2023.S1301,,,,1770491420,,,,/v3_resolved_mcf/census/acs5yr/subject_tables/s1301/20250206/graph.tfrecord@18.gz,dc/d/UsCensusBureau_AmericanCommunitySurveyAcs
dc/base/CensusACS5YearSurvey_SubjectTables_S2405,dc/base/CensusACS5YearSurvey_SubjectTables_S2405,CensusACS5YearSurvey_SubjectTables_S2405,dc/cjj7vp,dc/s/UsCensusBureau,https://data.census.gov/cedsci/table?q=S2405&tid=ACSST5Y2023.S2405,,,,1770491420,,,,/v3_resolved_mcf/census/acs5yr/subject_tables/s2405/20250127/graph.tfrecord@15.gz,dc/d/UsCensusBureau_AmericanCommunitySurveyAcs
dc/base/CensusACS5YearSurvey_SubjectTables_S2702PR,dc/base/CensusACS5YearSurvey_SubjectTables_S2702PR,CensusACS5YearSurvey_SubjectTables_S2702PR,dc/cjj7vp,dc/s/UsCensusBureau,https://data.census.gov/cedsci/table?q=S2702PR&tid=ACSST5Y2013.S2702PR,,,,1770491420,,,,/v3_resolved_mcf/census/acs5yr/subject_tables/s2702PR/20250211/graph.tfrecord@1.gz,dc/d/UsCensusBureau_AmericanCommunitySurveyAcs
dc/base/CensusACS5YearSurvey_SubjectTables_S2703,dc/base/CensusACS5YearSurvey_SubjectTables_S2703,CensusACS5YearSurvey_SubjectTables_S2703,dc/cjj7vp,dc/s/UsCensusBureau,https://data.census.gov/cedsci/table?q=S2703&tid=ACSST5Y2023.S2703,,,,1770491420,,,,/v3_resolved_mcf/census/acs5yr/subject_tables/s2703/20250203/graph.tfrecord@6.gz,dc/d/UsCensusBureau_AmericanCommunitySurveyAcs
dc/base/CensusACS5YearSurvey_SubjectTables_S1702,dc/base/CensusACS5YearSurvey_SubjectTables_S1702,CensusACS5YearSurvey_SubjectTables_S1702,dc/cjj7vp,dc/s/UsCensusBureau,https://data.census.gov/cedsci/table?q=S1702&tid=ACSST5Y2023.S1702,,,,1770491420,,,,/v3_resolved_mcf/census/acs5yr/subject_tables/s1702/20250128/graph.tfrecord@29.gz,dc/d/UsCensusBureau_AmericanCommunitySurveyAcs
dc/base/CensusACS5YearSurvey_SubjectTables_S2001,dc/base/CensusACS5YearSurvey_SubjectTables_S2001,CensusACS5YearSurvey_SubjectTables_S2001,dc/cjj7vp,dc/s/UsCensusBureau,https://data.census.gov/cedsci/table?q=S2001&tid=ACSST1Y2023.S2001,,,,1770491420,,,,/v3_resolved_mcf/census/acs5yr/subject_tables/S2001/20250306/graph.tfrecord@18.gz,dc/d/UsCensusBureau_AmericanCommunitySurveyAcs
dc/base/CensusACS5YearSurvey_SubjectTables_S1603,dc/base/CensusACS5YearSurvey_SubjectTables_S1603,CensusACS5YearSurvey_SubjectTables_S1603,dc/cjj7vp,dc/s/UsCensusBureau,https://data.census.gov/cedsci/table?q=S1603&tid=ACSST5Y2023.S1603,,,,1770491420,,,,/v3_resolved_mcf/census/acs5yr/subject_tables/s1603/s1603_20250107/graph.tfrecord@22.gz,dc/d/UsCensusBureau_AmericanCommunitySurveyAcs
dc/base/CensusACS5YearSurvey_SubjectTables_S2603,dc/base/CensusACS5YearSurvey_SubjectTables_S2603,CensusACS5YearSurvey_SubjectTables_S2603,dc/cjj7vp,dc/s/UsCensusBureau,https://data.census.gov/cedsci/table?q=S2603&tid=ACSST5Y2023.S2603,,,,1770491420,,,,/v3_resolved_mcf/census/acs5yr/subject_tables/s2603/20250127/graph.tfrecord@1.gz,dc/d/UsCensusBureau_AmericanCommunitySurveyAcs
dc/base/CensusACS5YearSurvey_SubjectTables_S2601APR,dc/base/CensusACS5YearSurvey_SubjectTables_S2601APR,CensusACS5YearSurvey_SubjectTables_S2601APR,dc/cjj7vp,dc/s/UsCensusBureau,https://data.census.gov/cedsci/table?q=S2601APR&tid=ACSST5Y2023.S2601APR,,,,1770491420,,,,/v3_resolved_mcf/census/acs5yr/subject_tables/s2601apr/20250206/graph.tfrecord@1.gz,dc/d/UsCensusBureau_AmericanCommunitySurveyAcs
dc/base/CensusACS5YearSurvey_SubjectTables_S1903,dc/base/CensusACS5YearSurvey_SubjectTables_S1903,CensusACS5YearSurvey_SubjectTables_S1903,dc/cjj7vp,dc/s/UsCensusBureau,https://data.census.gov/cedsci/table?q=S1903&tid=ACSST5Y2023.S1903,,/v3_resolved_mcf/census/acs5yr/subject_tables/s1903/US_only_stats_subset_householderRace/nodes.mcf@1,,1770491420,,,,,dc/d/UsCensusBureau_AmericanCommunitySurveyAcs
dc/base/CensusACS5YearSurvey_SubjectTables_S0503,dc/base/CensusACS5YearSurvey_SubjectTables_S0503,CensusACS5YearSurvey_SubjectTables_S0503,dc/cjj7vp,dc/s/UsCensusBureau,https://data.census.gov/cedsci/table?q=S0503&tid=ACSST5Y2023.S0503,,,,1770491420,,,,/v3_resolved_mcf/census/acs5yr/subject_tables/S0503/20250228/graph.tfrecord@5.gz,dc/d/UsCensusBureau_AmericanCommunitySurveyAcs
dc/base/CensusACS5YearSurvey_SubjectTables_S2303,dc/base/CensusACS5YearSurvey_SubjectTables_S2303,CensusACS5YearSurvey_SubjectTables_S2303,dc/cjj7vp,dc/s/UsCensusBureau,https://data.census.gov/cedsci/table?q=S2303&tid=ACSST5Y2023.S2303,,,,1770491420,,,,/v3_resolved_mcf/census/acs5yr/subject_tables/s2303/s2303_20250217/graph.tfrecord@23.gz,dc/d/UsCensusBureau_AmericanCommunitySurveyAcs
dc/base/CensusACS5YearSurvey_SubjectTables_S2407,dc/base/CensusACS5YearSurvey_SubjectTables_S2407,CensusACS5YearSurvey_SubjectTables_S2407,dc/cjj7vp,dc/s/UsCensusBureau,https://data.census.gov/cedsci/table?q=S2407&tid=ACSST5Y2023.S2407,,,,1770491420,,,,/v3_resolved_mcf/census/acs5yr/subject_tables/s2407/20250205/graph.tfrecord@23.gz,dc/d/UsCensusBureau_AmericanCommunitySurveyAcs
dc/base/CensusACS5YearSurvey_SubjectTables_S0701,dc/base/CensusACS5YearSurvey_SubjectTables_S0701,CensusACS5YearSurvey_SubjectTables_S0701,dc/cjj7vp,dc/s/UsCensusBureau,https://data.census.gov/cedsci/table?q=S0701&tid=ACSST5Y2023.S0701,,,,1770491420,,,,/v3_resolved_mcf/census/acs5yr/subject_tables/s0701/20250210/graph.tfrecord@52.gz,dc/d/UsCensusBureau_AmericanCommunitySurveyAcs
dc/base/CensusACS5YearSurvey_SubjectTables_S0506,dc/base/CensusACS5YearSurvey_SubjectTables_S0506,CensusACS5YearSurvey_SubjectTables_S0506,dc/cjj7vp,dc/s/UsCensusBureau,https://data.census.gov/cedsci/table?q=S0506&tid=ACSST5Y2023.S0506,,,,1770491420,,,,/v3_resolved_mcf/us_census/acs5yr_subject_tables/S0506/20250224/graph.tfrecord@4.gz,dc/d/UsCensusBureau_AmericanCommunitySurveyAcs
dc/base/CensusACS5YearSurvey_SubjectTables_S0902,dc/base/CensusACS5YearSurvey_SubjectTables_S0902,CensusACS5YearSurvey_SubjectTables_S0902,dc/cjj7vp,dc/s/UsCensusBureau,https://data.census.gov/cedsci/table?q=S0902&tid=ACSST5Y2023.S0902,,,,1770491420,,,,/v3_resolved_mcf/us_census/acs5yr_subject_tables/S0902/20250116/graph.tfrecord@1.gz,dc/d/UsCensusBureau_AmericanCommunitySurveyAcs
dc/base/CensusACS5YearSurvey_SubjectTables_S2702,dc/base/CensusACS5YearSurvey_SubjectTables_S2702,CensusACS5YearSurvey_SubjectTables_S2702,dc/cjj7vp,dc/s/UsCensusBureau,https://data.census.gov/cedsci/table?q=S2702&tid=ACSST5Y2013.S2702,,,,1770491420,,,,/v3_resolved_mcf/census/acs5yr/subject_tables/s2702/20250211/graph.tfrecord@1.gz,dc/d/UsCensusBureau_AmericanCommunitySurveyAcs
dc/base/CensusACS5YearSurvey_SubjectTables_S0505,dc/base/CensusACS5YearSurvey_SubjectTables_S0505,CensusACS5YearSurvey_SubjectTables_S0505,dc/cjj7vp,dc/s/UsCensusBureau,https://data.census.gov/cedsci/table?q=S0505&tid=ACSST5Y2023.S0505,,,,1770491420,,,,/v3_resolved_mcf/census/acs5yr/subject_tables/S0505/20250305/graph.tfrecord@3.gz,dc/d/UsCensusBureau_AmericanCommunitySurveyAcs
dc/base/CensusACS1YearSurvey,dc/base/CensusACS1YearSurvey,CensusACS1YearSurvey,dc/cjj7vp,dc/s/UsCensusBureau,https://www.census.gov/programs-surveys/acs/data/data-via-ftp.html,,/v3_resolved_mcf/acs1yr_tablebuilder/pop_obs_20201002.mcf,,1770491420,,,,,dc/d/UsCensusBureau_AmericanCommunitySurveyAcs
dc/base/CensusACS5YearSurvey_SubjectTables_S2601A,dc/base/CensusACS5YearSurvey_SubjectTables_S2601A,CensusACS5YearSurvey_SubjectTables_S2601A,dc/cjj7vp,dc/s/UsCensusBureau,https://data.census.gov/cedsci/table?q=S2601A&tid=ACSST5Y2023.S2601A,,,,1770491420,,,,/v3_resolved_mcf/census/acs5yr/subject_tables/s2601a/20250210/graph.tfrecord@1.gz,dc/d/UsCensusBureau_AmericanCommunitySurveyAcs
dc/base/CensusACS5YearSurvey_SubjectTables_S0504,dc/base/CensusACS5YearSurvey_SubjectTables_S0504,CensusACS5YearSurvey_SubjectTables_S0504,dc/cjj7vp,dc/s/UsCensusBureau,https://data.census.gov/cedsci/table?q=S0504&tid=ACSST5Y2023.S0504,,,,1770491420,,,,/v3_resolved_mcf/census/acs5yr/subject_tables/S0504/20250226/graph.tfrecord@1.gz,dc/d/UsCensusBureau_AmericanCommunitySurveyAcs
dc/base/CensusACS5YearSurvey_SubjectTables_S1502,dc/base/CensusACS5YearSurvey_SubjectTables_S1502,CensusACS5YearSurvey_SubjectTables_S1502,dc/cjj7vp,dc/s/UsCensusBureau,https://data.census.gov/cedsci/table?q=S1502&tid=ACSST5Y2023.S1502,,,,1770491420,,,,/v3_resolved_mcf/census/acs5yr/subject_tables/s1502/20250128/graph.tfrecord@12.gz,dc/d/UsCensusBureau_AmericanCommunitySurveyAcs
dc/base/CensusACS5YearSurvey_SubjectTables_S1201,dc/base/CensusACS5YearSurvey_SubjectTables_S1201,CensusACS5YearSurvey_SubjectTables_S1201,dc/cjj7vp,dc/s/UsCensusBureau,https://data.census.gov/cedsci/table?q=S1201&tid=ACSST5Y2023.S1201,,,,1770491420,,,,/v3_resolved_mcf/census/acs5yr/subject_tables/s1201/20250226/graph.tfrecord@37.gz,dc/d/UsCensusBureau_AmericanCommunitySurveyAcs
dc/base/CensusACS5YearSurvey_SubjectTables_S2602,dc/base/CensusACS5YearSurvey_SubjectTables_S2602,CensusACS5YearSurvey_SubjectTables_S2602,dc/cjj7vp,dc/s/UsCensusBureau,https://data.census.gov/cedsci/table?q=S2602&tid=ACSST5Y2023.S2602,,,,1770491420,,,,/v3_resolved_mcf/census/acs5yr/subject_tables/S2602/20250211/graph.tfrecord@1.gz,dc/d/UsCensusBureau_AmericanCommunitySurveyAcs
dc/base/CensusACS5YearSurvey_SubjectTables_S1602,dc/base/CensusACS5YearSurvey_SubjectTables_S1602,CensusACS5YearSurvey_SubjectTables_S1602,dc/cjj7vp,dc/s/UsCensusBureau,https://data.census.gov/cedsci/table?q=S1602&tid=ACSST5Y2023.S1602,,,,1770491420,,,,/v3_resolved_mcf/us_census/acs5yr_subject_tables/S1602/20250116/graph.tfrecord@4.gz,dc/d/UsCensusBureau_AmericanCommunitySurveyAcs
dc/base/CensusACS5YearSurvey_SubjectTables_S0804,dc/base/CensusACS5YearSurvey_SubjectTables_S0804,CensusACS5YearSurvey_SubjectTables_S0804,dc/cjj7vp,dc/s/UsCensusBureau,https://data.census.gov/table/ACSST5Y2023.S0804,"Means of Transportation to Work by Selected Characteristics for Workplace Geography at State, County , County subdivision and Place.",,,1770491420,,,,/v3_resolved_mcf/census/acs5yr/subject_tables/S0804/20250216/graph.tfrecord@13.gz,dc/d/UsCensusBureau_AmericanCommunitySurveyAcs
dc/base/CensusACS5YearSurvey_SubjectTables_S0801,dc/base/CensusACS5YearSurvey_SubjectTables_S0801,CensusACS5YearSurvey_SubjectTables_S0801,dc/cjj7vp,dc/s/UsCensusBureau,https://data.census.gov/table?q=S0801&tid=ACSST5Y2023.S0801,"Commuting Characteristics by Sex at Country, State, County , County subdivision and Place.",,,1770491420,,,,/v3_resolved_mcf/census/acs5yr/subject_tables/S0801/20250219/graph.tfrecord@43.gz,dc/d/UsCensusBureau_AmericanCommunitySurveyAcs
dc/base/CensusACS5YearSurvey_SubjectTables_S2408,dc/base/CensusACS5YearSurvey_SubjectTables_S2408,CensusACS5YearSurvey_SubjectTables_S2408,dc/cjj7vp,dc/s/UsCensusBureau,https://data.census.gov/cedsci/table?q=S2408&tid=ACSST5Y2023.S2408,,,,1770491420,,,,/v3_resolved_mcf/census/acs5yr/subject_tables/s2408/20250120/graph.tfrecord@10.gz,dc/d/UsCensusBureau_AmericanCommunitySurveyAcs
dc/base/CensusACS5YearSurvey_SubjectTables_S2406,dc/base/CensusACS5YearSurvey_SubjectTables_S2406,CensusACS5YearSurvey_SubjectTables_S2406,dc/cjj7vp,dc/s/UsCensusBureau,https://data.census.gov/cedsci/table?q=S2406&tid=ACSST5Y2023.S2406,,,,1770491420,,,,/v3_resolved_mcf/census/acs5yr/subject_tables/s2406/20250204/graph.tfrecord@15.gz,dc/d/UsCensusBureau_AmericanCommunitySurveyAcs
dc/base/CensusACS5YearSurvey_SubjectTables_S0101,dc/base/CensusACS5YearSurvey_SubjectTables_S0101,CensusACS5YearSurvey_SubjectTables_S0101,dc/cjj7vp,dc/s/UsCensusBureau,https://data.census.gov/table?q=S0101:+Age+and+Sex&tid=ACSST1Y2023.S0101,,,,1770491420,,,,/v3_resolved_mcf/census/acs5yr/subject_tables/S0101/graph.tfrecord@17.gz,dc/d/UsCensusBureau_AmericanCommunitySurveyAcs
dc/base/ACSED5YrSurvey,dc/base/ACSED5YrSurvey,ACSED5YrSurvey,dc/cjj7vp,dc/s/UsCensusBureau,https://nces.ed.gov/programs/edge/Demographic/ACS,,/v3_resolved_mcf/acs_ed/*.mcf,,1770491420,,,,,dc/d/UsCensusBureau_AmericanCommunitySurveyEducationTabulationAcs-ed
dc/base/CensusCountyBusinessPatterns,dc/base/CensusCountyBusinessPatterns,CensusCountyBusinessPatterns,dc/cjj7vp,dc/s/UsCensusBureau,https://www.census.gov/programs-surveys/cbp.html,,,,1770491420,,,,"/v3_resolved_mcf/CensusCountyBusinessPatterns/latest/graph.tfrecord@8.gz,/v3_resolved_mcf/CensusCountyBusinessPatterns/historical/graph.tfrecord@2.gz",dc/d/UsCensusBureau_CountyBusinessPatterns
dc/base/NASA_DCP30_CMIP5_Subnational_AggrDiffStats_LongRangeProjections,dc/base/NASA_DCP30_CMIP5_Subnational_AggrDiffStats_LongRangeProjections,NASA_DCP30_CMIP5_Subnational_AggrDiffStats_LongRangeProjections,dc/cjj7vp,dc/s/UsNationalAeronauticsAndSpaceAdministrationNasa,https://www.nccs.nasa.gov/services/data-collections/land-based-products/nex-dcp30,Aggregated by DataCommons.,/v3_resolved_mcf/nasa/oneoff-aggregations/nex-dcp30/nodes.mcf@1,,1770491420,,,,,dc/d/UsNationalAeronauticsAndSpaceAdministrationNasa_Nex-DownscaledClimateProjectionsForUsFromIpccCmip5
dc/base/NASA_NEXDCP30_AggrYearsStats,dc/base/NASA_NEXDCP30_AggrYearsStats,NASA_NEXDCP30_AggrYearsStats,dc/cjj7vp,dc/s/UsNationalAeronauticsAndSpaceAdministrationNasa,https://www.nccs.nasa.gov/services/data-collections/land-based-products/nex-dcp30,Aggregated by DataCommons.,,,1770491420,,,,/v3_resolved_mcf/dc_aggregate/StatVarSeries/Aggregates/v2/NASA_NEXDCP30_AggrYearsStats/graph.tfrecord*,dc/d/UsNationalAeronauticsAndSpaceAdministrationNasa_Nex-DownscaledClimateProjectionsForUsFromIpccCmip5
dc/base/NASA_NEXDCP30,dc/base/NASA_NEXDCP30,NASA_NEXDCP30,dc/cjj7vp,dc/s/UsNationalAeronauticsAndSpaceAdministrationNasa,https://www.nccs.nasa.gov/services/data-collections/land-based-products/nex-dcp30,,,,1770491420,,,,/v3_resolved_mcf/nasa/nex-dcp30/graph.tfrecord*,dc/d/UsNationalAeronauticsAndSpaceAdministrationNasa_Nex-DownscaledClimateProjectionsForUsFromIpccCmip5
dc/base/NASA_NEXDCP30_AggrDiffStats,dc/base/NASA_NEXDCP30_AggrDiffStats,NASA_NEXDCP30_AggrDiffStats,dc/cjj7vp,dc/s/UsNationalAeronauticsAndSpaceAdministrationNasa,https://www.nccs.nasa.gov/services/data-collections/land-based-products/nex-dcp30,Aggregated by DataCommons.,,,1770491420,,,,/v3_resolved_mcf/dc_aggregate/StatVarSeries/NASA_NEXDCP30_AggrDiffStats/graph.tfrecord*,dc/d/UsNationalAeronauticsAndSpaceAdministrationNasa_Nex-DownscaledClimateProjectionsForUsFromIpccCmip5
dc/base/NASA_NEXGDDP_Country,dc/base/NASA_NEXGDDP_Country,NASA_NEXGDDP_Country,dc/cjj7vp,dc/s/UsNationalAeronauticsAndSpaceAdministrationNasa,https://www.nccs.nasa.gov/services/data-collections/land-based-products/nex-gddp,,/v3_resolved_mcf/nasa/nex-gddp/country/nodes.mcf@100,,1770491420,,,,,dc/d/UsNationalAeronauticsAndSpaceAdministrationNasa_Nex-GlobalDownscaledClimateProjectionsFromIpccCmip5
dc/base/NASA_WetBulbComputation,dc/base/NASA_WetBulbComputation,NASA_WetBulbComputation,dc/cjj7vp,dc/s/UsNationalAeronauticsAndSpaceAdministrationNasa,https://datacommons.org/,"Computed by DataCommons, according to https://journals.ametsoc.org/view/journals/apme/50/11/jamc-d-11-0143.1.xml.",/v3_resolved_mcf/dc_aggregate/WetBulb_2021-10-30/wet_bulb_calculator.mcf@337,,1770491420,,,,,dc/d/UsNationalAeronauticsAndSpaceAdministrationNasa_Nex-GlobalDownscaledClimateProjectionsFromIpccCmip5
dc/base/NASA_NEXGDDP_Subnational,dc/base/NASA_NEXGDDP_Subnational,NASA_NEXGDDP_Subnational,dc/cjj7vp,dc/s/UsNationalAeronauticsAndSpaceAdministrationNasa,https://www.nccs.nasa.gov/services/data-collections/land-based-products/nex-gddp,,,,1770491420,,,,/v3_resolved_mcf/nasa/nex-gddp/all-models/graph.tfrecord*,dc/d/UsNationalAeronauticsAndSpaceAdministrationNasa_Nex-GlobalDownscaledClimateProjectionsFromIpccCmip5
dc/base/NASA_NEXGDDP_IpccPlaces50,dc/base/NASA_NEXGDDP_IpccPlaces50,NASA_NEXGDDP_IpccPlaces50,dc/cjj7vp,dc/s/UsNationalAeronauticsAndSpaceAdministrationNasa,https://www.nccs.nasa.gov/services/data-collections/land-based-products/nex-gddp,,,,1770491420,,,,/v3_resolved_mcf/nasa/nex-gddp/ipcc-places-50/graph.tfrecord*,dc/d/UsNationalAeronauticsAndSpaceAdministrationNasa_Nex-GlobalDownscaledClimateProjectionsFromIpccCmip5
dc/base/NASA_WetBulbComputation_Aggregation,dc/base/NASA_WetBulbComputation_Aggregation,NASA_WetBulbComputation_Aggregation,dc/cjj7vp,dc/s/UsNationalAeronauticsAndSpaceAdministrationNasa,https://datacommons.org/,"Computed by DataCommons for the years 2022-2099, based on data in NASA_WetBulbComputation.",/v3_resolved_mcf/nasa/ipcc/wetbulb_aggregate/nodes.mcf@1,,1770491420,,,,,dc/d/UsNationalAeronauticsAndSpaceAdministrationNasa_Nex-GlobalDownscaledClimateProjectionsFromIpccCmip5
dc/base/NASA_NEXGDDP_Subnational_AggrDiffStats,dc/base/NASA_NEXGDDP_Subnational_AggrDiffStats,NASA_NEXGDDP_Subnational_AggrDiffStats,dc/cjj7vp,dc/s/UsNationalAeronauticsAndSpaceAdministrationNasa,https://www.nccs.nasa.gov/services/data-collections/land-based-products/nex-gddp,Aggregated by DataCommons.,,,1770491420,,,,/v3_resolved_mcf/dc_aggregate/StatVarSeries/NASA_NEXGDDP_Subnational_AggrDiffStats/graph.tfrecord*,dc/d/UsNationalAeronauticsAndSpaceAdministrationNasa_Nex-GlobalDownscaledClimateProjectionsFromIpccCmip5
dc/base/NASA_NEXGDDP_IpccPlaces50_AggrDiffStats,dc/base/NASA_NEXGDDP_IpccPlaces50_AggrDiffStats,NASA_NEXGDDP_IpccPlaces50_AggrDiffStats,dc/cjj7vp,dc/s/UsNationalAeronauticsAndSpaceAdministrationNasa,https://www.nccs.nasa.gov/services/data-collections/land-based-products/nex-gddp,Aggregated by DataCommons.,,,1770491420,,,,/v3_resolved_mcf/dc_aggregate/StatVarSeries/NASA_NEXGDDP_IpccPlaces50_AggrDiffStats/graph.tfrecord*,dc/d/UsNationalAeronauticsAndSpaceAdministrationNasa_Nex-GlobalDownscaledClimateProjectionsFromIpccCmip5
dc/base/NASA_NEXGDDP_Country_AggrDiffStats,dc/base/NASA_NEXGDDP_Country_AggrDiffStats,NASA_NEXGDDP_Country_AggrDiffStats,dc/cjj7vp,dc/s/UsNationalAeronauticsAndSpaceAdministrationNasa,https://www.nccs.nasa.gov/services/data-collections/land-based-products/nex-gddp,Aggregated by DataCommons.,,,1770491420,,,,/v3_resolved_mcf/dc_aggregate/StatVarSeries/NASA_NEXGDDP_Country_AggrDiffStats/graph.tfrecord*,dc/d/UsNationalAeronauticsAndSpaceAdministrationNasa_Nex-GlobalDownscaledClimateProjectionsFromIpccCmip5
dc/base/NASA_NEXGDDP_Subnational_AggrOverTimeOnStatsAcrossModels,dc/base/NASA_NEXGDDP_Subnational_AggrOverTimeOnStatsAcrossModels,NASA_NEXGDDP_Subnational_AggrOverTimeOnStatsAcrossModels,dc/cjj7vp,dc/s/UsNationalAeronauticsAndSpaceAdministrationNasa,https://www.nccs.nasa.gov/services/data-collections/land-based-products/nex-gddp,Aggregated by DataCommons.,,,1770491420,,,,/v3_resolved_mcf/dc_aggregate/StatVarSeries/NASA_NEXGDDP_Subnational_AggrOverTimeOnStatsAcrossModels/graph.tfrecord*,dc/d/UsNationalAeronauticsAndSpaceAdministrationNasa_Nex-GlobalDownscaledClimateProjectionsFromIpccCmip5
dc/base/NASA_NEXGDDP_Subnational_AggrStatsAcrossModels,dc/base/NASA_NEXGDDP_Subnational_AggrStatsAcrossModels,NASA_NEXGDDP_Subnational_AggrStatsAcrossModels,dc/cjj7vp,dc/s/UsNationalAeronauticsAndSpaceAdministrationNasa,https://www.nccs.nasa.gov/services/data-collections/land-based-products/nex-gddp,Aggregated by DataCommons.,,,1770491420,,,,/v3_resolved_mcf/dc_aggregate/StatVarSeries/NASA_NEXGDDP_Subnational_AggrStatsAcrossModels/graph.tfrecord*,dc/d/UsNationalAeronauticsAndSpaceAdministrationNasa_Nex-GlobalDownscaledClimateProjectionsFromIpccCmip5
dc/base/NASA_NEXGDDP_CMIP6_Subnational_AggrYearsStats,dc/base/NASA_NEXGDDP_CMIP6_Subnational_AggrYearsStats,NASA_NEXGDDP_CMIP6_Subnational_AggrYearsStats,dc/cjj7vp,dc/s/UsNationalAeronauticsAndSpaceAdministrationNasa,https://www.nccs.nasa.gov/services/data-collections/land-based-products/nex-gddp-cmip6,Aggregated by DataCommons.,,,1770491420,,,,/v3_resolved_mcf/dc_aggregate/StatVarSeries/Aggregates/v2/NASA_NEXGDDP_CMIP6_Subnational_AggrYearsStats/graph.tfrecord*,dc/d/UsNationalAeronauticsAndSpaceAdministrationNasa_Nex-GlobalDownscaledClimateProjectionsFromIpccCmip6
dc/base/NASA_NEXGDDP_CMIP6_Subnational_Histogram,dc/base/NASA_NEXGDDP_CMIP6_Subnational_Histogram,NASA_NEXGDDP_CMIP6_Subnational_Histogram,dc/cjj7vp,dc/s/UsNationalAeronauticsAndSpaceAdministrationNasa,https://www.nccs.nasa.gov/services/data-collections/land-based-products/nex-gddp-cmip6,Aggregated by DataCommons.,,,1770491420,,,,/v3_resolved_mcf/nasa/nex-gddp-cmip6/histogram/2023-08-24/graph.tfrecord@33.gz,dc/d/UsNationalAeronauticsAndSpaceAdministrationNasa_Nex-GlobalDownscaledClimateProjectionsFromIpccCmip6
dc/base/NASA_NEXGDDP_CMIP6_Subnational_AggrDiffStats_LongRangeProjections,dc/base/NASA_NEXGDDP_CMIP6_Subnational_AggrDiffStats_LongRangeProjections,NASA_NEXGDDP_CMIP6_Subnational_AggrDiffStats_LongRangeProjections,dc/cjj7vp,dc/s/UsNationalAeronauticsAndSpaceAdministrationNasa,https://www.nccs.nasa.gov/services/data-collections/land-based-products/nex-gddp-cmip6,Aggregated by DataCommons.,,,1770491420,,,,/v3_resolved_mcf/dc_aggregate/StatVarSeries/Aggregates/v2/NASA_NEXGDDP_CMIP6_Subnational_AggrDiffStats_LongRangeProjections/graph.tfrecord*,dc/d/UsNationalAeronauticsAndSpaceAdministrationNasa_Nex-GlobalDownscaledClimateProjectionsFromIpccCmip6
dc/base/NASA_NEXGDDP_CMIP6_Subnational,dc/base/NASA_NEXGDDP_CMIP6_Subnational,NASA_NEXGDDP_CMIP6_Subnational,dc/cjj7vp,dc/s/UsNationalAeronauticsAndSpaceAdministrationNasa,https://www.nccs.nasa.gov/services/data-collections/land-based-products/nex-gddp-cmip6,,,,1770491420,,,,/v3_resolved_mcf/nasa/nex-gddp-cmip6/all-models/graph.tfrecord*,dc/d/UsNationalAeronauticsAndSpaceAdministrationNasa_Nex-GlobalDownscaledClimateProjectionsFromIpccCmip6
dc/base/NASA_NEXGDDP_CMIP6_IpccPlaces50,dc/base/NASA_NEXGDDP_CMIP6_IpccPlaces50,NASA_NEXGDDP_CMIP6_IpccPlaces50,dc/cjj7vp,dc/s/UsNationalAeronauticsAndSpaceAdministrationNasa,https://www.nccs.nasa.gov/services/data-collections/land-based-products/nex-gddp-cmip6,,,,1770491420,,,,/v3_resolved_mcf/nasa/nex-gddp-cmip6/ipcc-places-50/graph.tfrecord*,dc/d/UsNationalAeronauticsAndSpaceAdministrationNasa_Nex-GlobalDownscaledClimateProjectionsFromIpccCmip6
dc/base/NASA_NEXGDDP_CMIP6_Subnational_AggrOverTimeOnStatsAcrossModels,dc/base/NASA_NEXGDDP_CMIP6_Subnational_AggrOverTimeOnStatsAcrossModels,NASA_NEXGDDP_CMIP6_Subnational_AggrOverTimeOnStatsAcrossModels,dc/cjj7vp,dc/s/UsNationalAeronauticsAndSpaceAdministrationNasa,https://www.nccs.nasa.gov/services/data-collections/land-based-products/nex-gddp-cmip6,Aggregated by DataCommons.,,,1770491420,,,,/v3_resolved_mcf/dc_aggregate/StatVarSeries/NASA_NEXGDDP_CMIP6_Subnational_AggrOverTimeOnStatsAcrossModels/graph.tfrecord*,dc/d/UsNationalAeronauticsAndSpaceAdministrationNasa_Nex-GlobalDownscaledClimateProjectionsFromIpccCmip6
dc/base/NASA_NEXGDDP_CMIP6_IpccPlaces50_AggrStatsAcrossModels,dc/base/NASA_NEXGDDP_CMIP6_IpccPlaces50_AggrStatsAcrossModels,NASA_NEXGDDP_CMIP6_IpccPlaces50_AggrStatsAcrossModels,dc/cjj7vp,dc/s/UsNationalAeronauticsAndSpaceAdministrationNasa,https://www.nccs.nasa.gov/services/data-collections/land-based-products/nex-gddp-cmip6,Aggregated by DataCommons.,,,1770491420,,,,/v3_resolved_mcf/dc_aggregate/StatVarSeries/NASA_NEXGDDP_CMIP6_IpccPlaces50_AggrStatsAcrossModels/graph.tfrecord*,dc/d/UsNationalAeronauticsAndSpaceAdministrationNasa_Nex-GlobalDownscaledClimateProjectionsFromIpccCmip6
dc/base/NASA_NEXGDDP_CMIP6_IpccPlaces50_AggrYearsStats,dc/base/NASA_NEXGDDP_CMIP6_IpccPlaces50_AggrYearsStats,NASA_NEXGDDP_CMIP6_IpccPlaces50_AggrYearsStats,dc/cjj7vp,dc/s/UsNationalAeronauticsAndSpaceAdministrationNasa,https://www.nccs.nasa.gov/services/data-collections/land-based-products/nex-gddp-cmip6,Aggregated by DataCommons.,,,1770491420,,,,/v3_resolved_mcf/dc_aggregate/StatVarSeries/Aggregates/v2/NASA_NEXGDDP_CMIP6_IpccPlaces50_AggrYearsStats/graph.tfrecord*,dc/d/UsNationalAeronauticsAndSpaceAdministrationNasa_Nex-GlobalDownscaledClimateProjectionsFromIpccCmip6
dc/base/NASA_NEXGDDP_CMIP6_Subnational_AggrDiffStats,dc/base/NASA_NEXGDDP_CMIP6_Subnational_AggrDiffStats,NASA_NEXGDDP_CMIP6_Subnational_AggrDiffStats,dc/cjj7vp,dc/s/UsNationalAeronauticsAndSpaceAdministrationNasa,https://www.nccs.nasa.gov/services/data-collections/land-based-products/nex-gddp-cmip6,Aggregated by DataCommons.,,,1770491420,,,,/v3_resolved_mcf/dc_aggregate/StatVarSeries/NASA_NEXGDDP_CMIP6_Subnational_AggrDiffStats/graph.tfrecord*,dc/d/UsNationalAeronauticsAndSpaceAdministrationNasa_Nex-GlobalDownscaledClimateProjectionsFromIpccCmip6
dc/base/NASA_NEXGDDP_CMIP6_IpccPlaces50_AggrDiffStats,dc/base/NASA_NEXGDDP_CMIP6_IpccPlaces50_AggrDiffStats,NASA_NEXGDDP_CMIP6_IpccPlaces50_AggrDiffStats,dc/cjj7vp,dc/s/UsNationalAeronauticsAndSpaceAdministrationNasa,https://www.nccs.nasa.gov/services/data-collections/land-based-products/nex-gddp-cmip6,Aggregated by DataCommons.,,,1770491420,,,,/v3_resolved_mcf/dc_aggregate/StatVarSeries/NASA_NEXGDDP_CMIP6_IpccPlaces50_AggrDiffStats/graph.tfrecord*,dc/d/UsNationalAeronauticsAndSpaceAdministrationNasa_Nex-GlobalDownscaledClimateProjectionsFromIpccCmip6
dc/base/NASA_NEXGDDP_CMIP6_Subnational_PDFs,dc/base/NASA_NEXGDDP_CMIP6_Subnational_PDFs,NASA_NEXGDDP_CMIP6_Subnational_PDFs,dc/cjj7vp,dc/s/UsNationalAeronauticsAndSpaceAdministrationNasa,https://www.nccs.nasa.gov/services/data-collections/land-based-products/nex-gddp-cmip6,Aggregated by DataCommons.,,,1770491420,,,,/v3_resolved_mcf/nasa/nex-gddp-cmip6/pdfs/2023-12-26/graph.tfrecord@30.gz,dc/d/UsNationalAeronauticsAndSpaceAdministrationNasa_Nex-GlobalDownscaledClimateProjectionsFromIpccCmip6
dc/base/NASA_NEXGDDP_CMIP6_Subnational_Prediction_Diffs,dc/base/NASA_NEXGDDP_CMIP6_Subnational_Prediction_Diffs,NASA_NEXGDDP_CMIP6_Subnational_Prediction_Diffs,dc/cjj7vp,dc/s/UsNationalAeronauticsAndSpaceAdministrationNasa,https://www.nccs.nasa.gov/services/data-collections/land-based-products/nex-gddp-cmip6,Aggregated by DataCommons.,,,1770491420,,,,"/v3_resolved_mcf/nasa/nex-gddp-cmip6/pdf_diffs/2023-08-24/graph.tfrecord@2.gz,/v3_resolved_mcf/nasa/nex-gddp-cmip6/pdf_diffs/2023-12-27/graph.tfrecord@1.gz",dc/d/UsNationalAeronauticsAndSpaceAdministrationNasa_Nex-GlobalDownscaledClimateProjectionsFromIpccCmip6
dc/base/NASA_NEXGDDP_CMIP6_Subnational_AggrStatsAcrossModels,dc/base/NASA_NEXGDDP_CMIP6_Subnational_AggrStatsAcrossModels,NASA_NEXGDDP_CMIP6_Subnational_AggrStatsAcrossModels,dc/cjj7vp,dc/s/UsNationalAeronauticsAndSpaceAdministrationNasa,https://www.nccs.nasa.gov/services/data-collections/land-based-products/nex-gddp-cmip6,Aggregated by DataCommons.,,,1770491420,,,,/v3_resolved_mcf/dc_aggregate/StatVarSeries/NASA_NEXGDDP_CMIP6_Subnational_AggrStatsAcrossModels/graph.tfrecord*,dc/d/UsNationalAeronauticsAndSpaceAdministrationNasa_Nex-GlobalDownscaledClimateProjectionsFromIpccCmip6
dc/base/NASA_NEXGDDP_CMIP6_IpccPlaces50_AggrOverTimeOnStatsAcrossModels,dc/base/NASA_NEXGDDP_CMIP6_IpccPlaces50_AggrOverTimeOnStatsAcrossModels,NASA_NEXGDDP_CMIP6_IpccPlaces50_AggrOverTimeOnStatsAcrossModels,dc/cjj7vp,dc/s/UsNationalAeronauticsAndSpaceAdministrationNasa,https://www.nccs.nasa.gov/services/data-collections/land-based-products/nex-gddp-cmip6,Aggregated by DataCommons.,,,1770491420,,,,/v3_resolved_mcf/dc_aggregate/StatVarSeries/NASA_NEXGDDP_CMIP6_IpccPlaces50_AggrOverTimeOnStatsAcrossModels/graph.tfrecord*,dc/d/UsNationalAeronauticsAndSpaceAdministrationNasa_Nex-GlobalDownscaledClimateProjectionsFromIpccCmip6
dc/base/NASA_SeaLevelProjections_CMIP6,dc/base/NASA_SeaLevelProjections_CMIP6,NASA_SeaLevelProjections_CMIP6,dc/cjj7vp,dc/s/UsNationalAeronauticsAndSpaceAdministrationNasa,https://podaac.jpl.nasa.gov/announcements/2021-08-09-Sea-level-projections-from-the-IPCC-6th-Assessment-Report,,"/v3_resolved_mcf/nasa/cmip6_sealevel/global/nodes.mcf@16,/v3_resolved_mcf/nasa/cmip6_sealevel/regional/nodes.mcf@10",,1770491420,,,,,dc/d/UsNationalAeronauticsAndSpaceAdministrationNasa_Podaac-SeaLevelProjectionsFromIpccCmip6
dc/base/NOAA_EPA_Observed_Historical_Weather_AggrYearsStats,dc/base/NOAA_EPA_Observed_Historical_Weather_AggrYearsStats,NOAA_EPA_Observed_Historical_Weather_AggrYearsStats,dc/cjj7vp,dc/s/UsNationalOceanicAndAtmosphericAdministrationNoaa,https://www.ncei.noaa.gov/cdo-web/,Aggregated by DataCommons.,,,1770491420,,,,/v3_resolved_mcf/dc_aggregate/StatVarSeries/Aggregates/v2/NOAA_EPA_Observed_Historical_Weather_AggrYearsStats/graph.tfrecord*,dc/d/UsNationalOceanicAndAtmosphericAdministrationNoaa_Noaa-epaObservedWeatherData
dc/base/NOAA_EPA_Observed_Historical_Weather,dc/base/NOAA_EPA_Observed_Historical_Weather,NOAA_EPA_Observed_Historical_Weather,dc/cjj7vp,dc/s/UsNationalOceanicAndAtmosphericAdministrationNoaa,https://www.noaa.gov/,,,,1770491420,,,,/v3_resolved_mcf/weather/historical/2024-03-21/graph.tfrecord@87.gz,dc/d/UsNationalOceanicAndAtmosphericAdministrationNoaa_Noaa-epaObservedWeatherData
dc/base/BEAGDPv2,dc/base/BEAGDPv2,BEAGDPv2,dc/cjj7vp,dc/s/UsBureauOfEconomicAnalysisBea,https://www.bea.gov/,,,,1770491446,,,,/v3_resolved_mcf/us_bea/gdp_chained_dollar_county_msa/latest/graph.tfrecord@1.gz,dc/d/UsBureauOfEconomicAnalysisBea_GdpByCountyMetroAndOtherAreas
dc/base/BEAGDPPriceParity,dc/base/BEAGDPPriceParity,BEAGDPPriceParity,dc/cjj7vp,dc/s/UsBureauOfEconomicAnalysisBea,https://www.bea.gov/data,,/v3_resolved_mcf/bea/*.mcf,,1770491446,,,,,dc/d/UsBureauOfEconomicAnalysisBea_RegionalPriceParitiesByStateAndMetroArea
dc/base/USEconomicCensus,dc/base/USEconomicCensus,USEconomicCensus,dc/cjj7vp,dc/s/UsCensusBureau,https://www.census.gov/programs-surveys/economic-census.html,,/v3_resolved_mcf/econ_census/*.mcf,,1770491446,,,,,dc/d/UsCensusBureau_EconomicCensus
dc/base/USDecennialCensus_RedistrictingRelease,dc/base/USDecennialCensus_RedistrictingRelease,USDecennialCensus_RedistrictingRelease,dc/cjj7vp,dc/s/UsCensusBureau,https://www.census.gov/programs-surveys/decennial-census/about/rdo/summary-files.html,,/v3_resolved_mcf/census/decennial/redistricting_data/nodes.mcf@100,,1770491446,,,,,dc/d/UsCensusBureau_UsDecennialCensus-RedistrictingData
dc/base/BLS_LAUS,dc/base/BLS_LAUS,BLS_LAUS,dc/cjj7vp,dc/s/UsBureauOfLaborStatisticsBls,https://www.bls.gov/lau/,,/v3_resolved_mcf/bls/laus/laus*.mcf,,1770491458,,,,,dc/d/UsBureauOfLaborStatisticsBls_LocalAreaUnemploymentStatisticsLaus
dc/base/BLS_QCEW,dc/base/BLS_QCEW,BLS_QCEW,dc/cjj7vp,dc/s/UsBureauOfLaborStatisticsBls,https://www.bls.gov/qcew/,,,,1770491458,,,,"/v3_resolved_mcf/bls/qcew/historical/graph.tfrecord@84.gz,/v3_resolved_mcf/bls/qcew/20251110/graph.tfrecord@20.gz",dc/d/UsBureauOfLaborStatisticsBls_QuarterlyCensusOfEmploymentAndWagesQcew
dc/base/CDC500,dc/base/CDC500,CDC500,dc/cjj7vp,dc/s/UsCentersForDiseaseControlAndPreventionCdc,https://www.cdc.gov/places/index.html,,,,1770491458,,,,"/v3_resolved_mcf/cdc/places/historical/graph.tfrecord@2.gz,/v3_resolved_mcf/cdc/places/2025_04_01T01_13_38_360214_07_00/graph.tfrecord@4.gz",dc/d/UsCentersForDiseaseControlAndPreventionCdc_PlacesLocalDataForBetterHealth
dc/base/CBECS_Energy,dc/base/CBECS_Energy,CBECS_Energy,dc/cjj7vp,dc/s/UsEnergyInformationAdministrationEia,https://www.eia.gov/consumption/commercial/data/2012/index.php?view=consumption,Energy used by commercial buildings in the US for different fuel types across US census regions.,/v3_resolved_mcf/us_eia/cbecs/commercial_buildings_energy/nodes.mcf@1,,1770491458,,,,,dc/d/UsEnergyInformationAdministrationEia_CommercialBuildingsEnergyConsumptionSurveyCbecs
dc/base/CDCDiabetes,dc/base/CDCDiabetes,CDCDiabetes,dc/cjj7vp,dc/s/UsCentersForDiseaseControlAndPreventionCdc,https://gis.cdc.gov/grasp/diabetes/DiabetesAtlas.html,,,,1770491462,,,,/v3_resolved_mcf/cdc/diabetes/20240112/graph.tfrecord@2.gz,dc/d/UsCentersForDiseaseControlAndPreventionCdc_DiabetesSurveillanceSystem
dc/base/CDCPM25,dc/base/CDCPM25,CDCPM25,dc/cjj7vp,dc/s/UsCentersForDiseaseControlAndPreventionCdc,https://data.cdc.gov/Environmental-Health-Toxicology/Daily-PM2-5-Concentrations-All-County-2001-2016/7vdq-ztk9,,/v3_resolved_mcf/cdc/PM2.5/*.mcf,,1770491462,,,,,dc/d/UsCentersForDiseaseControlAndPreventionCdc_EnvironmentalHealthToxicology
dc/base/CDCWonder_NNDSS_InfectiousAnnual,dc/base/CDCWonder_NNDSS_InfectiousAnnual,CDCWonder_NNDSS_InfectiousAnnual,dc/cjj7vp,dc/s/UsCentersForDiseaseControlAndPreventionCdc,https://wonder.cdc.gov/nndss/nndss_annual_tables_menu.asp,"Notifiable Infectious Diseases Data: Annual tables from CDC WONDER which has the incident counts of different infectious diseases per year and are aggregated based on demographic factors. The statistics are reported by the 50 states, New York City, the District of Columbia, and the U.S. territories.",,,1770491462,,,,/v3_resolved_mcf/cdc/nndss_infectious_diseases_annual/latest/graph.tfrecord@1.gz,dc/d/UsCentersForDiseaseControlAndPreventionCdc_NationalNotifiableDiseasesSurveillanceSystemNndss
dc/base/CDCMortality,dc/base/CDCMortality,CDCMortality,dc/cjj7vp,dc/s/UsCentersForDiseaseControlAndPreventionCdc,https://wonder.cdc.gov/mcd.html,,/v3_resolved_mcf/cdc/wonder/county_counts/*.mcf,,1770491462,,,,,dc/d/UsCentersForDiseaseControlAndPreventionCdc_WonderCompressedMortality
dc/base/CDCWonderNatality,dc/base/CDCWonderNatality,CDCWonderNatality,dc/cjj7vp,dc/s/UsCentersForDiseaseControlAndPreventionCdc,https://wonder.cdc.gov/natality.html,,,,1770491462,,,,"/v3_resolved_mcf/cdc/wonder/natality/states/20231215/graph.tfrecord@1.gz,/v3_resolved_mcf/cdc/wonder/natality/county/20231215/graph.tfrecord@1.gz,/v3_resolved_mcf/cdc/wonder/natality/country/20231215/graph.tfrecord@1.gz",dc/d/UsCentersForDiseaseControlAndPreventionCdc_WonderNatality
dc/base/DEA_DrugCodes,dc/base/DEA_DrugCodes,DEA_DrugCodes,dc/cjj7vp,,https://www.deadiversion.usdoj.gov/21cfr/cfr/2108cfrt.htm,"Controlled substances from Section 1308 of the most recent issue of Title 21 Code of Federal Regulations (CFR), section 1308. Please see https://datacommons.org/disclaimers about the scope of the list.",/v3_resolved_mcf/dea_codes/nodes.mcf@1,,1770491482,,,,,
dc/base/Dartmouth_Atlas_Medicare,dc/base/Dartmouth_Atlas_Medicare,Dartmouth_Atlas_Medicare,dc/cjj7vp,dc/s/DartmouthAtlasProject,https://atlasdata.dartmouth.edu,"Medicare expenditures, utilization, and mortality rates from the Dartmouth Atlas Data.",/v3_resolved_mcf/dartmouth_atlas/*/nodes.mcf@1,,1770491482,,,,,dc/d/DartmouthAtlasProject_DartmouthAtlasOfHealthCare
dc/base/DotBayesNFPreds,dc/base/DotBayesNFPreds,DotBayesNFPreds,dc/cjj7vp,dc/s/DataCommons,https://datacommons.org,,,,1770491482,,,,/v3_resolved_mcf/dcv_imputation/dot_bayesnf_preds/v1/graph.tfrecord@1.gz,dc/d/DataCommons_DataCommonsImputed
dc/base/Company_FIGI,dc/base/Company_FIGI,Company_FIGI,dc/cjj7vp,dc/s/Openfigi,https://www.openfigi.com/,OpenFIGI is an open system for identifying instruments globally across all asset classes using a free Financial Instrument Global Identifier (FIGI).,/v3_resolved_mcf/figi/nodes.mcf@1,,1770491482,,,,,dc/d/Openfigi_Figi
dc/base/DeepSolar,dc/base/DeepSolar,DeepSolar,dc/cjj7vp,dc/s/StanfordUniversity,http://web.stanford.edu/group/deepsolar/home,,/v3_resolved_mcf/deepsolar/nodes.mcf@1,,1770491482,,,,,dc/d/StanfordUniversity_Deepsolar
dc/base/DEA_ARCOS,dc/base/DEA_ARCOS,DEA_ARCOS,dc/cjj7vp,dc/s/UnitedStatesDrugEnforcementAgencyDea,https://www.deadiversion.usdoj.gov/arcos/retail_drug_summary/,Quarterly reports of retail drug distributions from the US Drug Enforcement Administration's annual ARCOS reports. Please see http://datacommons.org/disclaimers about the scope of the data.,/v3_resolved_mcf/dea_arcos/nodes.mcf@100,,1770491482,,,,,dc/d/UnitedStatesDrugEnforcementAgencyDea_ArcosRetailDrugSummaryReports
dc/base/EIA860_Utilities,dc/base/EIA860_Utilities,EIA860_Utilities,dc/cjj7vp,dc/s/UsEnergyInformationAdministrationEia,https://www.eia.gov/electricity/data/eia860/,,/v3_resolved_mcf/us_eia/eia860_schedule1/nodes.mcf@1,,1770491482,,,,,dc/d/UsEnergyInformationAdministrationEia_FormEia-860
dc/base/EIA_860,dc/base/EIA_860,EIA_860,dc/cjj7vp,dc/s/UsEnergyInformationAdministrationEia,https://www.eia.gov/electricity/data/eia860/,The survey Form EIA-860 collects generator-level specific information about existing and planned generators and associated environmental equipment at electric power plants with 1 megawatt or greater of combined nameplate capacity.,/v3_resolved_mcf/energy/EIA_860/2025-10-10/nodes.mcf@1,,1770491482,,,,,dc/d/UsEnergyInformationAdministrationEia_FormEia-860
dc/base/EIA860_PowerPlants,dc/base/EIA860_PowerPlants,EIA860_PowerPlants,dc/cjj7vp,dc/s/UsEnergyInformationAdministrationEia,https://www.eia.gov/electricity/data/eia860/,,/v3_resolved_mcf/us_eia/eia860_schedule2/nodes.mcf@1,,1770491482,,,,,dc/d/UsEnergyInformationAdministrationEia_FormEia-860
dc/base/EIA_Coal,dc/base/EIA_Coal,EIA_Coal,dc/cjj7vp,dc/s/UsEnergyInformationAdministrationEia,https://www.eia.gov/opendata/qb.php?category=717234,,,,1770491482,,,,"/v3_resolved_mcf/us_eia/coal/20250209/graph.tfrecord@1.gz,/v3_resolved_mcf/us_eia/coal/historical/graph.tfrecord@1.gz,/v3_resolved_mcf/us_eia/coal/latest/graph.tfrecord@1.gz",dc/d/UsEnergyInformationAdministrationEia_OpenData
dc/base/EPACriteriaAirPollutants_Stations,dc/base/EPACriteriaAirPollutants_Stations,EPACriteriaAirPollutants_Stations,dc/cjj7vp,dc/s/UnitedStatesEnvironmentalProtectionAgencyEpa,https://aqs.epa.gov/aqsweb/airdata/download_files.html,,/v3_resolved_mcf/us_epa/epa_stations/latest/nodes.mcf@45,,1770491497,,,,,dc/d/UnitedStatesEnvironmentalProtectionAgencyEpa_AirData
dc/base/EPACriteriaAirPollutants,dc/base/EPACriteriaAirPollutants,EPACriteriaAirPollutants,dc/cjj7vp,dc/s/UnitedStatesEnvironmentalProtectionAgencyEpa,https://aqs.epa.gov/aqsweb/airdata/download_files.html,,,,1770491497,,,,/v3_resolved_mcf/us_epa/airdata/latest/graph.tfrecord@16.gz,dc/d/UnitedStatesEnvironmentalProtectionAgencyEpa_AirData
dc/base/EPA_AirPollutantEmission_Level1,dc/base/EPA_AirPollutantEmission_Level1,EPA_AirPollutantEmission_Level1,dc/cjj7vp,dc/s/UnitedStatesEnvironmentalProtectionAgencyEpa,https://www.epa.gov/air-emissions-inventories/national-emissions-inventory-nei,The import has variables that are directly available from EPA source for National Emissions Inventory on SCC Level 1.,,,1770491497,,,,/v3_resolved_mcf/us_epa/national_emissions_inventory_level1/latest/graph.tfrecord@1.gz,dc/d/UnitedStatesEnvironmentalProtectionAgencyEpa_NationalEmissionsInventory
dc/base/EPA_GHGRP,dc/base/EPA_GHGRP,EPA_GHGRP,dc/cjj7vp,dc/s/UnitedStatesEnvironmentalProtectionAgencyEpa,https://www.epa.gov/ghgreporting,EPA emissions data reported as part of the Greenhouse Gas Reporting Program (GHGRP).,,,1770491500,,,,/v3_resolved_mcf/epa/ghgrp_emissions/latest/graph.tfrecord@1.gz,dc/d/UnitedStatesEnvironmentalProtectionAgencyEpa_GreenhouseGasReportingProgram
dc/base/EPA_ParentCompanies,dc/base/EPA_ParentCompanies,EPA_ParentCompanies,dc/cjj7vp,dc/s/UnitedStatesEnvironmentalProtectionAgencyEpa,https://www.epa.gov/ghgreporting,,/v3_resolved_mcf/epa/parent_company/latest/table/table_nodes.mcf@1,,1770491500,,,,,dc/d/UnitedStatesEnvironmentalProtectionAgencyEpa_GreenhouseGasReportingProgram
dc/base/EPA_GHGRPFacilities,dc/base/EPA_GHGRPFacilities,EPA_GHGRPFacilities,dc/cjj7vp,dc/s/UnitedStatesEnvironmentalProtectionAgencyEpa,https://www.epa.gov/enviro/greenhouse-gas-overview,EPA facilities reporting data as part of the Greenhouse Gas Reporting Program (GHGRP).,/v3_resolved_mcf/epa/ghgrp_facility/nodes.mcf@1,,1770491500,,,,,dc/d/UnitedStatesEnvironmentalProtectionAgencyEpa_GreenhouseGasReportingProgram
dc/base/EPA_GHGRP_ParentCompanies_Ownership,dc/base/EPA_GHGRP_ParentCompanies_Ownership,EPA_GHGRP_ParentCompanies_Ownership,dc/cjj7vp,dc/s/UnitedStatesEnvironmentalProtectionAgencyEpa,https://www.epa.gov/ghgreporting,EPA facilities reporting data as part of the Greenhouse Gas Reporting Program (GHGRP).,/v3_resolved_mcf/epa/parent_company/ownership/ownership_nodes.mcf@1,,1770491500,,,,,dc/d/UnitedStatesEnvironmentalProtectionAgencyEpa_GreenhouseGasReportingProgram
dc/base/EPA_GHGRP_ParentCompanies,dc/base/EPA_GHGRP_ParentCompanies,EPA_GHGRP_ParentCompanies,dc/cjj7vp,dc/s/UnitedStatesEnvironmentalProtectionAgencyEpa,https://www.epa.gov/ghgreporting,"EPA emissions data reported as part of the Greenhouse Gas Reporting Program (GHGRP), aggregated across owner parent companies.",/v3_resolved_mcf/epa/parent_company/svobs/svobs_nodes.mcf@1,,1770491500,,,,,dc/d/UnitedStatesEnvironmentalProtectionAgencyEpa_GreenhouseGasReportingProgram
dc/base/EPA_USAirPollutantEmissionTrends_NationalAndState,dc/base/EPA_USAirPollutantEmissionTrends_NationalAndState,EPA_USAirPollutantEmissionTrends_NationalAndState,dc/cjj7vp,dc/s/UnitedStatesEnvironmentalProtectionAgencyEpa,https://www.epa.gov/air-emissions-inventories/air-pollutant-emissions-trends-data,The import has variables that are directly available from EPA source for Air Pollution Emissions.,,,1770491500,,,,/v3_resolved_mcf/us_epa/air_emissions_inventory/national_state/latest/graph.tfrecord@1.gz,dc/d/UnitedStatesEnvironmentalProtectionAgencyEpa_NationalEmissionsInventory
dc/base/EPA_USAirPollutantEmissionTrends_County,dc/base/EPA_USAirPollutantEmissionTrends_County,EPA_USAirPollutantEmissionTrends_County,dc/cjj7vp,dc/s/UnitedStatesEnvironmentalProtectionAgencyEpa,https://www.epa.gov/air-emissions-inventories/air-pollutant-emissions-trends-data,The import has variables that are directly available from EPA source for Air Pollution Emissions.,,,1770491500,,,,/v3_resolved_mcf/us_epa/air_emissions_inventory_county/graph.tfrecord@1.gz,dc/d/UnitedStatesEnvironmentalProtectionAgencyEpa_NationalEmissionsInventory
dc/base/EPA_Superfund_SiteContamination,dc/base/EPA_Superfund_SiteContamination,EPA_Superfund_SiteContamination,dc/cjj7vp,dc/s/UnitedStatesEnvironmentalProtectionAgencyEpa,https://www.epa.gov/superfund/superfund-data-and-reports,"This import uses the Contaminant of Concern Data by Media, FYs 1982-2017 dataset published by the EPA for all superfund sites on the National Priority List (NPL). (?) All the StatVarObservations are of type measurementResult.",/v3_resolved_mcf/us_epa/superfund/superfund_sites_contamination/nodes.mcf@1,,1770491500,,,,,dc/d/UnitedStatesEnvironmentalProtectionAgencyEpa_SuperfundSites
dc/base/EPA_Superfund_Sites_TarCreek,dc/base/EPA_Superfund_Sites_TarCreek,EPA_Superfund_Sites_TarCreek,dc/cjj7vp,dc/s/UnitedStatesEnvironmentalProtectionAgencyEpa,https://cumulis.epa.gov/supercpad/SiteProfiles/index.cfm?fuseaction=second.scs&id=0601269&doc=Y&colid=33990&region=06&type=SC,The import uses the EPA five-year review reports for the Tar Creek superfund site and extracts the time-series data on the level of contamination at Tar Creek by various contaminants.,/v3_resolved_mcf/us_epa/superfund/tar_creek/nodes.mcf@1,,1770491500,,,,,dc/d/UnitedStatesEnvironmentalProtectionAgencyEpa_SuperfundSites
dc/base/EPA_Superfund_SiteHazardScore,dc/base/EPA_Superfund_SiteHazardScore,EPA_Superfund_SiteHazardScore,dc/cjj7vp,dc/s/UnitedStatesEnvironmentalProtectionAgencyEpa,https://edg.epa.gov/metadata/catalog/search/resource/details.page?uuid=https://doi.org/10.23719/1519284,"This dataset is associated with the following publication: Summers, K., A. Lamaper, and K. Buck. National Hazards Vulnerability and the Remediation, Restoration and Revitalization of Contaminated Sites – 1. Superfund. ENVIRONMENTAL MANAGEMENT. Springer-Verlag, New York, NY, USA, 14, (2021).",/v3_resolved_mcf/us_epa/superfund/superfund_sites_hazard_scores/nodes.mcf@1,,1770491500,,,,,dc/d/UnitedStatesEnvironmentalProtectionAgencyEpa_SuperfundSites
dc/base/GenderIncomeInequality,dc/base/GenderIncomeInequality,GenderIncomeInequality,dc/cjj7vp,dc/s/DataCommons,https://www.datacommons.org/,,,,1770491508,,,,/v3_resolved_mcf/census_v2/inequality/gender_income/latest/graph.tfrecord@1.gz,dc/d/DataCommons_DataCommonsAggregations
dc/base/FeedingAmerica_FoodInsecurity,dc/base/FeedingAmerica_FoodInsecurity,FeedingAmerica_FoodInsecurity,dc/cjj7vp,dc/s/FeedingAmerica,https://www.feedingamerica.org/hunger-in-america,Estimates of food insecurity by FeedingAmerica at country and state level.,,,1770491508,,,,/v3_resolved_mcf/feeding_america/food_insecurity/output_files/graph.tfrecord@1.gz,dc/d/FeedingAmerica_FeedingAmericaMapMealGap
dc/base/FeedingAmerica_MapMealGap,dc/base/FeedingAmerica_MapMealGap,FeedingAmerica_MapMealGap,dc/cjj7vp,dc/s/FeedingAmerica,https://map.feedingamerica.org/,Estimates of local food insecurity and food costs produced by FeedingAmerica.,,,1770491508,,,,/v3_resolved_mcf/feeding_america/map_meal_gap/table/graph.tfrecord@1.gz,dc/d/FeedingAmerica_FeedingAmericaMapMealGap
dc/base/FEC,dc/base/FEC,FEC,dc/cjj7vp,dc/s/UnitedStatesFederalElectionCommissionFec,https://www.fec.gov/data/browse-data/?tab=bulk-data,The Federal Election Commission provides data on how candidates and committees raise and spend money on US federal elections. Please see https://datacommons.org/disclaimers for disclaimer about the scope of the financial reports.,/v3_resolved_mcf/fec/*.mcf,,1770491508,,,,,dc/d/UnitedStatesFederalElectionCommissionFec_CandidatesCommittees
dc/base/FBIHateCrimePublications,dc/base/FBIHateCrimePublications,FBIHateCrimePublications,dc/cjj7vp,dc/s/UsFederalBureauOfInvestigationFbi,https://cde.ucr.cjis.gov/LATEST/webapp/#/pages/explorer/crime/hate-crime,The FBI's UCR Program provides data on hate crimes in their annual Hate Crime Statistics publications. These publications are accessible at https://cde.ucr.cjis.gov/LATEST/webapp/#/pages/explorer/crime/hate-crime.,,,1770491508,,,,"/v3_resolved_mcf/fbi/hate_crime/latest/historical_data/graph.tfrecord@1.gz,/v3_resolved_mcf/fbi/hate_crime/latest/tables1-10/graph.tfrecord@1.gz,/v3_resolved_mcf/fbi/hate_crime/latest/table11/graph.tfrecord@1.gz,/v3_resolved_mcf/fbi/hate_crime/latest/table12/graph.tfrecord@1.gz,/v3_resolved_mcf/fbi/hate_crime/latest/table13/graph.tfrecord@1.gz,/v3_resolved_mcf/fbi/hate_crime/latest/table14/graph.tfrecord@1.gz",dc/d/UsFederalBureauOfInvestigationFbi_HateCrimeStatistics
dc/base/FBIHateCrime,dc/base/FBIHateCrime,FBIHateCrime,dc/cjj7vp,dc/s/UsFederalBureauOfInvestigationFbi,https://www.fbi.gov/services/cjis/ucr/hate-crime,,,,1770491508,,,,/v3_resolved_mcf/fbi/hate_crime/aggregated/latest/graph.tfrecord@1.gz,dc/d/UsFederalBureauOfInvestigationFbi_HateCrimeStatistics
dc/base/FireFAMWEB,dc/base/FireFAMWEB,FireFAMWEB,dc/cjj7vp,dc/s/UsNationalWildfireCoordinatingGroup,https://fam.nwcg.gov/fam-web/,The National Fire and Aviation Management hosts yearly releases of fire incidents reported through the SIT-209 application. Please see https://datacommons.org/disclaimers for disclaimers about the scope of this data.,/v3_resolved_mcf/fire/us_fires.mcf,,1770491508,,,,,dc/d/UsNationalWildfireCoordinatingGroup_NationalInteragencyFireCenterInteragencySituationReport-209Sit-209
dc/base/FireWFIGS_AggregatedAreas,dc/base/FireWFIGS_AggregatedAreas,FireWFIGS_AggregatedAreas,dc/cjj7vp,dc/s/WildlandFireInteragencyGeospatialServices,https://data-nifc.opendata.arcgis.com/,"The Wildland Fire Interagency Geospatial Services (WFIGS) Group provides authoritative geospatial data products under the interagency Wildland Fire Data Program. This dataset provides areas for all reported wildland fires in the United States at county, state and country level.",,,1770491508,,,,/v3_resolved_mcf/fire/wfigs/fire_areas/graph.tfrecord*,dc/d/WildlandFireInteragencyGeospatialServices_WfigsWildlandFireAreas
dc/base/FireWFIGS,dc/base/FireWFIGS,FireWFIGS,dc/cjj7vp,dc/s/WildlandFireInteragencyGeospatialServices,https://data-nifc.opendata.arcgis.com/,The Wildland Fire Interagency Geospatial Services (WFIGS) Group provides authoritative geospatial data products under the interagency Wildland Fire Data Program. ,"/v3_resolved_mcf/fire/wfigs/till_10_10_2022/nodes.mcf@1,/v3_resolved_mcf/fire/wfigs/post_10_10_2022/nodes.mcf@1",,1770491508,,,,,dc/d/WildlandFireInteragencyGeospatialServices_WfigsWildlandFireLocations
dc/base/FireWFIGS_Perimeter,dc/base/FireWFIGS_Perimeter,FireWFIGS_Perimeter,dc/cjj7vp,dc/s/WildlandFireInteragencyGeospatialServices,https://data-nifc.opendata.arcgis.com/maps/wfigs-wildland-fire-perimeters-full-history,The Wildland Fire Interagency Geospatial Services (WFIGS) Group provides authoritative geospatial data products under the interagency Wildland Fire Data Program. This dataset provides perimeters for all reported wildland fires in the United States. We simplify those parameters by using Ramer-Douglas-Peucker algorithm on geoJsonCoordinates with epsilon of 0.01.,/v3_resolved_mcf/fire/wfigs/perimeter/nodes.mcf@1,,1770491508,,,,,dc/d/WildlandFireInteragencyGeospatialServices_WfigsWildlandFirePerimeters
dc/base/NYU_Tennessee_Diabetes,dc/base/NYU_Tennessee_Diabetes,NYU_Tennessee_Diabetes,dc/cjj7vp,dc/s/TennesseeDepartmentOfHealth,https://www.tn.gov/health/health-program-areas/statistics/health-data/death-statistics.html,"This import utilizes official mortality data from the Tennessee Department of Health, detailing county-level death statistics.",,,1770491546,,,,/v3_resolved_mcf/nyu_diabetes/tennessee/latest/graph.tfrecord@1.gz,dc/d/TennesseeDepartmentOfHealth_TennesseeDepartmentOfHealthDeathStatistics
dc/base/NYT_COVID19,dc/base/NYT_COVID19,NYT_COVID19,dc/cjj7vp,dc/s/TheNewYorkTimes,https://www.nytimes.com/article/coronavirus-county-data-us.html,,"/v3_resolved_mcf/nyt_covid19/branch/cohortsets.mcf,/v3_resolved_mcf/nyt_covid19/branch/us.mcf,/v3_resolved_mcf/nyt_covid19/branch/us-counties.mcf,/v3_resolved_mcf/nyt_covid19/branch/us-states.mcf",,1770491546,,,,,dc/d/TheNewYorkTimes_CoronavirusCovid-19DataInTheUnitedStates
dc/base/NREL_Solar,dc/base/NREL_Solar,NREL_Solar,dc/cjj7vp,dc/s/UsNationalRenewableEnergyLaboratoryNrel,https://maps.nrel.gov/re-atlas,,/v3_resolved_mcf/nrel/REAtlas/nodes.mcf@1,,1770491546,,,,,dc/d/UsNationalRenewableEnergyLaboratoryNrel_ReAtlas
dc/base/PlacePageComparisonCohortSets,dc/base/PlacePageComparisonCohortSets,PlacePageComparisonCohortSets,dc/cjj7vp,dc/s/DataCommons,https://datacommons.org,,/v3_resolved_mcf/cohort_sets/*.mcf,,1770491547,,,,,dc/d/DataCommons_DataCommonsSchema
dc/base/OpportunityInsightsOutcomes,dc/base/OpportunityInsightsOutcomes,OpportunityInsightsOutcomes,dc/cjj7vp,dc/s/OpportunityInsights,http://opportunityinsights.org/data,,"/v3_resolved_mcf/oi/outcomes/commuting_zone/Observations_*.mcf,/v3_resolved_mcf/oi/outcomes/tract/*/Observations_*.mcf,/v3_resolved_mcf/oi/outcomes/county/*/Observations_*.mcf",,1770491547,,,,,dc/d/OpportunityInsights_TheOpportunityAtlas
dc/base/OpportunityInsightsNeighborhoods,dc/base/OpportunityInsightsNeighborhoods,OpportunityInsightsNeighborhoods,dc/cjj7vp,dc/s/OpportunityInsights,http://opportunityinsights.org,,/v3_resolved_mcf/oi/neighborhoods/*/*.mcf,,1770491547,,,,,dc/d/OpportunityInsights_TheOpportunityAtlas
dc/base/RFF_USGridGeo_WeatherVariabilityForecast,dc/base/RFF_USGridGeo_WeatherVariabilityForecast,RFF_USGridGeo_WeatherVariabilityForecast,dc/cjj7vp,dc/s/ResourcesForTheFutureRff,https://www.rff.org/publications/data-tools/,,,,1770491547,,,,/v3_resolved_mcf/rff/grid_weather_variability_forecast/graph.tfrecord@10.gz,dc/d/ResourcesForTheFutureRff_UsForecastWeatherVariability-025DegreeResolution
dc/base/RFF_USGridGeo_WeatherVariabilityHistorical,dc/base/RFF_USGridGeo_WeatherVariabilityHistorical,RFF_USGridGeo_WeatherVariabilityHistorical,dc/cjj7vp,dc/s/ResourcesForTheFutureRff,https://www.rff.org/publications/data-tools/,,,,1770491547,,,,/v3_resolved_mcf/rff/grid_weather_variability_historical/graph.tfrecord@10.gz,dc/d/ResourcesForTheFutureRff_UsHistoricalWeatherVariability-4KmResolution
dc/base/RFF_USCounty_AdditionalWeatherVariabilityHistorical,dc/base/RFF_USCounty_AdditionalWeatherVariabilityHistorical,RFF_USCounty_AdditionalWeatherVariabilityHistorical,dc/cjj7vp,dc/s/ResourcesForTheFutureRff,https://www.rff.org/publications/data-tools/,,/v3_resolved_mcf/rff/additional_county_weather_variability/nodes.mcf@17,,1770491547,,,,,dc/d/ResourcesForTheFutureRff_UsHistoricalWeatherVariability-County
dc/base/RFF_USCounty_WeatherVariabilityHistorical,dc/base/RFF_USCounty_WeatherVariabilityHistorical,RFF_USCounty_WeatherVariabilityHistorical,dc/cjj7vp,dc/s/ResourcesForTheFutureRff,https://www.rff.org/publications/data-tools/,,,,1770491547,,,,/v3_resolved_mcf/rff/county_weather_variability/graph.tfrecord@10.gz,dc/d/ResourcesForTheFutureRff_UsHistoricalWeatherVariability-County
dc/base/RFF_ClimateWildfireSmoke_ParksAbatzoglou,dc/base/RFF_ClimateWildfireSmoke_ParksAbatzoglou,RFF_ClimateWildfireSmoke_ParksAbatzoglou,dc/cjj7vp,dc/s/ResourcesForTheFutureRff,https://doi.org/10.5061/dryad.tmpg4f4x1,,,,1770491547,,,,/v3_resolved_mcf/rff/wildfire_smoke/parks_abatzoglou/graph.tfrecord@10.gz,dc/d/ResourcesForTheFutureRff_UsWildfireSmokeAndDroughtStatistics-CountyAndState
dc/base/RFF_ClimateWildfireSmoke_EchoLab,dc/base/RFF_ClimateWildfireSmoke_EchoLab,RFF_ClimateWildfireSmoke_EchoLab,dc/cjj7vp,dc/s/ResourcesForTheFutureRff,https://www.stanfordecholab.com/wildfire_smoke,,,,1770491547,,,,/v3_resolved_mcf/rff/wildfire_smoke/echo_lab/graph.tfrecord@10.gz,dc/d/ResourcesForTheFutureRff_UsWildfireSmokeAndDroughtStatistics-CountyAndState
dc/base/RFF_ClimateWildfireSmoke_PRISMComputed,dc/base/RFF_ClimateWildfireSmoke_PRISMComputed,RFF_ClimateWildfireSmoke_PRISMComputed,dc/cjj7vp,dc/s/ResourcesForTheFutureRff,https://www.rff.org/publications/data-tools/,,,,1770491547,,,,/v3_resolved_mcf/rff/wildfire_smoke/rff_computed/graph.tfrecord@10.gz,dc/d/ResourcesForTheFutureRff_UsWildfireSmokeAndDroughtStatistics-CountyAndState
dc/base/RFF_ClimateWildfireSmoke_MTBS,dc/base/RFF_ClimateWildfireSmoke_MTBS,RFF_ClimateWildfireSmoke_MTBS,dc/cjj7vp,dc/s/ResourcesForTheFutureRff,https://www.mtbs.gov,,,,1770491547,,,,/v3_resolved_mcf/rff/wildfire_smoke/mtbs/graph.tfrecord@10.gz,dc/d/ResourcesForTheFutureRff_UsWildfireSmokeAndDroughtStatistics-CountyAndState
dc/base/USA_DOL_Wages,dc/base/USA_DOL_Wages,USA_DOL_Wages,dc/cjj7vp,dc/s/UsDepartmentOfLaborDol,https://www.dol.gov/general/topic/wages,USA minimum wages presents the minimum wages for every year at country and state level. The data comes from the US Department of Labor.,,,1770491547,,,,/v3_resolved_mcf/us_wages/latest/graph.tfrecord@1.gz,dc/d/UsDepartmentOfLaborDol_UsaMinimumWages
dc/base/StormNOAA,dc/base/StormNOAA,StormNOAA,dc/cjj7vp,dc/s/UsNationalOceanicAndAtmosphericAdministrationNoaa,https://www.ncdc.noaa.gov/,,/v3_resolved_mcf/storms/20250925/*.mcf,,1770491547,,,,,dc/d/UsNationalOceanicAndAtmosphericAdministrationNoaa_NationalClimaticDataCenterStormEventsDatabase
dc/base/US_UrbanSchool_Covid_Directional_Indicators,dc/base/US_UrbanSchool_Covid_Directional_Indicators,US_UrbanSchool_Covid_Directional_Indicators,dc/cjj7vp,dc/s/OfficeOfCivilRightsData,https://ocrdata.ed.gov/,"This data is from a COVID-19 Directional Indicators (DIND) survey, specifically collected from schools for all the 52 states.",,,1770491569,,,,/v3_resolved_mcf/country/us_education/us_urbaneducation_school/covid_directional_indicators/graph.tfrecord@1.gz,dc/d/OfficeOfCivilRightsData_UsDepartmentOfEducationUrbanEducationDataCensus
dc/base/US_Texas_Diabetes,dc/base/US_Texas_Diabetes,US_Texas_Diabetes,dc/cjj7vp,dc/s/TexasDepartmentOfHealth,https://healthdata.dshs.texas.gov/dashboard/births-and-deaths/deaths,"This import utilizes official mortality data from the Texas Department of Health, detailing county-level death statistics.",,,1770491569,,,,/v3_resolved_mcf/nyu_diabetes/texas/graph.tfrecord@1.gz,dc/d/TexasDepartmentOfHealth_TexasDepartmentOfHealthDeathStatistics
dc/base/US_UrbanEducation_School,dc/base/US_UrbanEducation_School,US_UrbanEducation_School,dc/cjj7vp,dc/s/UrbanInstitute,https://educationdata.urban.org/documentation/schools.html,US Urban Education School data from US Census Bureau,,,1770491569,,,,/v3_resolved_mcf/country/us_education/us_urbaneducation_school/school_data/graph.tfrecord@14.gz,dc/d/UrbanInstitute_UsUrbanEducationDataCensus
dc/base/WeatherNOAA,dc/base/WeatherNOAA,WeatherNOAA,dc/cjj7vp,,https://www.noaa.gov/weather,,/v3_resolved_mcf/weather/empty/empty.mcf,,1770491576,,,,,
dc/base/GeneratedGraphs,dc/base/GeneratedGraphs,GeneratedGraphs,dc/cjj7vp,dc/s/DataCommons,https://datacommons.org/,,/memfile/resolved_mcfs_memfile/resolved_mcf/empty_file.mcf,,1770491576,,,,,dc/d/DataCommons_DataCommonsSchema
dc/base/UniversityData,dc/base/UniversityData,UniversityData,dc/cjj7vp,dc/s/UsDepartmentOfEducationEd,https://collegescorecard.ed.gov,,/v3_resolved_mcf/university/USColleges.mcf,,1770491576,,,,,dc/d/UsDepartmentOfEducationEd_CollegeScorecard
